순,이름,팀/포지션,정렬용,출장,이닝,ERA,FIP,RA,FIPRA,F-E,R-E,BABIP,LOB%,조정ERA,조정FIP,조정RA,조정FIPRA,조정ERA+,조정FIP+,kwERA
1,박민호,23S, 465.0 , 10 , 10.0 , 0.90 , 3.54 , 2.70 , 3.97 , 2.64 , 1.80 , .350 , 82.4 , 0.89 , 3.52 , 2.68 , 3.94 , 465.0 , 117.8 , 4.63 
2,강건,23K, 312.8 , 4 , 6.2 , 1.35 , 2.39 , 1.35 , 2.68 , 1.04 , 0.00 , .250 , 85.7 , 1.33 , 2.35 , 1.33 , 2.63 , 312.8 , 176.9 , 3.26 
3,윤정현,23키, 273.8 , 5 , 6.0 , 1.50 , 5.78 , 3.00 , 6.47 , 4.28 , 1.50 , .278 , 81.8 , 1.52 , 5.80 , 3.03 , 6.50 , 273.8 , 71.5 , 7.25 
4,백승현,23L, 259.1 , 42 , 40.0 , 1.58 , 3.87 , 1.58 , 4.33 , 2.29 , 0.00 , .236 , 90.3 , 1.60 , 3.91 , 1.60 , 4.38 , 259.1 , 106.0 , 4.51 
5,함덕주,23L, 252.5 , 57 , 55.2 , 1.62 , 2.80 , 1.94 , 3.13 , 1.18 , 0.32 , .231 , 80.6 , 1.64 , 2.80 , 1.97 , 3.14 , 252.5 , 148.0 , 3.40 
6,주현상,23한, 211.7 , 55 , 59.2 , 1.96 , 3.22 , 1.96 , 3.61 , 1.26 , 0.00 , .209 , 79.7 , 1.96 , 3.23 , 1.96 , 3.61 , 211.7 , 128.5 , 3.82 
7,페디,23N, 208.6 , 30 , 180.1 , 2.00 , 2.42 , 2.30 , 2.71 , 0.43 , 0.30 , .287 , 79.6 , 1.99 , 2.38 , 2.29 , 2.67 , 208.6 , 174.2 , 2.45 
8,김창훈,23롯, 200.3 , 3 , 4.1 , 2.08 , 3.67 , 2.08 , 4.11 , 1.60 , 0.00 , .333 , 83.3 , 2.07 , 3.67 , 2.07 , 4.10 , 200.3 , 113.1 , 5.40 
9,최지민,23K, 194.5 , 58 , 59.1 , 2.12 , 4.30 , 2.58 , 4.82 , 2.18 , 0.46 , .250 , 83.6 , 2.13 , 4.34 , 2.59 , 4.86 , 194.5 , 95.6 , 4.51 
10,류진욱,23N, 193.8 , 70 , 67.0 , 2.15 , 3.22 , 2.55 , 3.60 , 1.07 , 0.40 , .238 , 75.8 , 2.14 , 3.18 , 2.54 , 3.56 , 193.8 , 130.3 , 4.06 
11,전상현,23K, 192.4 , 64 , 58.2 , 2.15 , 3.14 , 3.07 , 3.51 , 0.99 , 0.92 , .295 , 75.4 , 2.16 , 3.16 , 3.08 , 3.54 , 192.4 , 131.3 , 4.25 
12,김진성,23L, 187.6 , 80 , 70.1 , 2.18 , 4.07 , 2.18 , 4.55 , 1.89 , 0.00 , .205 , 89.6 , 2.21 , 4.17 , 2.21 , 4.67 , 187.6 , 99.4 , 3.49 
13,윌커슨,23롯, 184.1 , 13 , 79.2 , 2.26 , 2.73 , 3.16 , 3.05 , 0.47 , 0.90 , .296 , 71.9 , 2.25 , 2.74 , 3.15 , 3.07 , 184.1 , 151.4 , 3.16 
14,이건욱,23S, 179.8 , 27 , 38.2 , 2.33 , 3.78 , 3.03 , 4.23 , 1.45 , 0.70 , .287 , 77.6 , 2.31 , 3.77 , 3.00 , 4.22 , 179.8 , 110.1 , 4.97 
15,이상규,23L, 173.8 , 8 , 7.2 , 2.35 , 3.83 , 2.35 , 4.29 , 1.49 , 0.00 , .304 , 83.3 , 2.39 , 3.83 , 2.39 , 4.29 , 173.8 , 108.2 , 5.05 
16,홍원표,23삼, 172.5 , 3 , 3.2 , 2.45 , 4.53 , 2.45 , 5.07 , 2.08 , 0.00 , .167 , 75.0 , 2.40 , 4.55 , 2.40 , 5.09 , 172.5 , 91.2 , 6.20 
17,안우진,23키, 171.9 , 24 , 150.2 , 2.39 , 2.45 , 2.63 , 2.75 , 0.06 , 0.24 , .294 , 75.8 , 2.41 , 2.52 , 2.65 , 2.82 , 171.9 , 164.8 , 2.91 
18,플럿코,23L, 169.5 , 21 , 123.1 , 2.41 , 3.13 , 2.70 , 3.51 , 0.73 , 0.29 , .301 , 78.9 , 2.45 , 3.17 , 2.74 , 3.55 , 169.5 , 131.0 , 3.75 
,최준용,23롯, 169.5 , 47 , 47.2 , 2.45 , 3.44 , 2.83 , 3.85 , 0.99 , 0.38 , .327 , 81.6 , 2.45 , 3.47 , 2.82 , 3.88 , 169.5 , 119.7 , 4.14 
20,윤대경,23한, 169.2 , 47 , 47.2 , 2.45 , 4.93 , 3.40 , 5.52 , 2.48 , 0.94 , .227 , 77.6 , 2.45 , 4.92 , 3.40 , 5.51 , 169.2 , 84.2 , 4.86 
21,서진용,23S, 169.0 , 69 , 72.2 , 2.48 , 4.19 , 2.72 , 4.69 , 1.71 , 0.25 , .295 , 83.8 , 2.46 , 4.13 , 2.70 , 4.63 , 169.0 , 100.3 , 4.84 
22,뷰캐넌,23삼, 166.9 , 30 , 188.0 , 2.54 , 3.01 , 3.40 , 3.37 , 0.47 , 0.86 , .291 , 69.9 , 2.49 , 3.00 , 3.33 , 3.36 , 166.9 , 138.1 , 3.93 
23,송은범,23L, 166.3 , 4 , 3.2 , 2.45 , 4.81 , 2.45 , 5.38 , 2.35 , 0.00 , .500 , 88.9 , 2.49 , 4.81 , 2.49 , 5.39 , 166.3 , 86.2 , 6.11 
,윤호솔,23L, 166.3 , 4 , 3.2 , 2.45 , 3.72 , 2.45 , 4.16 , 1.26 , 0.00 , .300 , 83.3 , 2.49 , 3.71 , 2.49 , 4.16 , 166.3 , 111.7 , 4.69 
25,임창민,23키, 163.8 , 51 , 46.2 , 2.51 , 3.59 , 3.09 , 4.02 , 1.08 , 0.58 , .331 , 82.1 , 2.53 , 3.67 , 3.12 , 4.11 , 163.8 , 113.1 , 4.08 
26,브랜든,23두, 163.3 , 18 , 104.2 , 2.49 , 3.23 , 2.92 , 3.62 , 0.74 , 0.43 , .278 , 75.6 , 2.54 , 3.29 , 2.98 , 3.68 , 163.3 , 126.3 , 3.43 
27,쿠에바스,23K, 162.6 , 18 , 114.1 , 2.60 , 2.80 , 2.60 , 3.14 , 0.21 , 0.00 , .280 , 76.3 , 2.55 , 2.78 , 2.55 , 3.11 , 162.6 , 149.5 , 3.42 
28,김재윤,23K, 162.2 , 59 , 65.2 , 2.60 , 2.42 , 2.88 , 2.71 , -0.18 , 0.27 , .292 , 72.1 , 2.56 , 2.39 , 2.83 , 2.67 , 162.2 , 173.7 , 3.25 
29,이호성,23삼, 160.0 , 5 , 17.0 , 2.65 , 4.68 , 2.65 , 5.24 , 2.03 , 0.00 , .213 , 81.6 , 2.59 , 4.66 , 2.59 , 5.22 , 160.0 , 89.0 , 5.23 
30,이민우,23한, 157.6 , 17 , 13.2 , 2.63 , 5.05 , 3.95 , 5.66 , 2.42 , 1.32 , .162 , 71.4 , 2.63 , 5.05 , 3.95 , 5.65 , 157.6 , 82.1 , 4.35 
31,후라도,23키, 155.2 , 30 , 183.2 , 2.65 , 3.15 , 3.14 , 3.53 , 0.51 , 0.49 , .283 , 73.5 , 2.67 , 3.21 , 3.17 , 3.60 , 155.2 , 129.1 , 3.73 
32,심창민,23N, 154.2 , 5 , 3.1 , 2.70 , 5.84 , 5.40 , 6.54 , 3.14 , 2.70 , .286 , 75.0 , 2.69 , 5.77 , 5.38 , 6.46 , 154.2 , 71.8 , 5.40 
33,박영현,23K, 153.7 , 68 , 75.1 , 2.75 , 2.70 , 2.99 , 3.02 , -0.05 , 0.24 , .309 , 75.2 , 2.70 , 2.66 , 2.93 , 2.98 , 153.7 , 155.9 , 3.22 
34,알칸타라,23두, 152.5 , 31 , 192.0 , 2.67 , 3.45 , 3.14 , 3.86 , 0.78 , 0.47 , .282 , 76.4 , 2.72 , 3.57 , 3.20 , 4.00 , 152.5 , 116.2 , 3.44 
35,고영표,23K, 151.8 , 28 , 174.2 , 2.78 , 3.12 , 2.94 , 3.50 , 0.34 , 0.15 , .314 , 76.3 , 2.73 , 3.10 , 2.89 , 3.47 , 151.8 , 133.7 , 3.79 
36,김진호,23N, 151.2 , 19 , 16.1 , 2.76 , 2.77 , 2.76 , 3.10 , 0.01 , 0.00 , .375 , 80.8 , 2.74 , 2.73 , 2.74 , 3.06 , 151.2 , 151.7 , 3.43 
,김규연,23한, 151.2 , 23 , 19.2 , 2.75 , 3.24 , 3.20 , 3.63 , 0.49 , 0.46 , .308 , 75.0 , 2.74 , 3.24 , 3.20 , 3.63 , 151.2 , 127.9 , 3.99 
38,태너,23N, 142.5 , 11 , 64.2 , 2.92 , 3.84 , 3.62 , 4.30 , 0.92 , 0.70 , .269 , 72.3 , 2.91 , 3.79 , 3.60 , 4.24 , 142.5 , 109.6 , 3.86 
39,정해영,23K, 141.5 , 52 , 49.1 , 2.92 , 4.11 , 3.28 , 4.60 , 1.19 , 0.36 , .317 , 80.2 , 2.93 , 4.15 , 3.30 , 4.65 , 141.5 , 99.9 , 4.85 
40,곽빈,23두, 140.6 , 23 , 127.1 , 2.90 , 3.98 , 3.11 , 4.45 , 1.08 , 0.21 , .260 , 77.1 , 2.95 , 4.06 , 3.17 , 4.54 , 140.6 , 102.2 , 4.30 
,구창모,23N, 140.6 , 11 , 51.2 , 2.96 , 3.21 , 3.31 , 3.59 , 0.25 , 0.35 , .264 , 72.3 , 2.95 , 3.15 , 3.30 , 3.53 , 140.6 , 131.7 , 3.06 
42,김원중,23롯, 140.1 , 63 , 63.2 , 2.97 , 2.55 , 3.39 , 2.85 , -0.42 , 0.42 , .327 , 72.9 , 2.96 , 2.56 , 3.38 , 2.86 , 140.1 , 162.2 , 2.82 
43,임기영,23K, 139.4 , 64 , 82.0 , 2.96 , 3.88 , 3.18 , 4.34 , 0.92 , 0.22 , .216 , 71.6 , 2.98 , 3.92 , 3.20 , 4.39 , 139.4 , 105.7 , 3.99 
44,김강현,23롯, 138.7 , 2 , 3.0 , 3.00 , 6.44 , 3.00 , 7.21 , 3.44 , 0.00 , .111 , 75.0 , 2.99 , 6.42 , 2.99 , 7.19 , 138.7 , 64.6 , 7.25 
45,김영규,23N, 135.9 , 63 , 61.2 , 3.06 , 3.43 , 3.21 , 3.84 , 0.36 , 0.15 , .252 , 71.0 , 3.05 , 3.39 , 3.20 , 3.79 , 135.9 , 122.4 , 4.19 
46,김상수,23롯, 133.5 , 66 , 52.0 , 3.12 , 3.69 , 3.81 , 4.13 , 0.58 , 0.69 , .286 , 69.5 , 3.11 , 3.69 , 3.80 , 4.13 , 133.5 , 112.4 , 4.57 
47,원태인,23삼, 133.2 , 26 , 150.0 , 3.18 , 4.14 , 3.66 , 4.64 , 0.96 , 0.48 , .300 , 77.1 , 3.11 , 4.09 , 3.58 , 4.57 , 133.2 , 101.5 , 4.11 
48,진해수,23L, 133.0 , 19 , 14.2 , 3.07 , 5.62 , 4.91 , 6.30 , 2.56 , 1.84 , .333 , 79.4 , 3.12 , 5.76 , 4.99 , 6.45 , 133.0 , 72.0 , 5.07 
49,홍건희,23두, 132.9 , 64 , 61.2 , 3.06 , 3.30 , 4.09 , 3.69 , 0.23 , 1.02 , .348 , 73.8 , 3.12 , 3.38 , 4.16 , 3.78 , 132.9 , 122.7 , 3.75 
50,이준영,23K, 128.8 , 64 , 33.2 , 3.21 , 3.71 , 3.21 , 4.15 , 0.50 , 0.00 , .277 , 76.5 , 3.22 , 3.72 , 3.22 , 4.16 , 128.8 , 111.6 , 4.84 
51,이태양,23한, 128.6 , 50 , 100.1 , 3.23 , 3.57 , 3.95 , 4.00 , 0.34 , 0.72 , .298 , 70.1 , 3.23 , 3.57 , 3.94 , 4.00 , 128.6 , 116.1 , 3.92 
52,최동환,23L, 128.0 , 45 , 42.1 , 3.19 , 4.08 , 3.83 , 4.57 , 0.89 , 0.64 , .285 , 72.6 , 3.24 , 4.10 , 3.89 , 4.59 , 128.0 , 101.1 , 5.21 
53,반즈,23롯, 127.0 , 30 , 170.1 , 3.28 , 3.41 , 3.59 , 3.81 , 0.13 , 0.32 , .329 , 74.5 , 3.27 , 3.42 , 3.58 , 3.83 , 127.0 , 121.3 , 3.91 
54,이재희,23삼, 125.5 , 2 , 8.0 , 3.38 , 5.69 , 3.38 , 6.37 , 2.32 , 0.00 , .136 , 78.9 , 3.31 , 5.63 , 3.31 , 6.30 , 125.5 , 73.7 , 5.40 
,박권후,23삼, 125.5 , 4 , 2.2 , 3.38 , 9.44 , 6.75 , 10.57 , 6.07 , 3.38 , .273 , 83.3 , 3.31 , 9.20 , 6.61 , 10.30 , 125.5 , 45.1 , 6.32 
56,이상영,23L, 124.7 , 6 , 11.0 , 3.27 , 5.72 , 4.09 , 6.40 , 2.44 , 0.82 , .324 , 78.3 , 3.33 , 5.74 , 4.16 , 6.42 , 124.7 , 72.3 , 6.29 
57,맥카티,23S, 123.4 , 24 , 130.0 , 3.39 , 3.72 , 4.02 , 4.16 , 0.33 , 0.62 , .310 , 71.8 , 3.36 , 3.64 , 3.98 , 4.08 , 123.4 , 114.0 , 3.83 
,손동현,23K, 123.4 , 64 , 73.2 , 3.42 , 4.09 , 3.79 , 4.58 , 0.67 , 0.37 , .280 , 71.1 , 3.36 , 4.08 , 3.72 , 4.57 , 123.4 , 101.6 , 4.60 
59,이진하,23롯, 123.3 , 9 , 8.0 , 3.38 , 4.44 , 3.38 , 4.97 , 1.07 , 0.00 , .160 , 62.5 , 3.36 , 4.43 , 3.36 , 4.96 , 123.3 , 93.6 , 5.79 
60,장시환,23한, 123.0 , 39 , 34.2 , 3.38 , 4.51 , 3.38 , 5.05 , 1.14 , 0.00 , .310 , 79.1 , 3.37 , 4.51 , 3.37 , 5.04 , 123.0 , 92.0 , 5.16 
61,오승환,23삼, 122.9 , 58 , 62.2 , 3.45 , 4.67 , 3.73 , 5.23 , 1.22 , 0.29 , .254 , 78.2 , 3.38 , 4.59 , 3.66 , 5.13 , 122.9 , 90.5 , 4.08 
62,박세웅,23롯, 120.7 , 27 , 154.0 , 3.45 , 3.65 , 4.09 , 4.09 , 0.20 , 0.64 , .304 , 70.1 , 3.44 , 3.68 , 4.08 , 4.12 , 120.7 , 112.8 , 4.12 
63,임찬규,23L, 119.3 , 30 , 144.2 , 3.42 , 4.12 , 3.92 , 4.61 , 0.70 , 0.50 , .291 , 73.8 , 3.48 , 4.19 , 3.98 , 4.69 , 119.3 , 99.1 , 4.47 
64,벤자민,23K, 119.2 , 29 , 160.0 , 3.54 , 3.34 , 4.44 , 3.73 , -0.21 , 0.90 , .299 , 65.5 , 3.48 , 3.31 , 4.37 , 3.70 , 119.2 , 125.5 , 3.44 
65,김광현,23S, 118.6 , 30 , 168.1 , 3.53 , 4.16 , 4.01 , 4.66 , 0.63 , 0.48 , .301 , 72.9 , 3.50 , 4.09 , 3.97 , 4.58 , 118.6 , 101.3 , 4.58 
,유영찬,23L, 118.6 , 67 , 68.0 , 3.44 , 4.58 , 3.57 , 5.12 , 1.13 , 0.13 , .262 , 77.8 , 3.50 , 4.63 , 3.63 , 5.19 , 118.6 , 89.5 , 4.81 
67,이승현,23삼, 117.6 , 60 , 60.0 , 3.60 , 3.83 , 4.35 , 4.28 , 0.23 , 0.75 , .317 , 71.1 , 3.53 , 3.78 , 4.26 , 4.23 , 117.6 , 109.8 , 4.17 
68,박승주,23키, 117.3 , 18 , 18.0 , 3.50 , 5.72 , 5.50 , 6.40 , 2.22 , 2.00 , .293 , 73.7 , 3.54 , 5.85 , 5.56 , 6.55 , 117.3 , 70.9 , 5.14 
69,양현종,23K, 117.2 , 29 , 171.0 , 3.53 , 3.72 , 4.11 , 4.16 , 0.19 , 0.58 , .320 , 71.6 , 3.54 , 3.76 , 4.12 , 4.21 , 117.2 , 110.4 , 4.00 
70,노경은,23S, 117.0 , 76 , 83.0 , 3.58 , 3.77 , 3.58 , 4.22 , 0.19 , 0.00 , .307 , 75.6 , 3.55 , 3.71 , 3.55 , 4.15 , 117.0 , 111.8 , 4.43 
71,엄상백,23K, 116.4 , 20 , 111.2 , 3.63 , 3.38 , 3.71 , 3.78 , -0.25 , 0.08 , .290 , 69.3 , 3.56 , 3.36 , 3.64 , 3.76 , 116.4 , 123.6 , 3.81 
72,이우찬,23L, 115.9 , 38 , 38.1 , 3.52 , 3.78 , 3.52 , 4.23 , 0.26 , 0.00 , .324 , 74.6 , 3.58 , 3.81 , 3.58 , 4.26 , 115.9 , 109.0 , 4.48 
73,백정현,23삼, 115.5 , 18 , 100.2 , 3.67 , 3.84 , 3.93 , 4.30 , 0.17 , 0.27 , .298 , 70.7 , 3.59 , 3.81 , 3.85 , 4.26 , 115.5 , 108.9 , 4.51 
74,페냐,23한, 115.2 , 32 , 177.1 , 3.60 , 4.10 , 4.16 , 4.59 , 0.49 , 0.56 , .268 , 69.8 , 3.60 , 4.10 , 4.16 , 4.59 , 115.2 , 101.3 , 3.99 
75,박상원,23한, 113.8 , 55 , 61.2 , 3.65 , 3.38 , 5.11 , 3.78 , -0.27 , 1.46 , .337 , 65.1 , 3.65 , 3.38 , 5.10 , 3.79 , 113.8 , 122.6 , 4.19 
76,박치국,23두, 113.5 , 62 , 52.2 , 3.59 , 3.78 , 3.76 , 4.24 , 0.20 , 0.17 , .323 , 76.5 , 3.65 , 3.86 , 3.83 , 4.33 , 113.5 , 107.3 , 4.03 
77,김성진,23키, 112.9 , 55 , 47.0 , 3.64 , 4.74 , 3.64 , 5.31 , 1.10 , 0.00 , .287 , 81.0 , 3.68 , 4.86 , 3.68 , 5.44 , 112.9 , 85.4 , 4.65 
78,한재승,23N, 111.8 , 11 , 9.2 , 3.72 , 5.62 , 4.66 , 6.29 , 1.89 , 0.93 , .259 , 80.4 , 3.71 , 5.49 , 4.64 , 6.14 , 111.8 , 75.6 , 4.04 
79,문동주,23한, 111.7 , 23 , 118.2 , 3.72 , 3.66 , 3.94 , 4.10 , -0.06 , 0.23 , .302 , 71.0 , 3.71 , 3.67 , 3.94 , 4.10 , 111.7 , 113.2 , 4.14 
,김명신,23두, 111.7 , 70 , 79.0 , 3.65 , 3.43 , 3.87 , 3.84 , -0.22 , 0.23 , .301 , 70.4 , 3.71 , 3.48 , 3.94 , 3.89 , 111.7 , 119.3 , 4.03 
81,엘리아스,23S, 111.0 , 22 , 131.1 , 3.77 , 4.08 , 3.97 , 4.57 , 0.31 , 0.21 , .318 , 74.6 , 3.74 , 3.99 , 3.94 , 4.46 , 111.0 , 104.0 , 4.09 
82,고우석,23L, 110.9 , 44 , 44.0 , 3.68 , 3.06 , 3.89 , 3.42 , -0.63 , 0.20 , .356 , 73.5 , 3.74 , 3.09 , 3.95 , 3.46 , 110.9 , 134.3 , 3.06 
83,심재민,23K롯, 110.3 , 33 , 47.2 , 3.78 , 3.90 , 4.34 , 4.37 , 0.13 , 0.57 , .335 , 72.4 , 3.76 , 3.93 , 4.33 , 4.40 , 110.3 , 105.6 , 4.79 
84,앤더슨,23K, 109.9 , 14 , 79.0 , 3.76 , 3.87 , 4.78 , 4.34 , 0.11 , 1.03 , .298 , 64.9 , 3.77 , 3.91 , 4.80 , 4.38 , 109.9 , 106.0 , 4.04 
85,산체스,23한, 109.7 , 24 , 126.0 , 3.79 , 3.97 , 4.43 , 4.45 , 0.19 , 0.64 , .316 , 71.1 , 3.78 , 3.97 , 4.42 , 4.45 , 109.7 , 104.4 , 3.82 
86,나균안,23롯, 109.5 , 23 , 130.1 , 3.80 , 3.55 , 4.21 , 3.97 , -0.25 , 0.41 , .335 , 71.7 , 3.79 , 3.59 , 4.20 , 4.02 , 109.5 , 115.7 , 3.88 
,김정운,23K, 109.5 , 5 , 7.0 , 3.86 , 6.01 , 5.14 , 6.73 , 2.16 , 1.29 , .250 , 71.4 , 3.79 , 5.99 , 5.05 , 6.71 , 109.5 , 69.2 , 6.43 
,박세진,23K, 109.5 , 16 , 11.2 , 3.86 , 6.44 , 6.17 , 7.21 , 2.58 , 2.31 , .342 , 76.1 , 3.79 , 6.41 , 6.06 , 7.18 , 109.5 , 64.7 , 6.13 
89,수아레즈,23삼, 108.1 , 19 , 108.0 , 3.92 , 3.12 , 4.50 , 3.49 , -0.80 , 0.58 , .362 , 68.6 , 3.84 , 3.12 , 4.41 , 3.49 , 108.1 , 133.1 , 4.00 
90,이재익,23삼, 107.2 , 51 , 41.0 , 3.95 , 4.15 , 4.17 , 4.65 , 0.20 , 0.22 , .326 , 74.8 , 3.87 , 4.10 , 4.08 , 4.59 , 107.2 , 101.3 , 4.80 
91,윤중현,23K, 107.1 , 31 , 28.0 , 3.86 , 4.87 , 4.18 , 5.45 , 1.01 , 0.32 , .294 , 72.6 , 3.87 , 4.91 , 4.20 , 5.50 , 107.1 , 84.5 , 5.61 
92,켈리,23L, 106.6 , 30 , 178.2 , 3.83 , 3.47 , 4.38 , 3.88 , -0.36 , 0.55 , .311 , 65.9 , 3.89 , 3.52 , 4.45 , 3.94 , 106.6 , 118.0 , 3.95 
93,이상동,23K, 106.0 , 36 , 40.2 , 3.98 , 3.57 , 4.20 , 3.99 , -0.42 , 0.22 , .360 , 75.4 , 3.91 , 3.53 , 4.13 , 3.95 , 106.0 , 117.5 , 3.52 
94,한승주,23한, 105.2 , 47 , 70.2 , 3.95 , 4.39 , 4.33 , 4.91 , 0.44 , 0.38 , .338 , 76.2 , 3.94 , 4.39 , 4.33 , 4.91 , 105.2 , 94.5 , 4.50 
95,구승민,23롯, 105.1 , 67 , 63.2 , 3.96 , 3.79 , 4.52 , 4.24 , -0.17 , 0.57 , .345 , 71.7 , 3.95 , 3.82 , 4.51 , 4.28 , 105.1 , 108.6 , 3.86 
96,신민혁,23N, 104.5 , 29 , 122.0 , 3.98 , 4.11 , 4.65 , 4.60 , 0.12 , 0.66 , .291 , 67.5 , 3.97 , 4.04 , 4.63 , 4.52 , 104.5 , 102.8 , 3.73 
97,이의리,23K, 104.2 , 28 , 131.2 , 3.96 , 3.75 , 4.37 , 4.19 , -0.22 , 0.41 , .300 , 70.6 , 3.98 , 3.76 , 4.39 , 4.21 , 104.2 , 110.4 , 4.14 
98,정철원,23두, 102.8 , 67 , 72.2 , 3.96 , 4.68 , 4.46 , 5.24 , 0.72 , 0.50 , .272 , 72.1 , 4.04 , 4.84 , 4.54 , 5.42 , 102.8 , 85.6 , 4.52 
,이지강,23L, 102.8 , 22 , 68.0 , 3.97 , 4.72 , 5.96 , 5.29 , 0.75 , 1.99 , .257 , 56.9 , 4.04 , 4.79 , 6.05 , 5.36 , 102.8 , 86.7 , 5.00 
100,최승용,23두, 102.5 , 34 , 111.0 , 3.97 , 4.05 , 4.38 , 4.53 , 0.07 , 0.41 , .312 , 70.7 , 4.05 , 4.17 , 4.46 , 4.67 , 102.5 , 99.5 , 4.20 
,조민석,23N, 102.5 , 35 , 31.0 , 4.06 , 4.12 , 4.35 , 4.61 , 0.06 , 0.29 , .356 , 74.2 , 4.05 , 4.07 , 4.34 , 4.55 , 102.5 , 102.0 , 4.17 
102,윤영철,23K, 102.4 , 25 , 122.2 , 4.04 , 4.47 , 4.33 , 5.00 , 0.43 , 0.29 , .291 , 71.7 , 4.05 , 4.51 , 4.35 , 5.05 , 102.4 , 92.0 , 4.81 
103,문용익,23삼, 102.0 , 14 , 13.0 , 4.15 , 4.83 , 4.15 , 5.40 , 0.67 , 0.00 , .250 , 72.7 , 4.07 , 4.87 , 4.07 , 5.45 , 102.0 , 85.3 , 5.40 
104,장현식,23K, 101.8 , 56 , 51.0 , 4.06 , 4.78 , 4.59 , 5.35 , 0.72 , 0.53 , .351 , 77.0 , 4.08 , 4.84 , 4.61 , 5.42 , 101.8 , 85.7 , 4.44 
105,이용찬,23N, 100.8 , 60 , 61.0 , 4.13 , 3.87 , 4.13 , 4.33 , -0.26 , 0.00 , .279 , 69.1 , 4.11 , 3.81 , 4.11 , 4.27 , 100.8 , 108.9 , 3.89 
106,최민준,23S, 99.6 , 53 , 60.0 , 4.20 , 4.68 , 4.35 , 5.23 , 0.48 , 0.15 , .352 , 77.5 , 4.16 , 4.56 , 4.31 , 5.11 , 99.6 , 90.9 , 4.58 
107,문성현,23키, 99.4 , 32 , 28.1 , 4.13 , 5.00 , 5.08 , 5.59 , 0.87 , 0.95 , .274 , 70.1 , 4.17 , 5.08 , 5.13 , 5.68 , 99.4 , 81.7 , 5.31 
108,김범수,23한, 99.2 , 76 , 62.1 , 4.19 , 3.89 , 4.76 , 4.36 , -0.30 , 0.58 , .321 , 69.9 , 4.18 , 3.90 , 4.76 , 4.36 , 99.2 , 106.5 , 4.59 
109,김동주,23두, 98.5 , 18 , 78.1 , 4.14 , 4.26 , 4.25 , 4.77 , 0.12 , 0.11 , .301 , 71.4 , 4.21 , 4.36 , 4.33 , 4.88 , 98.5 , 95.2 , 4.54 
110,이정용,23L, 98.3 , 37 , 86.2 , 4.15 , 3.77 , 4.67 , 4.22 , -0.39 , 0.52 , .316 , 66.7 , 4.22 , 3.82 , 4.75 , 4.28 , 98.3 , 108.5 , 4.43 
111,박정수,23두, 97.6 , 25 , 36.2 , 4.17 , 4.15 , 5.40 , 4.65 , -0.02 , 1.23 , .330 , 65.4 , 4.25 , 4.19 , 5.50 , 4.69 , 97.6 , 99.0 , 4.67 
112,이선우,23K, 97.3 , 22 , 37.1 , 4.34 , 4.94 , 4.82 , 5.53 , 0.60 , 0.48 , .331 , 75.5 , 4.26 , 4.94 , 4.74 , 5.53 , 97.3 , 84.0 , 4.33 
113,김재웅,23키, 97.2 , 67 , 59.2 , 4.22 , 3.49 , 4.37 , 3.91 , -0.73 , 0.15 , .307 , 66.1 , 4.27 , 3.55 , 4.42 , 3.97 , 97.2 , 116.9 , 4.34 
114,전용주,23K, 97.0 , 15 , 10.1 , 4.35 , 3.73 , 4.35 , 4.18 , -0.62 , 0.00 , .222 , 61.5 , 4.28 , 3.70 , 4.28 , 4.14 , 97.0 , 112.2 , 4.56 
115,파노니,23K, 96.9 , 16 , 82.1 , 4.26 , 3.70 , 4.48 , 4.14 , -0.57 , 0.22 , .320 , 68.2 , 4.28 , 3.74 , 4.50 , 4.18 , 96.9 , 111.0 , 3.93 
,이용준,23N, 96.9 , 24 , 67.0 , 4.30 , 4.98 , 5.24 , 5.58 , 0.68 , 0.94 , .274 , 67.7 , 4.28 , 4.91 , 5.22 , 5.50 , 96.9 , 84.5 , 5.16 
,김승현,23K, 96.9 , 10 , 12.2 , 4.26 , 5.97 , 4.26 , 6.68 , 1.71 , 0.00 , .270 , 77.7 , 4.28 , 6.00 , 4.28 , 6.71 , 96.9 , 69.2 , 6.03 
118,김강률,23두, 96.8 , 32 , 25.2 , 4.21 , 4.46 , 4.91 , 4.99 , 0.25 , 0.70 , .273 , 67.3 , 4.28 , 4.57 , 5.00 , 5.12 , 96.8 , 90.7 , 4.46 
119,김윤식,23L, 96.7 , 17 , 74.2 , 4.22 , 4.14 , 4.22 , 4.63 , -0.08 , 0.00 , .337 , 72.9 , 4.29 , 4.19 , 4.29 , 4.69 , 96.7 , 98.9 , 4.76 
120,주권,23K, 95.9 , 42 , 47.0 , 4.40 , 5.04 , 4.40 , 5.64 , 0.63 , 0.00 , .285 , 73.0 , 4.33 , 5.03 , 4.33 , 5.63 , 95.9 , 82.4 , 5.52 
121,최원태,23키L, 95.4 , 26 , 146.2 , 4.30 , 3.94 , 4.48 , 4.41 , -0.36 , 0.18 , .312 , 69.7 , 4.35 , 4.03 , 4.53 , 4.51 , 95.4 , 102.9 , 4.03 
122,스트레일리,23롯, 95.2 , 16 , 80.1 , 4.37 , 4.43 , 4.82 , 4.96 , 0.06 , 0.45 , .318 , 71.3 , 4.36 , 4.47 , 4.80 , 5.00 , 95.2 , 92.8 , 4.31 
123,김민규,23두, 94.3 , 6 , 8.1 , 4.32 , 4.40 , 5.40 , 4.93 , 0.08 , 1.08 , .240 , 58.3 , 4.40 , 4.41 , 5.50 , 4.93 , 94.3 , 94.1 , 5.08 
124,배제성,23K, 94.1 , 26 , 130.1 , 4.49 , 4.65 , 4.97 , 5.20 , 0.16 , 0.48 , .326 , 70.4 , 4.41 , 4.63 , 4.88 , 5.18 , 94.1 , 89.7 , 5.36 
,김대우,23삼, 94.1 , 44 , 64.0 , 4.50 , 4.46 , 5.20 , 4.99 , -0.04 , 0.70 , .309 , 66.5 , 4.41 , 4.40 , 5.10 , 4.92 , 94.1 , 94.3 , 4.23 
,김태현,23N, 94.1 , 16 , 20.1 , 4.43 , 6.69 , 5.75 , 7.49 , 2.26 , 1.33 , .224 , 70.9 , 4.41 , 6.56 , 5.73 , 7.35 , 94.1 , 63.2 , 5.27 
127,김시훈,23N, 93.7 , 61 , 52.2 , 4.44 , 4.32 , 5.47 , 4.83 , -0.13 , 1.03 , .351 , 68.3 , 4.43 , 4.25 , 5.45 , 4.76 , 93.7 , 97.5 , 4.67 
128,요키시,23키, 93.6 , 12 , 65.2 , 4.39 , 3.21 , 5.07 , 3.60 , -1.17 , 0.69 , .369 , 65.4 , 4.43 , 3.28 , 5.12 , 3.67 , 93.6 , 126.6 , 3.85 
129,고효준,23S, 93.0 , 73 , 58.0 , 4.50 , 4.17 , 4.97 , 4.66 , -0.33 , 0.47 , .317 , 69.0 , 4.46 , 4.11 , 4.92 , 4.60 , 93.0 , 101.1 , 4.30 
130,류원석,23한, 92.3 , 1 , 2.0 , 4.50 , 3.94 , 4.50 , 4.41 , -0.56 , 0.00 , .167 , 50.0 , 4.50 , 3.92 , 4.50 , 4.39 , 92.3 , 105.7 , 3.90 
131,박준표,23K, 91.8 , 33 , 28.0 , 4.50 , 4.76 , 5.14 , 5.33 , 0.26 , 0.64 , .272 , 64.0 , 4.52 , 4.82 , 5.16 , 5.40 , 91.8 , 86.0 , 4.99 
132,이재학,23N, 91.6 , 15 , 67.1 , 4.54 , 5.02 , 4.81 , 5.62 , 0.47 , 0.27 , .244 , 67.4 , 4.53 , 4.95 , 4.79 , 5.54 , 91.6 , 83.8 , 4.99 
133,윤석원,23키, 91.3 , 21 , 24.0 , 4.50 , 4.73 , 6.38 , 5.30 , 0.23 , 1.88 , .307 , 58.5 , 4.55 , 4.81 , 6.44 , 5.39 , 91.3 , 86.2 , 5.40 
134,하준영,23N, 90.7 , 57 , 49.0 , 4.59 , 3.73 , 4.59 , 4.17 , -0.86 , 0.00 , .345 , 71.2 , 4.57 , 3.66 , 4.57 , 4.10 , 90.7 , 113.2 , 3.73 
135,김기훈,23K, 89.9 , 29 , 31.1 , 4.60 , 5.42 , 6.32 , 6.07 , 0.83 , 1.72 , .308 , 67.2 , 4.61 , 5.41 , 6.34 , 6.05 , 89.9 , 76.7 , 6.25 
136,김기중,23한, 89.6 , 37 , 56.1 , 4.63 , 4.70 , 5.27 , 5.27 , 0.07 , 0.64 , .338 , 69.7 , 4.63 , 4.70 , 5.27 , 5.26 , 89.6 , 88.3 , 4.59 
137,신정락,23롯, 89.4 , 34 , 29.0 , 4.66 , 4.44 , 4.66 , 4.97 , -0.21 , 0.00 , .346 , 76.7 , 4.64 , 4.56 , 4.64 , 5.11 , 89.4 , 90.9 , 3.81 
138,임정호,23N, 89.0 , 65 , 50.0 , 4.68 , 3.52 , 5.40 , 3.94 , -1.16 , 0.72 , .340 , 61.9 , 4.66 , 3.47 , 5.38 , 3.89 , 89.0 , 119.4 , 3.62 
139,하영민,23키, 88.4 , 57 , 52.1 , 4.64 , 3.81 , 6.19 , 4.26 , -0.84 , 1.55 , .387 , 65.2 , 4.69 , 3.90 , 6.25 , 4.37 , 88.4 , 106.4 , 4.14 
140,우규민,23삼, 88.0 , 56 , 43.0 , 4.81 , 3.61 , 5.23 , 4.04 , -1.21 , 0.42 , .354 , 64.6 , 4.71 , 3.57 , 5.12 , 4.00 , 88.0 , 116.2 , 3.93 
141,최충연,23삼, 87.8 , 7 , 9.1 , 4.82 , 9.12 , 7.71 , 10.21 , 4.30 , 2.89 , .280 , 75.9 , 4.72 , 8.94 , 7.56 , 10.01 , 87.8 , 46.4 , 5.14 
142,전사민,23N, 87.4 , 9 , 17.0 , 4.76 , 6.15 , 5.29 , 6.88 , 1.38 , 0.53 , .296 , 72.8 , 4.75 , 6.08 , 5.27 , 6.81 , 87.4 , 68.2 , 6.59 
143,이병헌,23두, 87.3 , 36 , 27.0 , 4.67 , 4.89 , 5.33 , 5.47 , 0.22 , 0.67 , .319 , 70.8 , 4.75 , 5.00 , 5.43 , 5.59 , 87.3 , 83.0 , 4.83 
144,하준호,23K, 87.1 , 12 , 13.0 , 4.85 , 5.52 , 6.23 , 6.18 , 0.67 , 1.38 , .350 , 69.0 , 4.76 , 5.49 , 6.12 , 6.15 , 87.1 , 75.5 , 6.14 
145,정우영,23L, 86.8 , 60 , 51.2 , 4.70 , 3.91 , 6.79 , 4.37 , -0.80 , 2.09 , .365 , 59.8 , 4.78 , 3.93 , 6.90 , 4.40 , 86.8 , 105.5 , 4.22 
146,정찬헌,23키, 86.5 , 14 , 72.0 , 4.75 , 3.78 , 5.00 , 4.23 , -0.97 , 0.25 , .282 , 57.2 , 4.80 , 3.84 , 5.05 , 4.30 , 86.5 , 108.1 , 4.51 
147,이준호,23N, 86.2 , 17 , 31.2 , 4.83 , 5.27 , 6.25 , 5.90 , 0.44 , 1.42 , .282 , 62.0 , 4.81 , 5.21 , 6.23 , 5.83 , 86.2 , 79.7 , 5.07 
148,장민재,23한, 86.0 , 25 , 69.0 , 4.83 , 5.02 , 6.00 , 5.62 , 0.20 , 1.17 , .328 , 67.3 , 4.82 , 5.02 , 5.99 , 5.62 , 86.0 , 82.7 , 3.88 
149,최성영,23N, 85.7 , 18 , 66.2 , 4.86 , 5.14 , 5.00 , 5.75 , 0.28 , 0.14 , .330 , 72.9 , 4.84 , 5.07 , 4.98 , 5.68 , 85.7 , 81.8 , 5.16 
,김도규,23롯, 85.7 , 36 , 29.2 , 4.85 , 3.54 , 4.85 , 3.97 , -1.31 , 0.00 , .318 , 64.9 , 4.84 , 3.55 , 4.84 , 3.98 , 85.7 , 116.7 , 4.22 
151,이승현,23삼, 85.0 , 48 , 43.1 , 4.98 , 5.61 , 5.40 , 6.28 , 0.63 , 0.42 , .289 , 72.3 , 4.88 , 5.54 , 5.29 , 6.20 , 85.0 , 74.9 , 4.92 
152,송명기,23N, 84.7 , 35 , 104.1 , 4.92 , 5.36 , 5.52 , 6.00 , 0.44 , 0.60 , .282 , 67.9 , 4.90 , 5.28 , 5.50 , 5.91 , 84.7 , 78.5 , 4.94 
153,백승건,23S, 84.1 , 25 , 38.0 , 4.97 , 5.65 , 5.68 , 6.33 , 0.68 , 0.71 , .296 , 70.5 , 4.93 , 5.48 , 5.63 , 6.13 , 84.1 , 75.8 , 4.55 
154,최원준,23두, 82.6 , 26 , 107.2 , 4.93 , 4.57 , 5.02 , 5.11 , -0.37 , 0.08 , .322 , 68.9 , 5.02 , 4.72 , 5.11 , 5.29 , 82.6 , 87.8 , 4.29 
155,최지광,23삼, 81.6 , 22 , 17.1 , 5.19 , 6.10 , 5.19 , 6.82 , 0.90 , 0.00 , .260 , 79.4 , 5.09 , 5.97 , 5.09 , 6.68 , 81.6 , 69.5 , 4.08 
156,양현,23키, 81.3 , 54 , 57.0 , 5.05 , 5.07 , 6.00 , 5.68 , 0.02 , 0.95 , .359 , 68.0 , 5.10 , 5.16 , 6.06 , 5.78 , 81.3 , 80.4 , 5.63 
157,이민호,23L, 81.1 , 5 , 19.2 , 5.03 , 4.92 , 5.95 , 5.50 , -0.12 , 0.92 , .300 , 62.1 , 5.12 , 4.97 , 6.05 , 5.57 , 81.1 , 83.4 , 5.80 
158,김대유,23K, 80.9 , 41 , 24.2 , 5.11 , 4.46 , 5.47 , 4.99 , -0.65 , 0.36 , .333 , 67.2 , 5.13 , 4.51 , 5.50 , 5.05 , 80.9 , 91.9 , 4.09 
159,박명근,23L, 80.3 , 57 , 51.1 , 5.08 , 4.77 , 5.44 , 5.34 , -0.32 , 0.35 , .287 , 67.2 , 5.17 , 4.85 , 5.52 , 5.42 , 80.3 , 85.6 , 4.79 
160,오원석,23S, 80.1 , 28 , 144.2 , 5.23 , 4.83 , 5.72 , 5.41 , -0.39 , 0.50 , .316 , 65.3 , 5.18 , 4.75 , 5.67 , 5.32 , 80.1 , 87.3 , 5.05 
161,문승원,23S, 80.0 , 50 , 105.0 , 5.23 , 4.83 , 5.66 , 5.41 , -0.40 , 0.43 , .353 , 69.7 , 5.18 , 4.72 , 5.61 , 5.28 , 80.0 , 87.9 , 4.65 
162,이명종,23키, 78.8 , 45 , 57.0 , 5.21 , 5.25 , 5.37 , 5.88 , 0.04 , 0.16 , .314 , 69.7 , 5.26 , 5.34 , 5.42 , 5.98 , 78.8 , 77.7 , 5.31 
163,손주영,23L, 78.6 , 3 , 8.2 , 5.19 , 4.37 , 7.27 , 4.89 , -0.83 , 2.08 , .343 , 61.1 , 5.28 , 4.37 , 7.39 , 4.89 , 78.6 , 95.0 , 5.66 
164,정성종,23롯, 78.2 , 12 , 22.0 , 5.32 , 5.17 , 5.73 , 5.79 , -0.15 , 0.41 , .294 , 64.6 , 5.30 , 5.20 , 5.71 , 5.82 , 78.2 , 79.7 , 6.01 
165,정우람,23한, 77.5 , 52 , 40.1 , 5.36 , 4.34 , 5.36 , 4.85 , -1.02 , 0.00 , .321 , 66.9 , 5.35 , 4.33 , 5.35 , 4.85 , 77.5 , 95.7 , 4.55 
166,김영현,23K, 77.4 , 31 , 33.0 , 5.45 , 4.72 , 6.00 , 5.28 , -0.74 , 0.55 , .296 , 63.9 , 5.36 , 4.68 , 5.89 , 5.24 , 77.4 , 88.6 , 4.20 
167,장원준,23두, 77.3 , 11 , 41.0 , 5.27 , 4.49 , 5.93 , 5.03 , -0.78 , 0.66 , .358 , 64.6 , 5.36 , 4.64 , 6.04 , 5.20 , 77.3 , 89.4 , 4.55 
168,최지강,23두, 76.6 , 25 , 22.0 , 5.32 , 5.03 , 5.32 , 5.63 , -0.29 , 0.00 , .242 , 64.9 , 5.42 , 5.03 , 5.42 , 5.64 , 76.6 , 82.4 , 6.22 
169,한현희,23롯, 76.3 , 38 , 104.0 , 5.45 , 4.95 , 5.97 , 5.54 , -0.50 , 0.52 , .335 , 67.0 , 5.44 , 5.03 , 5.95 , 5.63 , 76.3 , 82.5 , 4.64 
170,이승호,23키, 76.0 , 4 , 5.0 , 5.40 , 8.04 , 5.40 , 9.00 , 2.64 , 0.00 , .222 , 78.9 , 5.45 , 8.23 , 5.45 , 9.21 , 76.0 , 50.4 , 6.90 
171,슐서,23K, 75.2 , 9 , 49.2 , 5.62 , 4.39 , 5.80 , 4.91 , -1.23 , 0.18 , .375 , 67.0 , 5.52 , 4.38 , 5.70 , 4.90 , 75.2 , 94.8 , 4.26 
172,이로운,23S, 74.5 , 50 , 57.2 , 5.62 , 4.67 , 6.09 , 5.23 , -0.95 , 0.47 , .341 , 66.5 , 5.57 , 4.55 , 6.03 , 5.09 , 74.5 , 91.1 , 4.37 
173,장재영,23키, 74.3 , 23 , 71.2 , 5.53 , 5.40 , 5.78 , 6.04 , -0.13 , 0.25 , .307 , 69.3 , 5.58 , 5.48 , 5.84 , 6.14 , 74.3 , 75.6 , 5.36 
174,이영하,23두, 74.2 , 36 , 39.1 , 5.49 , 4.51 , 6.18 , 5.05 , -0.98 , 0.69 , .302 , 61.1 , 5.59 , 4.58 , 6.29 , 5.13 , 74.2 , 90.5 , 4.94 
175,박신지,23두, 73.5 , 15 , 26.0 , 5.54 , 4.40 , 5.54 , 4.93 , -1.13 , 0.00 , .384 , 71.7 , 5.64 , 4.46 , 5.64 , 5.00 , 73.5 , 92.9 , 5.03 
176,송영진,23S, 73.4 , 17 , 47.1 , 5.70 , 4.75 , 6.65 , 5.32 , -0.95 , 0.95 , .303 , 58.8 , 5.65 , 4.68 , 6.60 , 5.24 , 73.4 , 88.6 , 5.02 
177,김유신,23K, 73.3 , 27 , 30.1 , 5.64 , 5.68 , 5.64 , 6.36 , 0.05 , 0.00 , .308 , 69.5 , 5.66 , 5.71 , 5.66 , 6.39 , 73.3 , 72.7 , 6.00 
178,임준섭,23S, 72.3 , 41 , 32.2 , 5.79 , 3.99 , 6.89 , 4.47 , -1.79 , 1.10 , .410 , 62.3 , 5.73 , 3.96 , 6.83 , 4.43 , 72.3 , 104.9 , 4.86 
179,진승현,23롯, 71.1 , 24 , 27.2 , 5.86 , 3.98 , 6.51 , 4.46 , -1.87 , 0.65 , .372 , 63.6 , 5.84 , 4.05 , 6.49 , 4.53 , 71.1 , 102.4 , 4.56 
180,원종현,23키, 71.0 , 20 , 18.2 , 5.79 , 4.51 , 7.71 , 5.05 , -1.27 , 1.93 , .350 , 54.3 , 5.84 , 4.68 , 7.79 , 5.23 , 71.0 , 88.7 , 3.74 
181,조현우,23K, 70.4 , 5 , 3.0 , 6.00 , 4.78 , 6.00 , 5.35 , -1.22 , 0.00 , .429 , 75.0 , 5.89 , 4.76 , 5.89 , 5.32 , 70.4 , 87.2 , 6.11 
182,신헌민,23S, 69.8 , 11 , 12.0 , 6.00 , 4.44 , 7.50 , 4.97 , -1.56 , 1.50 , .391 , 63.6 , 5.95 , 4.36 , 7.43 , 4.88 , 69.8 , 95.2 , 5.01 
183,산체스,23K, 69.6 , 12 , 63.2 , 5.94 , 3.87 , 6.50 , 4.33 , -2.07 , 0.57 , .362 , 59.0 , 5.96 , 3.93 , 6.53 , 4.40 , 69.6 , 105.5 , 3.55 
184,우강훈,23롯, 69.3 , 3 , 6.0 , 6.00 , 4.28 , 7.50 , 4.79 , -1.72 , 1.50 , .333 , 54.5 , 5.98 , 4.25 , 7.48 , 4.76 , 69.3 , 97.6 , 4.99 
185,윤산흠,23한, 69.2 , 5 , 3.0 , 6.00 , 7.44 , 6.00 , 8.33 , 1.44 , 0.00 , .375 , 77.8 , 5.99 , 7.43 , 5.99 , 8.32 , 69.2 , 55.8 , 7.40 
186,김선기,23키, 68.7 , 17 , 43.2 , 5.98 , 3.81 , 7.63 , 4.26 , -2.17 , 1.65 , .358 , 50.6 , 6.04 , 3.87 , 7.70 , 4.33 , 68.7 , 107.1 , 4.56 
187,메디나,23K, 68.3 , 12 , 58.0 , 6.05 , 5.51 , 6.52 , 6.17 , -0.54 , 0.47 , .312 , 64.1 , 6.08 , 5.56 , 6.54 , 6.22 , 68.3 , 74.6 , 5.09 
188,박종훈,23S, 67.6 , 18 , 80.0 , 6.19 , 6.31 , 6.41 , 7.06 , 0.12 , 0.23 , .292 , 68.4 , 6.13 , 6.19 , 6.36 , 6.93 , 67.6 , 67.0 , 5.53 
189,강효종,23L, 65.5 , 7 , 21.2 , 6.23 , 4.69 , 7.48 , 5.25 , -1.54 , 1.25 , .338 , 55.9 , 6.33 , 4.74 , 7.60 , 5.31 , 65.5 , 87.5 , 5.17 
190,조성훈,23S, 65.1 , 2 , 7.0 , 6.43 , 4.87 , 6.43 , 5.45 , -1.56 , 0.00 , .417 , 68.8 , 6.37 , 4.84 , 6.37 , 5.42 , 65.1 , 85.7 , 5.40 
191,오석주,23L, 64.8 , 9 , 10.0 , 6.30 , 4.74 , 6.30 , 5.31 , -1.56 , 0.00 , .357 , 65.6 , 6.40 , 4.93 , 6.40 , 5.52 , 64.8 , 84.1 , 3.22 
192,김진욱,23롯, 64.6 , 50 , 36.1 , 6.44 , 5.51 , 6.69 , 6.16 , -0.93 , 0.25 , .317 , 65.7 , 6.42 , 5.58 , 6.67 , 6.24 , 64.6 , 74.4 , 4.99 
193,한승혁,23한, 64.5 , 21 , 36.1 , 6.44 , 4.96 , 6.69 , 5.55 , -1.48 , 0.25 , .372 , 66.4 , 6.43 , 4.95 , 6.68 , 5.54 , 64.5 , 83.8 , 4.92 
,강재민,23한, 64.5 , 43 , 43.1 , 6.44 , 4.87 , 6.44 , 5.46 , -1.57 , 0.00 , .263 , 56.4 , 6.43 , 4.87 , 6.43 , 5.45 , 64.5 , 85.2 , 3.94 
195,남지민,23한, 64.4 , 16 , 37.2 , 6.45 , 3.66 , 7.41 , 4.09 , -2.80 , 0.96 , .375 , 57.5 , 6.44 , 3.65 , 7.40 , 4.09 , 64.4 , 113.6 , 4.75 
196,이인복,23롯, 64.2 , 10 , 33.1 , 6.48 , 4.97 , 8.64 , 5.57 , -1.51 , 2.16 , .392 , 57.1 , 6.46 , 5.04 , 8.61 , 5.65 , 64.2 , 82.2 , 5.04 
197,고봉재,23두, 64.1 , 10 , 11.1 , 6.35 , 4.33 , 6.35 , 4.84 , -2.03 , 0.00 , .324 , 60.0 , 6.47 , 4.33 , 6.47 , 4.84 , 64.1 , 95.9 , 5.40 
198,윤명준,23롯, 63.8 , 21 , 19.1 , 6.52 , 6.86 , 6.52 , 7.68 , 0.34 , 0.00 , .403 , 78.7 , 6.50 , 7.04 , 6.50 , 7.88 , 63.8 , 58.9 , 5.28 
199,최채흥,23삼, 63.4 , 15 , 63.1 , 6.68 , 5.10 , 7.39 , 5.71 , -1.58 , 0.71 , .346 , 59.1 , 6.54 , 5.02 , 7.24 , 5.61 , 63.4 , 82.7 , 4.71 
200,조이현,23K, 63.2 , 18 , 35.0 , 6.69 , 4.27 , 6.94 , 4.78 , -2.41 , 0.26 , .411 , 64.8 , 6.57 , 4.27 , 6.82 , 4.77 , 63.2 , 97.3 , 4.62 
201,맥키니,23키, 63.0 , 12 , 59.1 , 6.52 , 6.19 , 6.98 , 6.93 , -0.33 , 0.46 , .280 , 61.9 , 6.59 , 6.36 , 7.05 , 7.12 , 63.0 , 65.2 , 5.27 
202,이형범,23두, 62.6 , 23 , 27.2 , 6.51 , 5.07 , 7.48 , 5.67 , -1.44 , 0.98 , .373 , 61.3 , 6.63 , 5.18 , 7.62 , 5.80 , 62.6 , 80.0 , 5.31 
203,황동하,23K, 62.5 , 13 , 31.1 , 6.61 , 6.41 , 7.18 , 7.18 , -0.20 , 0.57 , .300 , 64.0 , 6.63 , 6.48 , 7.21 , 7.26 , 62.5 , 64.0 , 5.56 
204,오상원,23키, 62.2 , 11 , 15.0 , 6.60 , 4.91 , 6.60 , 5.50 , -1.69 , 0.00 , .327 , 63.3 , 6.67 , 4.93 , 6.67 , 5.51 , 62.2 , 84.2 , 5.72 
205,김민,23K, 61.8 , 16 , 29.0 , 6.83 , 5.34 , 8.07 , 5.98 , -1.49 , 1.24 , .374 , 60.9 , 6.71 , 5.32 , 7.93 , 5.96 , 61.8 , 78.0 , 4.90 
206,배민서,23N, 61.7 , 6 , 6.2 , 6.75 , 3.59 , 10.80 , 4.02 , -3.16 , 4.05 , .370 , 38.5 , 6.72 , 3.58 , 10.76 , 4.01 , 61.7 , 115.9 , 4.69 
207,스미스,23한, 61.5 , 1 , 2.2 , 6.75 , 3.07 , 6.75 , 3.43 , -3.68 , 0.00 , .333 , 50.0 , 6.74 , 3.06 , 6.74 , 3.42 , 61.5 , 135.6 , 3.40 
208,김건국,23K, 61.2 , 6 , 16.0 , 6.75 , 3.26 , 6.75 , 3.64 , -3.50 , 0.00 , .327 , 47.8 , 6.78 , 3.26 , 6.78 , 3.64 , 61.2 , 127.4 , 4.54 
209,김민수,23K, 61.0 , 14 , 13.0 , 6.92 , 4.98 , 6.92 , 5.58 , -1.94 , 0.00 , .356 , 58.3 , 6.80 , 4.98 , 6.80 , 5.57 , 61.0 , 83.3 , 5.61 
210,이채호,23K, 60.9 , 25 , 24.2 , 6.93 , 7.42 , 6.93 , 8.30 , 0.48 , 0.00 , .241 , 64.2 , 6.81 , 7.44 , 6.81 , 8.33 , 60.9 , 55.8 , 5.51 
,최이준,23롯, 60.9 , 28 , 29.0 , 6.83 , 4.58 , 6.83 , 5.13 , -2.25 , 0.00 , .360 , 63.6 , 6.81 , 4.60 , 6.81 , 5.15 , 60.9 , 90.2 , 5.48 
212,김서준,23삼, 60.1 , 8 , 7.2 , 7.04 , 6.05 , 7.04 , 6.77 , -0.99 , 0.00 , .310 , 64.7 , 6.90 , 6.09 , 6.90 , 6.81 , 60.1 , 68.2 , 6.63 
213,황동재,23삼, 59.6 , 7 , 31.2 , 7.11 , 6.38 , 7.67 , 7.14 , -0.73 , 0.57 , .347 , 65.9 , 6.96 , 6.28 , 7.52 , 7.03 , 59.6 , 66.0 , 4.94 
,김민우,23한, 59.6 , 12 , 51.2 , 6.97 , 5.03 , 7.49 , 5.63 , -1.94 , 0.52 , .367 , 60.0 , 6.96 , 5.03 , 7.48 , 5.63 , 59.6 , 82.5 , 4.66 
215,김태훈,23키삼, 59.4 , 71 , 63.1 , 7.11 , 5.81 , 7.67 , 6.51 , -1.29 , 0.57 , .324 , 60.7 , 6.99 , 5.76 , 7.55 , 6.44 , 59.4 , 72.1 , 5.52 
216,김준형,23키, 58.3 , 8 , 7.2 , 7.04 , 5.66 , 7.04 , 6.34 , -1.38 , 0.00 , .191 , 53.8 , 7.11 , 5.68 , 7.11 , 6.36 , 58.3 , 73.1 , 5.73 
217,노건우,23삼, 58.0 , 16 , 12.1 , 7.30 , 6.12 , 8.03 , 6.85 , -1.18 , 0.73 , .432 , 71.4 , 7.15 , 5.98 , 7.86 , 6.69 , 58.0 , 69.4 , 4.11 
218,김태오,23K, 57.3 , 5 , 7.1 , 7.36 , 3.85 , 7.36 , 4.31 , -3.51 , 0.00 , .357 , 57.1 , 7.23 , 3.82 , 7.23 , 4.28 , 57.3 , 108.5 , 5.74 
219,김서현,23한, 57.2 , 20 , 22.1 , 7.25 , 5.59 , 8.06 , 6.26 , -1.66 , 0.81 , .375 , 63.2 , 7.25 , 5.58 , 8.05 , 6.25 , 57.2 , 74.3 , 5.08 
220,이종민,23키, 56.7 , 11 , 13.2 , 7.24 , 3.52 , 8.56 , 3.94 , -3.73 , 1.32 , .400 , 55.2 , 7.32 , 3.54 , 8.65 , 3.96 , 56.7 , 117.1 , 4.73 
221,홍정우,23삼, 56.5 , 36 , 36.0 , 7.50 , 5.86 , 7.75 , 6.56 , -1.64 , 0.25 , .277 , 54.7 , 7.35 , 5.77 , 7.59 , 6.46 , 56.5 , 71.8 , 5.33 
222,김동혁,23키, 54.4 , 35 , 39.1 , 7.55 , 4.38 , 7.78 , 4.91 , -3.17 , 0.23 , .360 , 55.7 , 7.63 , 4.43 , 7.86 , 4.95 , 54.4 , 93.7 , 5.03 
223,장필준,23삼, 53.5 , 17 , 19.1 , 7.91 , 5.82 , 7.91 , 6.52 , -2.09 , 0.00 , .377 , 63.8 , 7.75 , 5.78 , 7.75 , 6.47 , 53.5 , 71.8 , 5.53 
224,정구범,23N, 53.3 , 4 , 12.2 , 7.82 , 8.42 , 7.82 , 9.42 , 0.60 , 0.00 , .302 , 71.4 , 7.78 , 8.26 , 7.78 , 9.25 , 53.3 , 50.2 , 6.53 
225,채지선,23LN, 51.2 , 3 , 3.1 , 8.10 , 5.84 , 8.10 , 6.54 , -2.26 , 0.00 , .364 , 62.5 , 8.10 , 5.80 , 8.10 , 6.49 , 51.2 , 71.6 , 6.81 
226,딜런,23두, 50.9 , 2 , 9.0 , 8.00 , 7.55 , 9.00 , 8.46 , -0.45 , 1.00 , .222 , 49.2 , 8.15 , 7.91 , 9.17 , 8.85 , 50.9 , 52.5 , 6.20 
227,송윤준,23한, 50.0 , 4 , 4.1 , 8.31 , 3.44 , 8.31 , 3.85 , -4.87 , 0.00 , .286 , 33.3 , 8.30 , 3.45 , 8.30 , 3.86 , 50.0 , 120.3 , 4.77 
228,이상민,23삼, 49.8 , 23 , 18.0 , 8.50 , 3.50 , 8.50 , 3.92 , -5.00 , 0.00 , .492 , 55.9 , 8.33 , 3.44 , 8.33 , 3.85 , 49.8 , 120.6 , 3.38 
229,곽도규,23K, 48.7 , 14 , 11.2 , 8.49 , 4.13 , 8.49 , 4.62 , -4.36 , 0.00 , .452 , 57.7 , 8.52 , 4.12 , 8.52 , 4.61 , 48.7 , 100.7 , 4.61 
230,한두솔,23S, 46.5 , 1 , 1.0 , 9.00 , 5.44 , 9.00 , 6.09 , -3.56 , 0.00 , .500 , 66.7 , 8.92 , 5.34 , 8.92 , 5.98 , 46.5 , 77.7 , 3.40 
,이기순,23S, 46.5 , 2 , 3.0 , 9.00 , 9.78 , 9.00 , 10.94 , 0.78 , 0.00 , .250 , 71.4 , 8.92 , 9.46 , 8.92 , 10.59 , 46.5 , 43.9 , 6.15 
,양창섭,23삼, 46.5 , 15 , 28.2 , 9.10 , 7.45 , 9.10 , 8.34 , -1.65 , 0.00 , .362 , 63.2 , 8.92 , 7.30 , 8.92 , 8.17 , 46.5 , 56.8 , 5.74 
233,박진,23롯, 46.2 , 4 , 5.0 , 9.00 , 9.44 , 9.00 , 10.57 , 0.44 , 0.00 , .333 , 71.4 , 8.97 , 9.60 , 8.97 , 10.74 , 46.2 , 43.2 , 7.47 
234,홍성민,23키, 45.6 , 2 , 2.0 , 9.00 , 10.44 , 9.00 , 11.69 , 1.44 , 0.00 , .444 , 87.0 , 9.09 , 10.89 , 9.09 , 12.20 , 45.6 , 38.1 , 5.40 
235,성동현,23L, 45.4 , 1 , 1.0 , 9.00 , 4.44 , 9.00 , 4.97 , -4.56 , 0.00 , .500 , 66.7 , 9.15 , 4.44 , 9.15 , 4.98 , 45.4 , 93.3 , 5.40 
236,이충호,23한, 44.4 , 11 , 8.2 , 9.35 , 6.90 , 9.35 , 7.73 , -2.44 , 0.00 , .400 , 59.2 , 9.34 , 6.89 , 9.34 , 7.71 , 44.4 , 60.2 , 4.81 
237,김정우,23두, 43.1 , 7 , 6.2 , 9.45 , 6.74 , 9.45 , 7.55 , -2.71 , 0.00 , .417 , 66.3 , 9.62 , 6.97 , 9.62 , 7.81 , 43.1 , 59.5 , 5.72 
238,주승우,23키, 42.9 , 11 , 16.0 , 9.56 , 7.57 , 10.13 , 8.47 , -2.00 , 0.56 , .339 , 60.1 , 9.66 , 7.65 , 10.23 , 8.57 , 42.9 , 54.2 , 7.13 
239,최영환,23롯, 42.0 , 8 , 10.0 , 9.90 , 4.44 , 12.60 , 4.97 , -5.46 , 2.70 , .395 , 39.1 , 9.87 , 4.42 , 12.56 , 4.95 , 42.0 , 93.9 , 5.40 
240,허윤동,23삼, 41.8 , 7 , 10.2 , 10.13 , 5.32 , 10.13 , 5.95 , -4.81 , 0.00 , .400 , 57.1 , 9.92 , 5.35 , 9.92 , 5.99 , 41.8 , 77.5 , 6.20 
241,김재영,23한, 41.0 , 6 , 8.0 , 10.13 , 6.94 , 10.13 , 7.77 , -3.18 , 0.00 , .379 , 56.3 , 10.11 , 6.92 , 10.11 , 7.75 , 41.0 , 60.0 , 4.50 
242,김유성,23두, 40.9 , 7 , 6.1 , 9.95 , 11.34 , 9.95 , 12.69 , 1.39 , 0.00 , .222 , 72.4 , 10.13 , 11.83 , 10.13 , 13.24 , 40.9 , 35.1 , 7.29 
243,정성곤,23S, 40.3 , 6 , 4.1 , 10.38 , 12.90 , 18.69 , 14.45 , 2.52 , 8.31 , .375 , 49.2 , 10.29 , 12.47 , 18.53 , 13.96 , 40.3 , 33.3 , 7.06 
244,김대현,23L, 37.8 , 5 , 3.1 , 10.80 , 8.24 , 13.50 , 9.23 , -2.56 , 2.70 , .467 , 62.5 , 10.98 , 8.56 , 13.72 , 9.58 , 37.8 , 48.5 , 4.85 
245,류희운,23한, 36.9 , 3 , 4.0 , 11.25 , 6.19 , 11.25 , 6.93 , -5.06 , 0.00 , .385 , 45.5 , 11.24 , 6.19 , 11.24 , 6.93 , 36.9 , 67.1 , 4.20 
,소형준,23K, 36.9 , 3 , 11.0 , 11.45 , 5.53 , 11.45 , 6.19 , -5.92 , 0.00 , .447 , 52.6 , 11.25 , 5.53 , 11.25 , 6.20 , 36.9 , 75.0 , 5.20 
247,김시현,23삼, 35.3 , 2 , 3.0 , 12.00 , 12.78 , 15.00 , 14.30 , 0.78 , 3.00 , .364 , 57.7 , 11.75 , 12.36 , 14.69 , 13.83 , 35.3 , 33.6 , 5.40 
248,김호준,23두, 33.9 , 3 , 3.0 , 12.00 , 10.44 , 12.00 , 11.69 , -1.56 , 0.00 , .222 , 53.6 , 12.22 , 10.97 , 12.22 , 12.28 , 33.9 , 37.8 , 6.90 
249,김재열,23K, 31.5 , 9 , 11.2 , 13.11 , 7.47 , 13.11 , 8.36 , -5.64 , 0.00 , .391 , 53.0 , 13.17 , 7.54 , 13.17 , 8.44 , 31.5 , 55.0 , 6.09 
250,임지민,23N, 30.8 , 2 , 1.1 , 13.50 , 7.94 , 13.50 , 8.89 , -5.56 , 0.00 , .667 , 66.7 , 13.45 , 7.79 , 13.45 , 8.72 , 30.8 , 53.3 , 6.60 
,장세진,23롯, 30.8 , 2 , 1.1 , 13.50 , 16.19 , 13.50 , 18.13 , 2.69 , 0.00 , .333 , 76.9 , 13.46 , 16.83 , 13.46 , 18.84 , 30.8 , 24.6 , 6.90 
252,양지율,23키, 30.4 , 1 , 0.2 , 13.50 , 10.94 , 13.50 , 12.25 , -2.56 , 0.00 , 1.000 , 75.0 , 13.64 , 11.11 , 13.64 , 12.43 , 30.4 , 37.3 , 7.40 
253,제환유,23두, 30.2 , 1 , 2.0 , 13.50 , 7.44 , 18.00 , 8.33 , -6.06 , 4.50 , .375 , 42.9 , 13.75 , 7.45 , 18.33 , 8.34 , 30.2 , 55.7 , 7.11 
254,최성훈,23L, 27.2 , 5 , 3.0 , 15.00 , 3.11 , 15.00 , 3.48 , -11.89 , 0.00 , .500 , 37.5 , 15.24 , 3.10 , 15.24 , 3.48 , 27.2 , 133.6 , 4.69 
255,이태연,23롯, 26.2 , 15 , 5.2 , 15.88 , 9.09 , 15.88 , 10.18 , -6.79 , 0.00 , .478 , 56.1 , 15.83 , 9.21 , 15.83 , 10.32 , 26.2 , 45.0 , 7.02 
256,장지수,23한, 23.1 , 1 , 2.0 , 18.00 , 6.44 , 22.50 , 7.21 , -11.56 , 4.50 , .444 , 16.7 , 17.98 , 6.43 , 22.48 , 7.20 , 23.1 , 64.5 , 7.58 
257,배재준,23L, 22.7 , 1 , 1.0 , 18.00 , 6.44 , 18.00 , 7.21 , -11.56 , 0.00 , .400 , 33.3 , 18.29 , 6.46 , 18.29 , 7.23 , 22.7 , 64.2 , 7.40 
258,박준영,23한, 22.2 , 4 , 4.1 , 18.69 , 5.75 , 18.69 , 6.44 , -12.94 , 0.00 , .250 , 10.0 , 18.67 , 5.75 , 18.67 , 6.44 , 22.2 , 72.1 , 5.92 
259,최하늘,23삼, 21.3 , 3 , 6.1 , 19.89 , 9.92 , 19.89 , 11.10 , -9.98 , 0.00 , .444 , 38.5 , 19.49 , 9.74 , 19.49 , 10.90 , 21.3 , 42.6 , 6.00 
260,박윤철,23한, 19.2 , 3 , 3.1 , 21.60 , 15.14 , 21.60 , 16.95 , -6.46 , 0.00 , .250 , 27.8 , 21.58 , 15.08 , 21.58 , 16.89 , 19.2 , 27.5 , 7.80 
261,이영준,23키, 19.0 , 2 , 1.2 , 21.60 , 5.24 , 21.60 , 5.87 , -16.36 , 0.00 , .444 , 20.0 , 21.82 , 5.25 , 21.82 , 5.88 , 19.0 , 79.0 , 6.60 
262,김건희,23키, 18.3 , 3 , 2.0 , 22.50 , 19.44 , 22.50 , 21.77 , -3.06 , 0.00 , .400 , 57.7 , 22.73 , 20.29 , 22.73 , 22.72 , 18.3 , 20.4 , 7.11 
263,김동규,23L키, 17.9 , 4 , 4.1 , 22.85 , 15.67 , 24.92 , 17.55 , -7.17 , 2.08 , .333 , 43.0 , 23.22 , 15.97 , 25.33 , 17.87 , 17.9 , 26.0 , 9.66 
264,박세웅,23삼, 15.7 , 2 , 0.2 , 27.00 , 33.44 , 27.00 , 37.44 , 6.44 , 0.00 , .000 , 76.9 , 26.45 , 32.38 , 26.45 , 36.25 , 15.7 , 12.8 , 9.40 
265,문경찬,23롯, 15.4 , 2 , 2.0 , 27.00 , 20.94 , 27.00 , 23.45 , -6.06 , 0.00 , .429 , 0.0 , 26.92 , 22.23 , 26.92 , 24.89 , 15.4 , 18.7 , 3.40 
266,김영준,23L, 15.1 , 1 , 0.1 , 27.00 , 12.44 , 27.00 , 13.93 , -14.56 , 0.00 , .500 , 50.0 , 27.44 , 12.50 , 27.44 , 13.99 , 15.1 , 33.2 , 9.40 
,이원재,23두, 15.1 , 1 , 1.0 , 27.00 , 12.44 , 27.00 , 13.93 , -14.56 , 0.00 , .500 , 50.0 , 27.50 , 12.47 , 27.50 , 13.96 , 15.1 , 33.3 , 9.40 
268,나원탁,23롯, 10.3 , 1 , 0.2 , 40.50 , 24.44 , 40.50 , 27.36 , -16.06 , 0.00 , .667 , 38.5 , 40.38 , 25.72 , 40.38 , 28.80 , 10.3 , 16.1 , 5.40 
269,변시원,23키, 9.7 , 4 , 2.1 , 42.43 , 15.01 , 42.43 , 16.81 , -27.41 , 0.00 , .500 , 9.4 , 42.86 , 15.42 , 42.86 , 17.26 , 9.7 , 26.9 , 6.66 
270,김주온,23S, 5.2 , 1 , 0.1 , 81.00 , 15.44 , 81.00 , 17.29 , -65.56 , 0.00 , 1.000 , 25.0 , 80.28 , 15.17 , 80.28 , 16.98 , 5.2 , 27.4 , 5.40 
271,조영건,23키,  , 6 , 7.2 , 0.00 , 2.40 , 0.00 , 2.69 , 2.40 , 0.00 , .278 , 100.0 , 0.00 , 2.43 , 0.00 , 2.72 ,  , 170.8 , 3.18 
,석상호,23롯,  , 5 , 5.1 , 0.00 , 2.32 , 0.00 , 2.59 , 2.32 , 0.00 , .308 , 100.0 , 0.00 , 2.30 , 0.00 , 2.57 ,  , 180.7 , 3.22 
,백승우,23두,  , 6 , 4.0 , 0.00 , 5.94 , 0.00 , 6.65 , 5.94 , 0.00 , .231 , 100.0 , 0.00 , 5.95 , 0.00 , 6.66 ,  , 69.7 , 6.73 
,이민석,23롯,  , 1 , 1.1 , 0.00 , 4.19 , 0.00 , 4.69 , 4.19 , 0.00 , .000 , 100.0 , 0.00 , 4.17 , 0.00 , 4.67 ,  , 99.5 , 5.40 
,서동민,23S,  , 2 , 1.0 , 0.00 , 10.44 , 0.00 , 11.69 , 10.44 , 0.00 , .000 , 100.0 , 0.00 , 10.43 , 0.00 , 11.68 ,  , 39.8 , 9.40 
,박영완,23롯,  , 1 , 1.0 , 0.00 , 4.44 , 0.00 , 4.97 , 4.44 , 0.00 , .000 , 100.0 , 0.00 , 4.41 , 0.00 , 4.94 ,  , 94.0 , 5.40 
,하준수,23N,  , 1 , 1.0 , 0.00 , 7.44 , 0.00 , 8.33 , 7.44 , 0.00 , .000 , 100.0 , 0.00 , 7.34 , 0.00 , 8.22 ,  , 56.5 , 7.80 
,송승기,23L,  , 1 , 1.0 , 0.00 , 6.44 , 0.00 , 7.21 , 6.44 , 0.00 , .250 , 100.0 , 0.00 , 6.46 , 0.00 , 7.23 ,  , 64.2 , 7.80 
,김태욱,23롯,  , 1 , 1.0 , 0.00 , 3.44 , 0.00 , 3.85 , 3.44 , 0.00 , .000 ,  , 0.00 , 3.44 , 0.00 , 3.85 ,  , 120.5 , 5.40 
,유승철,23K,  , 1 , 1.0 , 0.00 , 6.44 , 0.00 , 7.21 , 6.44 , 0.00 , .000 , 100.0 , 0.00 , 6.42 , 0.00 , 7.18 ,  , 64.7 , 8.40 
,이우석,23N,  , 1 , 0.2 , 0.00 , 7.94 , 0.00 , 8.89 , 7.94 , 0.00 , .000 , 100.0 , 0.00 , 7.87 , 0.00 , 8.81 ,  , 52.7 , 11.40 
,김주한,23S,  , 1 , 0.0 ,  ,  ,  ,  ,  ,  , 1.000 , 0.0 ,  ,  ,  ,  ,  ,  , 9.40 
,서상준,23S,  , 2 , 2.0 , 0.00 , 7.94 , 13.50 , 8.89 , 7.94 , 13.50 , .200 , 50.0 , 0.00 , 7.93 , 13.38 , 8.88 ,  , 52.3 , 7.25 
,와이드너,23N삼,  , 21 , 115.0 , 4.54 , 3.69 , 5.09 , 4.13 , -0.85 , 0.55 , .310 , 62.8 ,  ,  ,  ,  ,  ,  , 3.97 
,이승진,23두,  , 1 , 0.2 , 0.00 , 9.44 , 54.00 , 10.57 , 9.44 , 54.00 , .333 , -33.3 , 0.00 , 9.48 , 54.99 , 10.61 ,  , 43.8 , 5.40 