순,이름,팀/포지션,정렬용,출장,이닝,ERA,FIP,K/9,BB/9,K/BB,HR/9,K%,BB%,K-BB%,PFR,BABIP,LOB%,타율,출루율,장타율,OPS,WHIP,WHIP+,투구,IP/G,P/G,P/IP,P/PA,CYP
2,강건,23K, 2.39 , 4 , 6.2 , 1.35 , 2.39 , 10.80 , 4.05 , 2.67 , 0.00 , 28.6 , 10.7 , 17.9 , 1.65 , .250 , 85.7 , .167 , .259 , .250 , .509 , 1.05 , 1.05 , 108 , 1.7 , 27.0 , 16.2 , 3.86 , 3.1 
3,조영건,23키, 2.40 , 6 , 7.2 , 0.00 , 2.40 , 8.22 , 2.35 , 3.50 , 0.00 , 25.9 , 7.4 , 18.5 , 1.17 , .278 , 100.0 , .200 , .259 , .240 , .499 , 0.91 , 0.91 , 101 , 1.3 , 16.8 , 13.2 , 3.74 , 4.5 
4,페디,23N, 2.42 , 30 , 180.1 , 2.00 , 2.42 , 10.43 , 1.75 , 5.97 , 0.45 , 29.5 , 4.9 , 24.6 , 1.35 , .287 , 79.6 , .207 , .250 , .272 , .523 , 0.95 , 0.98 , 2904 , 6.0 , 96.8 , 16.1 , 4.10 , 91.1 
,김재윤,23K, 2.42 , 59 , 65.2 , 2.60 , 2.42 , 8.22 , 1.78 , 4.62 , 0.27 , 22.9 , 5.0 , 17.9 , 1.11 , .292 , 72.1 , .227 , .268 , .290 , .558 , 1.02 , 1.04 , 1005 , 1.1 , 17.0 , 15.3 , 3.84 , 24.8 
6,안우진,23키, 2.45 , 24 , 150.2 , 2.39 , 2.45 , 9.80 , 2.27 , 4.32 , 0.30 , 27.0 , 6.3 , 20.7 , 1.34 , .294 , 75.8 , .217 , .265 , .292 , .558 , 1.06 , 1.06 , 2342 , 6.3 , 97.6 , 15.5 , 3.85 , 60.7 
7,김원중,23롯, 2.55 , 63 , 63.2 , 2.97 , 2.55 , 11.59 , 3.53 , 3.28 , 0.28 , 30.9 , 9.4 , 21.5 , 1.68 , .327 , 72.9 , .220 , .307 , .293 , .600 , 1.19 , 1.27 , 1084 , 1.0 , 17.2 , 17.0 , 4.09 , 24.0 
8,박영현,23K, 2.70 , 68 , 75.1 , 2.75 , 2.70 , 9.44 , 2.75 , 3.44 , 0.36 , 25.6 , 7.5 , 18.2 , 1.35 , .309 , 75.2 , .230 , .292 , .318 , .610 , 1.14 , 1.17 , 1220 , 1.1 , 17.9 , 16.2 , 3.96 , 25.6 
9,윌커슨,23롯, 2.73 , 13 , 79.2 , 2.26 , 2.73 , 9.15 , 2.26 , 4.05 , 0.34 , 24.8 , 6.1 , 18.7 , 1.27 , .296 , 71.9 , .223 , .276 , .317 , .593 , 1.09 , 1.12 , 1296 , 6.1 , 99.7 , 16.3 , 3.96 , 34.9 
10,김진호,23N, 2.77 , 19 , 16.1 , 2.76 , 2.77 , 12.12 , 5.51 , 2.20 , 0.00 , 30.1 , 13.7 , 16.4 , 1.96 , .375 , 80.8 , .242 , .356 , .274 , .630 , 1.53 , 1.59 , 314 , 0.9 , 16.5 , 19.2 , 4.30 , 7.4 
11,함덕주,23L, 2.80 , 57 , 55.2 , 1.62 , 2.80 , 9.54 , 3.56 , 2.68 , 0.16 , 26.6 , 9.9 , 16.7 , 1.46 , .231 , 80.6 , .165 , .257 , .237 , .494 , 0.97 , 1.01 , 910 , 1.0 , 16.0 , 16.4 , 4.10 , 27.7 
12,쿠에바스,23K, 2.80 , 18 , 114.1 , 2.60 , 2.80 , 7.87 , 1.89 , 4.17 , 0.32 , 21.7 , 5.2 , 16.5 , 1.09 , .280 , 76.3 , .224 , .266 , .285 , .551 , 1.04 , 1.06 , 1666 , 6.4 , 92.6 , 14.6 , 3.62 , 46.2 
13,뷰캐넌,23삼, 3.01 , 30 , 188.0 , 2.54 , 3.01 , 6.65 , 2.06 , 3.23 , 0.19 , 17.7 , 5.5 , 12.2 , 0.97 , .291 , 69.9 , .241 , .287 , .300 , .587 , 1.15 , 1.19 , 2984 , 6.3 , 99.5 , 15.9 , 3.81 , 66.9 
14,고우석,23L, 3.06 , 44 , 44.0 , 3.68 , 3.06 , 12.07 , 4.50 , 2.68 , 0.41 , 31.1 , 11.6 , 19.5 , 1.84 , .356 , 73.5 , .235 , .340 , .309 , .649 , 1.36 , 1.46 , 799 , 1.0 , 18.2 , 18.2 , 4.21 , 12.9 
15,스미스,23한, 3.07 , 1 , 2.2 , 6.75 , 3.07 , 6.75 , 0.00 ,  , 0.00 , 16.7 , 0.0 , 16.7 , 0.75 , .333 , 50.0 , .273 , .333 , .273 , .606 , 1.13 , 1.50 , 60 , 2.7 , 60.0 , 22.5 , 5.00 , -0.5 
16,최성훈,23L, 3.11 , 5 , 3.0 , 15.00 , 3.11 , 6.00 , 3.00 , 2.00 , 0.00 , 11.8 , 5.9 , 5.9 , 1.00 , .500 , 37.5 , .438 , .471 , .563 , 1.033 , 2.67 , 2.67 , 66 , 0.6 , 13.2 , 22.0 , 3.88 , -3.3 
17,수아레즈,23삼, 3.12 , 19 , 108.0 , 3.92 , 3.12 , 7.33 , 2.67 , 2.75 , 0.25 , 18.4 , 6.7 , 11.7 , 1.11 , .362 , 68.6 , .299 , .345 , .368 , .713 , 1.49 , 1.51 , 1881 , 5.7 , 99.0 , 17.4 , 3.93 , 19.8 
18,고영표,23K, 3.12 , 28 , 174.2 , 2.78 , 3.12 , 5.87 , 0.98 , 6.00 , 0.36 , 16.1 , 2.7 , 13.5 , 0.76 , .314 , 76.3 , .269 , .297 , .355 , .652 , 1.15 , 1.20 , 2453 , 6.2 , 87.6 , 14.0 , 3.48 , 56.7 
19,플럿코,23L, 3.13 , 21 , 123.1 , 2.41 , 3.13 , 7.37 , 2.26 , 3.26 , 0.37 , 19.8 , 6.1 , 13.7 , 1.07 , .301 , 78.9 , .244 , .295 , .333 , .628 , 1.18 , 1.21 , 1972 , 5.9 , 93.9 , 16.0 , 3.87 , 49.8 
20,전상현,23K, 3.14 , 64 , 58.2 , 2.15 , 3.14 , 7.67 , 3.99 , 1.92 , 0.15 , 20.0 , 10.4 , 9.6 , 1.30 , .295 , 75.4 , .233 , .316 , .284 , .599 , 1.30 , 1.31 , 945 , 0.9 , 14.8 , 16.1 , 3.78 , 28.3 
21,후라도,23키, 3.15 , 30 , 183.2 , 2.65 , 3.15 , 7.20 , 2.01 , 3.59 , 0.34 , 19.3 , 5.4 , 13.9 , 1.02 , .283 , 73.5 , .234 , .282 , .291 , .573 , 1.12 , 1.17 , 2797 , 6.1 , 93.2 , 15.2 , 3.67 , 63.5 
22,구창모,23N, 3.21 , 11 , 51.2 , 2.96 , 3.21 , 9.76 , 2.79 , 3.50 , 0.70 , 27.3 , 7.8 , 19.5 , 1.39 , .264 , 72.3 , .203 , .263 , .283 , .547 , 1.05 , 1.05 , 845 , 4.7 , 76.8 , 16.4 , 4.12 , 15.4 
23,요키시,23키, 3.21 , 12 , 65.2 , 4.39 , 3.21 , 6.99 , 1.92 , 3.64 , 0.41 , 17.8 , 4.9 , 12.9 , 0.99 , .369 , 65.4 , .309 , .347 , .404 , .751 , 1.46 , 1.51 , 1100 , 5.5 , 91.7 , 16.8 , 3.85 , 10.9 
24,류진욱,23N, 3.22 , 70 , 67.0 , 2.15 , 3.22 , 8.33 , 4.30 , 1.94 , 0.13 , 23.1 , 11.9 , 11.2 , 1.40 , .238 , 75.8 , .180 , .280 , .219 , .500 , 1.09 , 1.10 , 1083 , 1.0 , 15.5 , 16.2 , 4.04 , 24.7 
25,주현상,23한, 3.22 , 55 , 59.2 , 1.96 , 3.22 , 6.79 , 2.26 , 3.00 , 0.30 , 19.7 , 6.6 , 13.2 , 1.01 , .209 , 79.7 , .172 , .238 , .240 , .478 , 0.84 , 0.89 , 897 , 1.1 , 16.3 , 15.0 , 3.93 , 23.3 
26,브랜든,23두, 3.23 , 18 , 104.2 , 2.49 , 3.23 , 8.60 , 2.58 , 3.33 , 0.34 , 23.4 , 7.0 , 16.4 , 1.24 , .278 , 75.6 , .213 , .291 , .280 , .571 , 1.05 , 1.17 , 1729 , 5.8 , 96.1 , 16.5 , 4.05 , 44.3 
27,김규연,23한, 3.24 , 23 , 19.2 , 2.75 , 3.24 , 9.15 , 4.58 , 2.00 , 0.00 , 23.5 , 11.8 , 11.8 , 1.53 , .308 , 75.0 , .222 , .333 , .278 , .611 , 1.32 , 1.42 , 344 , 0.9 , 15.0 , 17.5 , 4.05 , 5.8 
28,김건국,23K, 3.26 , 6 , 16.0 , 6.75 , 3.26 , 5.06 , 2.25 , 2.25 , 0.00 , 12.9 , 5.7 , 7.1 , 0.81 , .327 , 47.8 , .286 , .333 , .413 , .746 , 1.38 , 1.44 , 257 , 2.7 , 42.8 , 16.1 , 3.67 , -3.1 
29,홍건희,23두, 3.30 , 64 , 61.2 , 3.06 , 3.30 , 9.05 , 3.50 , 2.58 , 0.58 , 22.4 , 8.7 , 13.7 , 1.40 , .348 , 73.8 , .272 , .336 , .386 , .722 , 1.48 , 1.48 , 1092 , 1.0 , 17.1 , 17.7 , 3.94 , 17.0 
30,벤자민,23K, 3.34 , 29 , 160.0 , 3.54 , 3.34 , 8.83 , 2.53 , 3.49 , 0.68 , 23.0 , 6.6 , 16.4 , 1.26 , .299 , 65.5 , .240 , .292 , .338 , .630 , 1.21 , 1.23 , 2636 , 5.5 , 90.9 , 16.5 , 3.85 , 47.7 
31,박상원,23한, 3.38 , 55 , 61.2 , 3.65 , 3.38 , 8.32 , 4.23 , 1.97 , 0.29 , 20.6 , 10.5 , 10.1 , 1.40 , .337 , 65.1 , .267 , .349 , .356 , .705 , 1.49 , 1.54 , 1103 , 1.1 , 20.1 , 17.9 , 3.98 , 16.5 
32,엄상백,23K, 3.38 , 20 , 111.2 , 3.63 , 3.38 , 7.17 , 2.34 , 3.07 , 0.48 , 19.6 , 6.4 , 13.2 , 1.06 , .290 , 69.3 , .241 , .291 , .342 , .633 , 1.16 , 1.17 , 1790 , 5.6 , 89.5 , 16.0 , 3.94 , 26.7 
33,반즈,23롯, 3.41 , 30 , 170.1 , 3.28 , 3.41 , 7.77 , 2.96 , 2.63 , 0.32 , 20.0 , 7.6 , 12.4 , 1.19 , .329 , 74.5 , .264 , .334 , .347 , .681 , 1.33 , 1.42 , 2757 , 5.7 , 91.9 , 16.2 , 3.76 , 48.9 
34,김영규,23N, 3.43 , 63 , 61.2 , 3.06 , 3.43 , 7.01 , 3.36 , 2.09 , 0.29 , 19.4 , 9.3 , 10.1 , 1.15 , .252 , 71.0 , .205 , .282 , .305 , .586 , 1.10 , 1.12 , 916 , 1.0 , 14.5 , 14.9 , 3.71 , 16.6 
35,김명신,23두, 3.43 , 70 , 79.0 , 3.65 , 3.43 , 7.41 , 3.08 , 2.41 , 0.34 , 19.5 , 8.1 , 11.4 , 1.17 , .301 , 70.4 , .245 , .318 , .337 , .655 , 1.25 , 1.33 , 1445 , 1.1 , 20.6 , 18.3 , 4.33 , 17.0 
36,최준용,23롯, 3.44 , 47 , 47.2 , 2.45 , 3.44 , 7.55 , 3.40 , 2.22 , 0.38 , 19.0 , 8.6 , 10.5 , 1.22 , .327 , 81.6 , .266 , .332 , .330 , .662 , 1.43 , 1.45 , 841 , 1.0 , 17.9 , 17.6 , 4.01 , 16.8 
,김태욱,23롯, 3.44 , 1 , 1.0 , 0.00 , 3.44 , 0.00 , 0.00 ,  , 0.00 , 0.0 , 0.0 , 0.0 , 0.00 , .000 ,  , .000 , .000 , .000 , .000 , 0.00 , 0.00 , 17 , 1.0 , 17.0 , 17.0 , 5.67 , 0.5 
,송윤준,23한, 3.44 , 4 , 4.1 , 8.31 , 3.44 , 6.23 , 4.15 , 1.50 , 0.00 , 15.8 , 10.5 , 5.3 , 1.15 , .286 , 33.3 , .250 , .316 , .375 , .691 , 1.39 , 1.39 , 69 , 1.1 , 17.3 , 15.9 , 3.63 , -1.5 
39,알칸타라,23두, 3.45 , 31 , 192.0 , 2.67 , 3.45 , 7.59 , 1.64 , 4.63 , 0.75 , 20.8 , 4.5 , 16.3 , 1.03 , .282 , 76.4 , .236 , .275 , .348 , .623 , 1.07 , 1.10 , 2988 , 6.2 , 96.4 , 15.6 , 3.85 , 68.2 
40,켈리,23L, 3.47 , 30 , 178.2 , 3.83 , 3.47 , 6.50 , 1.97 , 3.31 , 0.50 , 17.3 , 5.2 , 12.1 , 0.94 , .311 , 65.9 , .266 , .308 , .363 , .672 , 1.24 , 1.28 , 2743 , 6.0 , 91.4 , 15.4 , 3.68 , 36.2 
41,김재웅,23키, 3.49 , 67 , 59.2 , 4.22 , 3.49 , 6.94 , 3.62 , 1.92 , 0.30 , 18.4 , 9.6 , 8.8 , 1.17 , .307 , 66.1 , .252 , .323 , .329 , .651 , 1.34 , 1.34 , 962 , 0.9 , 14.4 , 16.1 , 3.85 , 8.4 
42,이상민,23삼, 3.50 , 23 , 18.0 , 8.50 , 3.50 , 8.50 , 1.50 , 5.67 , 1.00 , 20.5 , 3.6 , 16.9 , 1.11 , .492 , 55.9 , .405 , .422 , .544 , .966 , 1.94 , 1.94 , 327 , 0.8 , 14.2 , 18.2 , 3.94 , -4.3 
43,이종민,23키, 3.52 , 11 , 13.2 , 7.24 , 3.52 , 6.59 , 3.95 , 1.67 , 0.00 , 13.9 , 8.3 , 5.6 , 1.17 , .400 , 55.2 , .349 , .403 , .460 , .863 , 2.05 , 2.12 , 306 , 1.2 , 27.8 , 22.4 , 4.25 , -3.2 
44,임정호,23N, 3.52 , 65 , 50.0 , 4.68 , 3.52 , 8.82 , 3.06 , 2.88 , 0.54 , 22.7 , 7.9 , 14.8 , 1.32 , .340 , 61.9 , .264 , .336 , .368 , .704 , 1.36 , 1.44 , 840 , 0.8 , 12.9 , 16.8 , 3.89 , 7.9 
45,박민호,23S, 3.54 , 10 , 10.0 , 0.90 , 3.54 , 3.60 , 0.90 , 4.00 , 0.00 , 8.5 , 2.1 , 6.4 , 0.50 , .350 , 82.4 , .318 , .362 , .341 , .703 , 1.50 , 1.70 , 167 , 1.0 , 16.7 , 16.7 , 3.55 , 4.4 
46,김도규,23롯, 3.54 , 36 , 29.2 , 4.85 , 3.54 , 7.89 , 3.94 , 2.00 , 0.30 , 19.7 , 9.8 , 9.8 , 1.32 , .318 , 64.9 , .257 , .333 , .327 , .661 , 1.42 , 1.45 , 534 , 0.8 , 14.8 , 18.0 , 4.05 , 1.4 
47,나균안,23롯, 3.55 , 23 , 130.1 , 3.80 , 3.55 , 7.87 , 2.90 , 2.71 , 0.55 , 20.0 , 7.4 , 12.7 , 1.20 , .335 , 71.7 , .276 , .332 , .389 , .721 , 1.40 , 1.44 , 2208 , 5.7 , 96.0 , 16.9 , 3.88 , 27.6 
48,이상동,23K, 3.57 , 36 , 40.2 , 3.98 , 3.57 , 9.52 , 3.32 , 2.87 , 0.89 , 24.0 , 8.4 , 15.6 , 1.43 , .360 , 75.4 , .280 , .341 , .416 , .757 , 1.48 , 1.48 , 672 , 1.1 , 18.7 , 16.5 , 3.75 , 10.6 
49,이태양,23한, 3.57 , 50 , 100.1 , 3.23 , 3.57 , 6.46 , 1.79 , 3.60 , 0.63 , 17.1 , 4.7 , 12.3 , 0.92 , .298 , 70.1 , .260 , .299 , .410 , .709 , 1.20 , 1.24 , 1560 , 2.0 , 31.2 , 15.6 , 3.70 , 24.4 
50,임창민,23키, 3.59 , 51 , 46.2 , 2.51 , 3.59 , 7.71 , 3.28 , 2.35 , 0.58 , 19.1 , 8.1 , 11.0 , 1.22 , .331 , 82.1 , .276 , .338 , .357 , .695 , 1.46 , 1.50 , 826 , 0.9 , 16.2 , 17.7 , 3.95 , 16.3 
,배민서,23N, 3.59 , 6 , 6.2 , 6.75 , 3.59 , 5.40 , 2.70 , 2.00 , 0.00 , 11.8 , 5.9 , 5.9 , 0.90 , .370 , 38.5 , .333 , .382 , .633 , 1.016 , 1.80 , 1.95 , 127 , 1.1 , 21.2 , 19.1 , 3.74 , -1.3 
52,우규민,23삼, 3.61 , 56 , 43.0 , 4.81 , 3.61 , 5.86 , 1.05 , 5.60 , 0.63 , 14.9 , 2.7 , 12.2 , 0.77 , .354 , 64.6 , .316 , .339 , .420 , .758 , 1.40 , 1.47 , 733 , 0.8 , 13.1 , 17.1 , 3.90 , 4.3 
53,박세웅,23롯, 3.65 , 27 , 154.0 , 3.45 , 3.65 , 7.54 , 3.45 , 2.19 , 0.47 , 19.6 , 9.0 , 10.7 , 1.22 , .304 , 70.1 , .248 , .320 , .331 , .650 , 1.33 , 1.35 , 2630 , 5.7 , 97.4 , 17.1 , 4.00 , 39.9 
54,남지민,23한, 3.66 , 16 , 37.2 , 6.45 , 3.66 , 5.50 , 3.11 , 1.77 , 0.00 , 12.4 , 7.0 , 5.4 , 0.96 , .375 , 57.5 , .331 , .393 , .405 , .797 , 1.78 , 1.94 , 678 , 2.4 , 42.4 , 18.0 , 3.65 , -4.9 
55,문동주,23한, 3.66 , 23 , 118.2 , 3.72 , 3.66 , 7.21 , 3.19 , 2.26 , 0.46 , 18.9 , 8.3 , 10.5 , 1.15 , .302 , 71.0 , .249 , .317 , .341 , .659 , 1.31 , 1.34 , 2067 , 5.2 , 89.9 , 17.4 , 4.11 , 27.8 
56,김창훈,23롯, 3.67 , 3 , 4.1 , 2.08 , 3.67 , 2.08 , 2.08 , 1.00 , 0.00 , 5.9 , 5.9 , 0.0 , 0.46 , .333 , 83.3 , .313 , .353 , .438 , .790 , 1.39 , 1.39 , 56 , 1.4 , 18.7 , 12.9 , 3.29 , 1.3 
57,와이드너,23N삼, 3.69 , 21 , 115.0 , 4.54 , 3.69 , 7.75 , 3.13 , 2.48 , 0.55 , 20.0 , 8.1 , 11.9 , 1.21 , .310 , 62.8 , .254 , .322 , .352 , .673 , 1.32 , 1.37 , 1956 , 5.5 , 93.1 , 17.0 , 3.95 , 16.4 
58,김상수,23롯, 3.69 , 66 , 52.0 , 3.12 , 3.69 , 6.23 , 3.64 , 1.71 , 0.17 , 16.5 , 9.6 , 6.9 , 1.10 , .286 , 69.5 , .238 , .321 , .302 , .623 , 1.27 , 1.33 , 905 , 0.8 , 13.7 , 17.4 , 4.15 , 15.6 
59,파노니,23K, 3.70 , 16 , 82.1 , 4.26 , 3.70 , 7.22 , 2.51 , 2.87 , 0.66 , 18.8 , 6.6 , 12.3 , 1.08 , .320 , 68.2 , .267 , .320 , .373 , .693 , 1.32 , 1.35 , 1416 , 5.2 , 88.5 , 17.2 , 4.03 , 14.8 
60,이준영,23K, 3.71 , 64 , 33.2 , 3.21 , 3.71 , 8.02 , 6.15 , 1.30 , 0.00 , 20.1 , 15.4 , 4.7 , 1.57 , .277 , 76.5 , .211 , .342 , .252 , .594 , 1.46 , 1.52 , 620 , 0.5 , 9.7 , 18.4 , 4.16 , 8.8 
61,윤호솔,23L, 3.72 , 4 , 3.2 , 2.45 , 3.72 , 9.82 , 7.36 , 1.33 , 0.00 , 23.5 , 17.6 , 5.9 , 1.91 , .300 , 83.3 , .214 , .353 , .286 , .639 , 1.64 , 1.64 , 91 , 0.9 , 22.8 , 24.8 , 5.35 , 1.2 
62,양현종,23K, 3.72 , 29 , 171.0 , 3.53 , 3.72 , 7.00 , 2.53 , 2.77 , 0.68 , 18.2 , 6.6 , 11.7 , 1.06 , .320 , 71.6 , .271 , .319 , .381 , .700 , 1.33 , 1.34 , 2751 , 5.9 , 94.9 , 16.1 , 3.77 , 40.8 
63,맥카티,23S, 3.72 , 24 , 130.0 , 3.39 , 3.72 , 8.03 , 3.12 , 2.58 , 0.69 , 21.4 , 8.3 , 13.1 , 1.24 , .310 , 71.8 , .252 , .315 , .360 , .675 , 1.30 , 1.31 , 2246 , 5.4 , 93.6 , 17.3 , 4.14 , 36.6 
64,하준영,23N, 3.73 , 57 , 49.0 , 4.59 , 3.73 , 9.00 , 3.49 , 2.58 , 0.74 , 22.8 , 8.8 , 14.0 , 1.39 , .345 , 71.2 , .274 , .343 , .379 , .722 , 1.45 , 1.49 , 880 , 0.9 , 15.4 , 18.0 , 4.09 , 5.4 
65,전용주,23K, 3.73 , 15 , 10.1 , 4.35 , 3.73 , 7.84 , 5.23 , 1.50 , 0.00 , 20.9 , 14.0 , 7.0 , 1.45 , .222 , 61.5 , .167 , .302 , .278 , .580 , 1.16 , 1.26 , 173 , 0.7 , 11.5 , 16.7 , 4.02 , 1.1 
66,이의리,23K, 3.75 , 28 , 131.2 , 3.96 , 3.75 , 10.66 , 6.36 , 1.68 , 0.27 , 26.1 , 15.6 , 10.5 , 1.89 , .300 , 70.6 , .213 , .345 , .275 , .620 , 1.49 , 1.55 , 2546 , 4.7 , 90.9 , 19.3 , 4.26 , 34.4 
67,이정용,23L, 3.77 , 37 , 86.2 , 4.15 , 3.77 , 5.19 , 1.97 , 2.63 , 0.52 , 13.1 , 5.0 , 8.1 , 0.80 , .316 , 66.7 , .284 , .321 , .389 , .710 , 1.37 , 1.40 , 1420 , 2.3 , 38.4 , 16.4 , 3.72 , 15.3 
68,노경은,23S, 3.77 , 76 , 83.0 , 3.58 , 3.77 , 7.05 , 3.90 , 1.81 , 0.43 , 18.2 , 10.1 , 8.1 , 1.22 , .307 , 75.6 , .253 , .337 , .347 , .685 , 1.37 , 1.42 , 1396 , 1.1 , 18.4 , 16.8 , 3.91 , 23.0 
69,정찬헌,23키, 3.78 , 14 , 72.0 , 4.75 , 3.78 , 4.38 , 1.63 , 2.69 , 0.50 , 11.9 , 4.4 , 7.5 , 0.67 , .282 , 57.2 , .261 , .295 , .371 , .666 , 1.17 , 1.19 , 1061 , 5.1 , 75.8 , 14.7 , 3.60 , 3.5 
70,이건욱,23S, 3.78 , 27 , 38.2 , 2.33 , 3.78 , 7.22 , 5.82 , 1.24 , 0.00 , 18.3 , 14.8 , 3.6 , 1.45 , .287 , 77.6 , .228 , .349 , .279 , .629 , 1.45 , 1.50 , 716 , 1.4 , 26.5 , 18.5 , 4.24 , 13.4 
71,이우찬,23L, 3.78 , 38 , 38.1 , 3.52 , 3.78 , 7.04 , 4.23 , 1.67 , 0.24 , 19.1 , 11.5 , 7.6 , 1.25 , .324 , 74.6 , .261 , .353 , .313 , .666 , 1.38 , 1.44 , 608 , 1.0 , 16.0 , 15.9 , 3.87 , 8.2 
72,박치국,23두, 3.78 , 62 , 52.2 , 3.59 , 3.78 , 8.20 , 3.59 , 2.29 , 0.51 , 20.3 , 8.9 , 11.4 , 1.31 , .323 , 76.5 , .258 , .340 , .364 , .704 , 1.42 , 1.52 , 923 , 0.9 , 14.9 , 17.5 , 3.91 , 15.1 
73,구승민,23롯, 3.79 , 67 , 63.2 , 3.96 , 3.79 , 9.33 , 4.10 , 2.28 , 0.57 , 22.8 , 10.0 , 12.8 , 1.49 , .345 , 71.7 , .264 , .352 , .346 , .698 , 1.48 , 1.56 , 1169 , 1.0 , 17.5 , 18.4 , 4.05 , 12.4 
74,하영민,23키, 3.81 , 57 , 52.1 , 4.64 , 3.81 , 8.77 , 4.30 , 2.04 , 0.69 , 20.6 , 10.1 , 10.5 , 1.45 , .387 , 65.2 , .309 , .381 , .438 , .819 , 1.76 , 1.78 , 933 , 0.9 , 16.4 , 17.8 , 3.78 , 7.3 
75,김선기,23키, 3.81 , 17 , 43.2 , 5.98 , 3.81 , 5.98 , 3.09 , 1.93 , 0.41 , 14.5 , 7.5 , 7.0 , 1.01 , .358 , 50.6 , .309 , .364 , .453 , .817 , 1.63 , 1.65 , 753 , 2.6 , 44.3 , 17.2 , 3.77 , -3.3 
76,이승현,23삼, 3.83 , 60 , 60.0 , 3.60 , 3.83 , 6.30 , 2.25 , 2.80 , 0.75 , 15.9 , 5.7 , 10.2 , 0.95 , .317 , 71.1 , .278 , .318 , .396 , .714 , 1.38 , 1.38 , 1077 , 1.0 , 18.0 , 18.0 , 4.08 , 14.2 
77,이상규,23L, 3.83 , 8 , 7.2 , 2.35 , 3.83 , 7.04 , 5.87 , 1.20 , 0.00 , 17.6 , 14.7 , 2.9 , 1.44 , .304 , 83.3 , .241 , .353 , .241 , .594 , 1.57 , 1.57 , 152 , 1.0 , 19.0 , 19.8 , 4.47 , 2.4 
78,백정현,23삼, 3.84 , 18 , 100.2 , 3.67 , 3.84 , 5.45 , 2.68 , 2.03 , 0.54 , 14.6 , 7.2 , 7.4 , 0.90 , .298 , 70.7 , .264 , .316 , .372 , .688 , 1.29 , 1.29 , 1589 , 5.6 , 88.3 , 15.8 , 3.79 , 22.4 
79,태너,23N, 3.84 , 11 , 64.2 , 2.92 , 3.84 , 6.54 , 1.81 , 3.62 , 0.84 , 17.7 , 4.9 , 12.8 , 0.93 , .269 , 72.3 , .236 , .277 , .342 , .618 , 1.10 , 1.11 , 1012 , 5.9 , 92.0 , 15.7 , 3.82 , 21.0 
80,김태오,23K, 3.85 , 5 , 7.1 , 7.36 , 3.85 , 3.68 , 4.91 , 0.75 , 0.00 , 8.6 , 11.4 , -2.9 , 0.96 , .357 , 57.1 , .345 , .400 , .448 , .848 , 1.91 , 1.91 , 142 , 1.5 , 28.4 , 19.4 , 4.06 , -2.0 
81,산체스,23K, 3.87 , 12 , 63.2 , 5.94 , 3.87 , 8.34 , 2.12 , 3.93 , 0.99 , 20.7 , 5.3 , 15.4 , 1.16 , .362 , 59.0 , .300 , .345 , .460 , .805 , 1.48 , 1.54 , 1071 , 5.3 , 89.3 , 16.8 , 3.76 , -0.3 
82,백승현,23L, 3.87 , 42 , 40.0 , 1.58 , 3.87 , 6.75 , 4.05 , 1.67 , 0.45 , 18.5 , 11.1 , 7.4 , 1.20 , .236 , 90.3 , .197 , .288 , .268 , .555 , 1.15 , 1.15 , 648 , 1.0 , 15.4 , 16.2 , 4.00 , 18.0 
83,이용찬,23N, 3.87 , 60 , 61.0 , 4.13 , 3.87 , 7.53 , 2.80 , 2.68 , 0.74 , 20.1 , 7.5 , 12.6 , 1.15 , .279 , 69.1 , .234 , .300 , .335 , .635 , 1.18 , 1.23 , 959 , 1.0 , 16.0 , 15.7 , 3.78 , 11.6 
84,앤더슨,23K, 3.87 , 14 , 79.0 , 3.76 , 3.87 , 7.29 , 2.96 , 2.46 , 0.68 , 19.0 , 7.7 , 11.3 , 1.14 , .298 , 64.9 , .252 , .312 , .371 , .683 , 1.29 , 1.32 , 1312 , 5.6 , 93.7 , 16.6 , 3.91 , 16.9 
85,임기영,23K, 3.88 , 64 , 82.0 , 2.96 , 3.88 , 6.26 , 2.09 , 3.00 , 0.66 , 17.6 , 5.9 , 11.7 , 0.93 , .216 , 71.6 , .193 , .253 , .303 , .557 , 0.92 , 0.99 , 1248 , 1.3 , 19.5 , 15.2 , 3.85 , 23.7 
86,김범수,23한, 3.89 , 76 , 62.1 , 4.19 , 3.89 , 7.51 , 4.77 , 1.58 , 0.43 , 18.4 , 11.7 , 6.7 , 1.36 , .321 , 69.9 , .263 , .356 , .342 , .697 , 1.56 , 1.60 , 1097 , 0.8 , 14.4 , 17.6 , 3.88 , 12.4 
87,심재민,23K롯, 3.90 , 33 , 47.2 , 3.78 , 3.90 , 5.48 , 3.40 , 1.61 , 0.38 , 13.3 , 8.3 , 5.0 , 0.99 , .335 , 72.4 , .297 , .355 , .359 , .715 , 1.57 , 1.59 , 801 , 1.4 , 24.3 , 16.8 , 3.67 , 9.7 
88,정우영,23L, 3.91 , 60 , 51.2 , 4.70 , 3.91 , 7.14 , 2.96 , 2.41 , 0.17 , 16.7 , 6.9 , 9.8 , 1.12 , .365 , 59.8 , .297 , .389 , .363 , .753 , 1.55 , 1.84 , 936 , 0.9 , 15.6 , 18.1 , 3.82 , 7.9 
89,최원태,23키L, 3.94 , 26 , 146.2 , 4.30 , 3.94 , 7.24 , 2.82 , 2.57 , 0.74 , 18.7 , 7.3 , 11.4 , 1.12 , .312 , 69.7 , .265 , .325 , .363 , .688 , 1.33 , 1.38 , 2352 , 5.6 , 90.5 , 16.0 , 3.72 , 24.1 
90,류원석,23한, 3.94 , 1 , 2.0 , 4.50 , 3.94 , 4.50 , 0.00 ,  , 0.00 , 12.5 , 0.0 , 12.5 , 0.50 , .167 , 50.0 , .143 , .250 , .143 , .393 , 0.50 , 1.00 , 34 , 2.0 , 34.0 , 17.0 , 4.25 , 0.1 
91,산체스,23한, 3.97 , 24 , 126.0 , 3.79 , 3.97 , 7.07 , 2.00 , 3.54 , 0.93 , 18.3 , 5.2 , 13.1 , 1.01 , .316 , 71.1 , .273 , .318 , .398 , .715 , 1.30 , 1.35 , 2125 , 5.3 , 88.5 , 16.9 , 3.94 , 26.9 
92,곽빈,23두, 3.98 , 23 , 127.1 , 2.90 , 3.98 , 7.49 , 4.10 , 1.83 , 0.50 , 20.2 , 11.0 , 9.1 , 1.29 , .260 , 77.1 , .212 , .306 , .303 , .610 , 1.21 , 1.25 , 2229 , 5.5 , 96.9 , 17.5 , 4.24 , 45.3 
93,진승현,23롯, 3.98 , 24 , 27.2 , 5.86 , 3.98 , 8.13 , 5.21 , 1.56 , 0.65 , 19.4 , 12.4 , 7.0 , 1.48 , .372 , 63.6 , .309 , .388 , .391 , .779 , 1.81 , 1.81 , 533 , 1.2 , 22.2 , 19.3 , 4.13 , 0.3 
94,임준섭,23S, 3.99 , 41 , 32.2 , 5.79 , 3.99 , 7.16 , 5.24 , 1.37 , 0.28 , 16.8 , 12.3 , 4.5 , 1.38 , .410 , 62.3 , .336 , .421 , .405 , .826 , 1.93 , 1.96 , 666 , 0.8 , 16.2 , 20.4 , 4.30 , -2.1 
95,최승용,23두, 4.05 , 34 , 111.0 , 3.97 , 4.05 , 6.65 , 2.76 , 2.41 , 0.73 , 17.1 , 7.1 , 10.0 , 1.05 , .312 , 70.7 , .269 , .326 , .362 , .688 , 1.35 , 1.39 , 1853 , 3.3 , 54.5 , 16.7 , 3.87 , 17.7 
96,김진성,23L, 4.07 , 80 , 70.1 , 2.18 , 4.07 , 8.83 , 3.33 , 2.65 , 1.02 , 25.6 , 9.6 , 15.9 , 1.35 , .205 , 89.6 , .175 , .254 , .306 , .560 , 0.95 , 0.95 , 1105 , 0.9 , 13.8 , 15.7 , 4.09 , 30.1 
97,최동환,23L, 4.08 , 45 , 42.1 , 3.19 , 4.08 , 4.25 , 3.61 , 1.18 , 0.21 , 10.6 , 9.0 , 1.6 , 0.87 , .285 , 72.6 , .255 , .335 , .339 , .675 , 1.39 , 1.47 , 715 , 0.9 , 15.9 , 16.9 , 3.78 , 8.2 
98,엘리아스,23S, 4.08 , 22 , 131.1 , 3.77 , 4.08 , 6.37 , 2.26 , 2.82 , 0.82 , 17.0 , 6.0 , 10.9 , 0.96 , .318 , 74.6 , .278 , .328 , .397 , .725 , 1.32 , 1.36 , 2123 , 6.0 , 96.5 , 16.2 , 3.87 , 27.0 
99,손동현,23K, 4.09 , 64 , 73.2 , 3.42 , 4.09 , 4.89 , 2.44 , 2.00 , 0.61 , 13.3 , 6.6 , 6.6 , 0.81 , .280 , 71.1 , .256 , .308 , .353 , .662 , 1.20 , 1.22 , 1100 , 1.2 , 17.2 , 14.9 , 3.65 , 20.8 
100,페냐,23한, 4.10 , 32 , 177.1 , 3.60 , 4.10 , 7.46 , 2.99 , 2.49 , 0.71 , 19.6 , 7.9 , 11.7 , 1.16 , .268 , 69.8 , .225 , .305 , .346 , .651 , 1.17 , 1.27 , 2886 , 5.5 , 90.2 , 16.3 , 3.84 , 43.4 
101,신민혁,23N, 4.11 , 29 , 122.0 , 3.98 , 4.11 , 7.16 , 1.84 , 3.88 , 1.03 , 18.7 , 4.8 , 13.9 , 1.00 , .291 , 67.5 , .256 , .298 , .410 , .708 , 1.21 , 1.25 , 2140 , 4.2 , 73.8 , 17.5 , 4.13 , 21.7 
102,정해영,23K, 4.11 , 52 , 49.1 , 2.92 , 4.11 , 5.47 , 3.65 , 1.50 , 0.55 , 13.8 , 9.2 , 4.6 , 1.01 , .317 , 80.2 , .278 , .349 , .382 , .731 , 1.48 , 1.50 , 780 , 1.0 , 15.0 , 15.8 , 3.58 , 14.7 
103,임찬규,23L, 4.12 , 30 , 144.2 , 3.42 , 4.12 , 6.41 , 3.36 , 1.91 , 0.62 , 16.3 , 8.5 , 7.8 , 1.09 , .291 , 73.8 , .252 , .322 , .352 , .673 , 1.36 , 1.39 , 2458 , 4.8 , 81.9 , 17.0 , 3.89 , 41.6 
,조민석,23N, 4.12 , 35 , 31.0 , 4.06 , 4.12 , 8.13 , 4.07 , 2.00 , 0.58 , 20.4 , 10.2 , 10.2 , 1.36 , .356 , 74.2 , .285 , .373 , .414 , .787 , 1.52 , 1.61 , 544 , 0.9 , 15.5 , 17.6 , 3.97 , 5.3 
105,곽도규,23K, 4.13 , 14 , 11.2 , 8.49 , 4.13 , 10.80 , 7.71 , 1.40 , 0.00 , 23.0 , 16.4 , 6.6 , 2.06 , .452 , 57.7 , .311 , .456 , .356 , .812 , 2.06 , 2.23 , 230 , 0.8 , 16.4 , 19.7 , 3.77 , -3.8 
106,김윤식,23L, 4.14 , 17 , 74.2 , 4.22 , 4.14 , 5.06 , 3.01 , 1.68 , 0.48 , 13.1 , 7.8 , 5.3 , 0.90 , .337 , 72.9 , .301 , .360 , .402 , .762 , 1.49 , 1.53 , 1192 , 4.4 , 70.1 , 16.0 , 3.73 , 12.5 
107,원태인,23삼, 4.14 , 26 , 150.0 , 3.18 , 4.14 , 6.12 , 2.04 , 3.00 , 0.90 , 16.1 , 5.4 , 10.7 , 0.91 , .300 , 77.1 , .268 , .313 , .393 , .705 , 1.27 , 1.31 , 2521 , 5.8 , 97.0 , 16.8 , 3.98 , 39.2 
108,이재익,23삼, 4.15 , 51 , 41.0 , 3.95 , 4.15 , 5.71 , 3.73 , 1.53 , 0.66 , 14.4 , 9.4 , 5.0 , 1.05 , .326 , 74.8 , .288 , .354 , .388 , .741 , 1.54 , 1.54 , 696 , 0.8 , 13.7 , 17.0 , 3.85 , 6.1 
109,박정수,23두, 4.15 , 25 , 36.2 , 4.17 , 4.15 , 6.87 , 4.42 , 1.56 , 0.25 , 17.0 , 10.9 , 6.1 , 1.26 , .330 , 65.4 , .268 , .377 , .377 , .753 , 1.50 , 1.66 , 596 , 1.5 , 23.8 , 16.3 , 3.61 , 5.1 
110,김광현,23S, 4.16 , 30 , 168.1 , 3.53 , 4.16 , 6.36 , 3.74 , 1.70 , 0.59 , 16.7 , 9.8 , 6.9 , 1.12 , .301 , 72.9 , .261 , .332 , .362 , .694 , 1.38 , 1.40 , 2798 , 5.6 , 93.3 , 16.6 , 3.92 , 39.1 
111,고효준,23S, 4.17 , 73 , 58.0 , 4.50 , 4.17 , 10.24 , 6.52 , 1.57 , 0.47 , 25.2 , 16.0 , 9.2 , 1.86 , .317 , 69.0 , .232 , .363 , .289 , .652 , 1.57 , 1.62 , 1214 , 0.8 , 16.6 , 20.9 , 4.63 , 10.6 
112,서진용,23S, 4.19 , 69 , 72.2 , 2.48 , 4.19 , 7.80 , 5.95 , 1.31 , 0.37 , 19.6 , 14.9 , 4.7 , 1.53 , .295 , 83.8 , .237 , .359 , .290 , .649 , 1.51 , 1.57 , 1247 , 1.1 , 18.1 , 17.2 , 3.87 , 27.6 
113,이민석,23롯, 4.19 , 1 , 1.1 , 0.00 , 4.19 , 6.75 , 6.75 , 1.00 , 0.00 , 20.0 , 20.0 , 0.0 , 1.50 , .000 , 100.0 , .000 , .200 , .000 , .200 , 0.75 , 0.75 , 27 , 1.3 , 27.0 , 20.3 , 5.40 , 0.8 
114,김동주,23두, 4.26 , 18 , 78.1 , 4.14 , 4.26 , 6.78 , 4.02 , 1.69 , 0.57 , 17.7 , 10.5 , 7.2 , 1.20 , .301 , 71.4 , .255 , .340 , .385 , .725 , 1.38 , 1.43 , 1390 , 4.4 , 77.2 , 17.7 , 4.16 , 12.1 
115,조이현,23K, 4.27 , 18 , 35.0 , 6.69 , 4.27 , 4.37 , 1.54 , 2.83 , 0.77 , 10.0 , 3.5 , 6.5 , 0.66 , .411 , 64.8 , .389 , .408 , .548 , .956 , 1.91 , 1.97 , 585 , 1.9 , 32.5 , 16.7 , 3.44 , -4.8 
116,우강훈,23롯, 4.28 , 3 , 6.0 , 6.00 , 4.28 , 7.50 , 6.00 , 1.25 , 0.00 , 17.2 , 13.8 , 3.4 , 1.50 , .333 , 54.5 , .261 , .393 , .304 , .697 , 1.67 , 1.83 , 117 , 2.0 , 39.0 , 19.5 , 4.03 , -0.5 
117,최지민,23K, 4.30 , 58 , 59.1 , 2.12 , 4.30 , 6.67 , 3.94 , 1.69 , 0.61 , 18.0 , 10.7 , 7.4 , 1.18 , .250 , 83.6 , .216 , .310 , .313 , .622 , 1.20 , 1.26 , 985 , 1.0 , 17.0 , 16.6 , 4.04 , 26.1 
118,김시훈,23N, 4.32 , 61 , 52.2 , 4.44 , 4.32 , 8.37 , 5.81 , 1.44 , 0.51 , 20.0 , 13.9 , 6.1 , 1.58 , .351 , 68.3 , .278 , .382 , .381 , .762 , 1.73 , 1.75 , 981 , 0.9 , 16.1 , 18.6 , 4.00 , 9.2 
119,고봉재,23두, 4.33 , 10 , 11.1 , 6.35 , 4.33 , 5.56 , 5.56 , 1.00 , 0.00 , 13.2 , 13.2 , 0.0 , 1.24 , .324 , 60.0 , .286 , .385 , .381 , .766 , 1.68 , 1.77 , 217 , 1.1 , 21.7 , 19.2 , 4.09 , -1.6 
120,정우람,23한, 4.34 , 52 , 40.1 , 5.36 , 4.34 , 6.69 , 3.79 , 1.77 , 0.67 , 16.4 , 9.3 , 7.1 , 1.17 , .321 , 66.9 , .278 , .350 , .407 , .757 , 1.54 , 1.59 , 766 , 0.8 , 14.7 , 19.0 , 4.19 , -0.8 
121,손주영,23L, 4.37 , 3 , 8.2 , 5.19 , 4.37 , 5.19 , 6.23 , 0.83 , 0.00 , 10.9 , 13.0 , -2.2 , 1.27 , .343 , 61.1 , .300 , .391 , .300 , .691 , 2.08 , 2.08 , 189 , 2.9 , 63.0 , 21.8 , 4.11 , 0.8 
122,김동혁,23키, 4.38 , 35 , 39.1 , 7.55 , 4.38 , 5.49 , 4.12 , 1.33 , 0.23 , 12.5 , 9.4 , 3.1 , 1.07 , .360 , 55.7 , .313 , .399 , .423 , .822 , 1.75 , 1.91 , 718 , 1.1 , 20.5 , 18.3 , 3.74 , -9.9 
123,슐서,23K, 4.39 , 9 , 49.2 , 5.62 , 4.39 , 6.34 , 2.54 , 2.50 , 1.09 , 15.8 , 6.3 , 9.5 , 0.99 , .375 , 67.0 , .333 , .372 , .480 , .852 , 1.61 , 1.61 , 815 , 5.5 , 90.6 , 16.4 , 3.69 , -1.7 
124,한승주,23한, 4.39 , 47 , 70.2 , 3.95 , 4.39 , 7.01 , 3.95 , 1.77 , 0.76 , 17.2 , 9.7 , 7.5 , 1.22 , .338 , 76.2 , .287 , .365 , .422 , .787 , 1.59 , 1.64 , 1267 , 1.5 , 27.0 , 17.9 , 3.96 , 10.8 
125,김민규,23두, 4.40 , 6 , 8.1 , 4.32 , 4.40 , 5.40 , 4.32 , 1.25 , 0.00 , 13.5 , 10.8 , 2.7 , 1.08 , .240 , 58.3 , .207 , .333 , .345 , .678 , 1.20 , 1.44 , 153 , 1.4 , 25.5 , 18.4 , 4.14 , 0.7 
126,박신지,23두, 4.40 , 15 , 26.0 , 5.54 , 4.40 , 5.19 , 3.81 , 1.36 , 0.35 , 11.6 , 8.5 , 3.1 , 1.00 , .384 , 71.7 , .342 , .411 , .483 , .893 , 1.92 , 2.04 , 459 , 1.7 , 30.6 , 17.7 , 3.56 , -1.5 
127,스트레일리,23롯, 4.43 , 16 , 80.1 , 4.37 , 4.43 , 7.84 , 4.15 , 1.89 , 0.67 , 19.2 , 10.2 , 9.1 , 1.33 , .318 , 71.3 , .264 , .356 , .354 , .710 , 1.48 , 1.61 , 1465 , 5.0 , 91.6 , 18.2 , 4.03 , 11.2 
128,신정락,23롯, 4.44 , 34 , 29.0 , 4.66 , 4.44 , 8.69 , 3.41 , 2.55 , 1.24 , 21.9 , 8.6 , 13.3 , 1.35 , .346 , 76.7 , .288 , .362 , .451 , .813 , 1.48 , 1.59 , 476 , 0.9 , 14.0 , 16.4 , 3.72 , 6.3 
,이진하,23롯, 4.44 , 9 , 8.0 , 3.38 , 4.44 , 2.25 , 3.38 , 0.67 , 0.00 , 6.5 , 9.7 , -3.2 , 0.63 , .160 , 62.5 , .154 , .258 , .269 , .527 , 0.88 , 1.00 , 126 , 0.9 , 14.0 , 15.8 , 4.07 , 1.2 
,박영완,23롯, 4.44 , 1 , 1.0 , 0.00 , 4.44 , 9.00 , 9.00 , 1.00 , 0.00 , 33.3 , 33.3 , 0.0 , 2.00 , .000 , 100.0 , .000 , .333 , .000 , .333 , 1.00 , 1.00 , 13 , 1.0 , 13.0 , 13.0 , 4.33 , 0.6 
,성동현,23L, 4.44 , 1 , 1.0 , 9.00 , 4.44 , 9.00 , 9.00 , 1.00 , 0.00 , 16.7 , 16.7 , 0.0 , 2.00 , .500 , 66.7 , .400 , .500 , .400 , .900 , 3.00 , 3.00 , 20 , 1.0 , 20.0 , 20.0 , 3.33 , -0.4 
,신헌민,23S, 4.44 , 11 , 12.0 , 6.00 , 4.44 , 6.00 , 4.50 , 1.33 , 0.75 , 12.9 , 9.7 , 3.2 , 1.17 , .391 , 63.6 , .346 , .410 , .509 , .919 , 2.08 , 2.08 , 237 , 1.1 , 21.6 , 19.8 , 3.82 , -1.2 
,최영환,23롯, 4.44 , 8 , 10.0 , 9.90 , 4.44 , 6.30 , 6.30 , 1.00 , 0.00 , 13.0 , 13.0 , 0.0 , 1.40 , .395 , 39.1 , .341 , .434 , .523 , .957 , 2.20 , 2.30 , 226 , 1.3 , 28.3 , 22.6 , 4.19 , -5.3 
134,김강률,23두, 4.46 , 32 , 25.2 , 4.21 , 4.46 , 7.36 , 4.21 , 1.75 , 0.70 , 18.3 , 10.4 , 7.8 , 1.29 , .273 , 67.3 , .232 , .325 , .323 , .648 , 1.36 , 1.44 , 489 , 0.8 , 15.3 , 19.1 , 4.25 , 3.9 
135,김대유,23K, 4.46 , 41 , 24.2 , 5.11 , 4.46 , 7.30 , 2.92 , 2.50 , 0.73 , 18.2 , 7.3 , 10.9 , 1.14 , .333 , 67.2 , .280 , .370 , .376 , .747 , 1.38 , 1.62 , 458 , 0.6 , 11.2 , 18.6 , 4.16 , 0.3 
136,김대우,23삼, 4.46 , 44 , 64.0 , 4.50 , 4.46 , 6.89 , 3.09 , 2.23 , 0.98 , 17.7 , 7.9 , 9.7 , 1.11 , .309 , 66.5 , .273 , .335 , .405 , .740 , 1.38 , 1.42 , 1083 , 1.5 , 24.6 , 16.9 , 3.91 , 4.9 
137,윤영철,23K, 4.47 , 25 , 122.2 , 4.04 , 4.47 , 5.43 , 3.52 , 1.54 , 0.73 , 14.0 , 9.1 , 4.9 , 1.00 , .291 , 71.7 , .263 , .330 , .396 , .726 , 1.40 , 1.41 , 2047 , 4.9 , 81.9 , 16.7 , 3.88 , 21.7 
138,장원준,23두, 4.49 , 11 , 41.0 , 5.27 , 4.49 , 5.27 , 2.42 , 2.18 , 0.88 , 13.1 , 6.0 , 7.1 , 0.85 , .358 , 64.6 , .325 , .371 , .472 , .843 , 1.56 , 1.61 , 689 , 3.7 , 62.6 , 16.8 , 3.77 , 1.9 
139,장시환,23한, 4.51 , 39 , 34.2 , 3.38 , 4.51 , 6.23 , 5.45 , 1.14 , 0.26 , 15.7 , 13.7 , 2.0 , 1.30 , .310 , 79.1 , .260 , .380 , .317 , .697 , 1.53 , 1.64 , 598 , 0.9 , 15.3 , 17.3 , 3.91 , 8.7 
,이영하,23두, 4.51 , 36 , 39.1 , 5.49 , 4.51 , 6.41 , 4.81 , 1.33 , 0.46 , 15.2 , 11.4 , 3.8 , 1.25 , .302 , 61.1 , .256 , .359 , .365 , .725 , 1.55 , 1.65 , 739 , 1.1 , 20.5 , 18.8 , 4.02 , 3.5 
141,원종현,23키, 4.51 , 20 , 18.2 , 5.79 , 4.51 , 8.20 , 2.41 , 3.40 , 1.45 , 19.5 , 5.7 , 13.8 , 1.18 , .350 , 54.3 , .304 , .349 , .544 , .893 , 1.55 , 1.61 , 322 , 0.9 , 16.1 , 17.3 , 3.70 , 0.0 
142,홍원표,23삼, 4.53 , 3 , 3.2 , 2.45 , 4.53 , 2.46 , 4.91 , 0.50 , 0.00 , 6.7 , 13.3 , -6.7 , 0.82 , .167 , 75.0 , .154 , .267 , .154 , .421 , 1.09 , 1.09 , 56 , 1.2 , 18.7 , 15.3 , 3.73 , 0.9 
143,최원준,23두, 4.57 , 26 , 107.2 , 4.93 , 4.57 , 5.94 , 2.34 , 2.54 , 0.92 , 15.3 , 6.0 , 9.2 , 0.92 , .322 , 68.9 , .287 , .348 , .451 , .799 , 1.37 , 1.48 , 1763 , 4.1 , 67.8 , 16.4 , 3.79 , 4.9 
144,유영찬,23L, 4.58 , 67 , 68.0 , 3.44 , 4.58 , 7.28 , 5.29 , 1.38 , 0.53 , 18.0 , 13.1 , 4.9 , 1.40 , .262 , 77.8 , .220 , .339 , .332 , .671 , 1.40 , 1.50 , 1134 , 1.0 , 16.9 , 16.7 , 3.72 , 19.5 
145,최이준,23롯, 4.58 , 28 , 29.0 , 6.83 , 4.58 , 6.21 , 6.52 , 0.95 , 0.31 , 14.0 , 14.7 , -0.7 , 1.41 , .360 , 63.6 , .306 , .409 , .471 , .880 , 2.00 , 2.00 , 546 , 1.0 , 19.5 , 18.8 , 3.82 , -4.5 
146,배제성,23K, 4.65 , 26 , 130.1 , 4.49 , 4.65 , 5.46 , 5.32 , 1.03 , 0.41 , 13.3 , 12.9 , 0.3 , 1.20 , .326 , 70.4 , .289 , .380 , .369 , .749 , 1.70 , 1.71 , 2331 , 5.0 , 89.7 , 17.9 , 3.91 , 16.1 
147,오승환,23삼, 4.67 , 58 , 62.2 , 3.45 , 4.67 , 6.32 , 2.15 , 2.93 , 1.29 , 16.7 , 5.7 , 11.0 , 0.94 , .254 , 78.2 , .238 , .286 , .404 , .690 , 1.15 , 1.18 , 1027 , 1.1 , 17.7 , 16.4 , 3.89 , 15.7 
148,이로운,23S, 4.67 , 50 , 57.2 , 5.62 , 4.67 , 8.12 , 4.53 , 1.79 , 1.09 , 19.4 , 10.8 , 8.6 , 1.41 , .341 , 66.5 , .289 , .366 , .444 , .810 , 1.67 , 1.68 , 1107 , 1.2 , 22.1 , 19.2 , 4.13 , 4.0 
149,최민준,23S, 4.68 , 53 , 60.0 , 4.20 , 4.68 , 5.55 , 2.85 , 1.95 , 1.05 , 14.1 , 7.3 , 6.9 , 0.93 , .352 , 77.5 , .319 , .370 , .468 , .838 , 1.57 , 1.58 , 1025 , 1.1 , 19.3 , 17.1 , 3.91 , 10.7 
150,이호성,23삼, 4.68 , 5 , 17.0 , 2.65 , 4.68 , 5.82 , 5.29 , 1.10 , 0.53 , 15.5 , 14.1 , 1.4 , 1.24 , .213 , 81.6 , .190 , .304 , .345 , .649 , 1.24 , 1.24 , 272 , 3.4 , 54.4 , 16.0 , 3.83 , 5.6 
151,정철원,23두, 4.68 , 67 , 72.2 , 3.96 , 4.68 , 6.81 , 3.96 , 1.72 , 0.99 , 17.5 , 10.2 , 7.3 , 1.20 , .272 , 72.1 , .242 , .323 , .352 , .674 , 1.35 , 1.38 , 1254 , 1.1 , 18.7 , 17.3 , 3.98 , 16.8 
152,강효종,23L, 4.69 , 7 , 21.2 , 6.23 , 4.69 , 5.82 , 4.99 , 1.17 , 0.42 , 13.6 , 11.7 , 1.9 , 1.20 , .338 , 55.9 , .298 , .390 , .369 , .759 , 1.71 , 1.80 , 446 , 3.1 , 63.7 , 20.6 , 4.33 , -1.8 
153,김기중,23한, 4.70 , 37 , 56.1 , 4.63 , 4.70 , 7.35 , 4.63 , 1.59 , 0.64 , 18.2 , 11.5 , 6.7 , 1.33 , .338 , 69.7 , .278 , .387 , .407 , .794 , 1.54 , 1.70 , 1022 , 1.5 , 27.6 , 18.1 , 4.04 , 4.8 
154,김영현,23K, 4.72 , 31 , 33.0 , 5.45 , 4.72 , 9.55 , 5.46 , 1.75 , 1.09 , 23.3 , 13.3 , 10.0 , 1.67 , .296 , 63.9 , .238 , .345 , .389 , .734 , 1.52 , 1.55 , 563 , 1.1 , 18.2 , 17.1 , 3.75 , 0.0 
155,이지강,23L, 4.72 , 22 , 68.0 , 3.97 , 4.72 , 5.03 , 3.71 , 1.36 , 0.53 , 12.7 , 9.4 , 3.3 , 0.97 , .257 , 56.9 , .233 , .327 , .314 , .641 , 1.29 , 1.43 , 1196 , 3.1 , 54.4 , 17.6 , 4.00 , 9.8 
156,윤석원,23키, 4.73 , 21 , 24.0 , 4.50 , 4.73 , 3.00 , 3.00 , 1.00 , 0.75 , 7.3 , 7.3 , 0.0 , 0.67 , .307 , 58.5 , .302 , .349 , .417 , .766 , 1.54 , 1.54 , 418 , 1.1 , 19.9 , 17.4 , 3.80 , 2.8 
157,김성진,23키, 4.74 , 55 , 47.0 , 3.64 , 4.74 , 7.28 , 4.79 , 1.52 , 0.96 , 18.3 , 12.0 , 6.3 , 1.34 , .287 , 81.0 , .247 , .342 , .371 , .712 , 1.47 , 1.49 , 824 , 0.9 , 15.0 , 17.5 , 3.96 , 11.3 
158,오석주,23L, 4.74 , 9 , 10.0 , 6.30 , 4.74 , 9.90 , 2.70 , 3.67 , 1.80 , 25.0 , 6.8 , 18.2 , 1.40 , .357 , 65.6 , .293 , .341 , .488 , .829 , 1.50 , 1.50 , 176 , 1.1 , 19.6 , 17.6 , 4.00 , -0.9 
159,송영진,23S, 4.75 , 17 , 47.1 , 5.70 , 4.75 , 7.23 , 5.89 , 1.23 , 0.57 , 17.3 , 14.1 , 3.2 , 1.46 , .303 , 58.8 , .257 , .366 , .369 , .735 , 1.63 , 1.67 , 871 , 2.8 , 51.2 , 18.4 , 3.96 , 0.5 
160,박준표,23K, 4.76 , 33 , 28.0 , 4.50 , 4.76 , 4.18 , 2.89 , 1.44 , 0.96 , 11.0 , 7.6 , 3.4 , 0.79 , .272 , 64.0 , .259 , .316 , .389 , .705 , 1.32 , 1.32 , 413 , 0.9 , 12.5 , 14.8 , 3.50 , 2.3 
161,박명근,23L, 4.77 , 57 , 51.1 , 5.08 , 4.77 , 7.01 , 4.91 , 1.43 , 0.70 , 16.9 , 11.9 , 5.1 , 1.33 , .287 , 67.2 , .249 , .353 , .366 , .719 , 1.50 , 1.62 , 952 , 0.9 , 16.7 , 18.6 , 4.03 , 4.7 
162,장현식,23K, 4.78 , 56 , 51.0 , 4.06 , 4.78 , 7.77 , 4.59 , 1.69 , 1.06 , 19.5 , 11.5 , 8.0 , 1.37 , .351 , 77.0 , .296 , .378 , .429 , .806 , 1.65 , 1.67 , 876 , 0.9 , 15.6 , 17.2 , 3.88 , 8.9 
,조현우,23K, 4.78 , 5 , 3.0 , 6.00 , 4.78 , 3.00 , 6.00 , 0.50 , 0.00 , 5.9 , 11.8 , -5.9 , 1.00 , .429 , 75.0 , .400 , .471 , .467 , .937 , 2.67 , 2.67 , 63 , 0.6 , 12.6 , 21.0 , 3.71 , -0.4 
164,송은범,23L, 4.81 , 4 , 3.2 , 2.45 , 4.81 , 4.91 , 7.36 , 0.67 , 0.00 , 11.8 , 17.6 , -5.9 , 1.36 , .500 , 88.9 , .429 , .529 , .429 , .958 , 2.46 , 2.46 , 54 , 0.9 , 13.5 , 14.7 , 3.18 , 1.0 
165,문용익,23삼, 4.83 , 14 , 13.0 , 4.15 , 4.83 , 8.31 , 8.31 , 1.00 , 0.00 , 20.3 , 20.3 , 0.0 , 1.85 , .250 , 72.7 , .182 , .379 , .205 , .584 , 1.54 , 1.69 , 222 , 0.9 , 15.9 , 17.1 , 3.76 , 2.7 
166,오원석,23S, 4.83 , 28 , 144.2 , 5.23 , 4.83 , 5.48 , 4.29 , 1.28 , 0.68 , 13.6 , 10.6 , 2.9 , 1.09 , .316 , 65.3 , .283 , .367 , .389 , .756 , 1.57 , 1.63 , 2564 , 5.2 , 91.6 , 17.7 , 3.96 , 5.1 
167,문승원,23S, 4.83 , 50 , 105.0 , 5.23 , 4.83 , 5.57 , 3.00 , 1.86 , 1.03 , 13.6 , 7.3 , 6.3 , 0.95 , .353 , 69.7 , .319 , .377 , .470 , .847 , 1.65 , 1.71 , 1793 , 2.1 , 35.9 , 17.1 , 3.74 , 3.0 
168,윤중현,23K, 4.87 , 31 , 28.0 , 3.86 , 4.87 , 2.57 , 3.21 , 0.80 , 0.64 , 7.0 , 8.7 , -1.7 , 0.64 , .294 , 72.6 , .287 , .354 , .376 , .730 , 1.39 , 1.43 , 407 , 0.9 , 13.1 , 14.5 , 3.54 , 4.8 
,조성훈,23S, 4.87 , 2 , 7.0 , 6.43 , 4.87 , 5.14 , 5.14 , 1.00 , 0.00 , 11.8 , 11.8 , 0.0 , 1.14 , .417 , 68.8 , .357 , .471 , .393 , .863 , 2.00 , 2.29 , 137 , 3.5 , 68.5 , 19.6 , 4.03 , -1.1 
170,강재민,23한, 4.87 , 43 , 43.1 , 6.44 , 4.87 , 8.72 , 3.95 , 2.21 , 1.04 , 22.2 , 10.1 , 12.2 , 1.41 , .263 , 56.4 , .224 , .330 , .397 , .727 , 1.25 , 1.43 , 785 , 1.0 , 18.3 , 18.1 , 4.15 , -4.1 
171,이병헌,23두, 4.89 , 36 , 27.0 , 4.67 , 4.89 , 9.33 , 7.33 , 1.27 , 0.67 , 22.2 , 17.5 , 4.8 , 1.85 , .319 , 70.8 , .248 , .384 , .376 , .760 , 1.74 , 1.78 , 516 , 0.8 , 14.3 , 19.1 , 4.10 , 2.3 
172,오상원,23키, 4.91 , 11 , 15.0 , 6.60 , 4.91 , 4.20 , 5.40 , 0.78 , 0.00 , 9.5 , 12.2 , -2.7 , 1.07 , .327 , 63.3 , .290 , .405 , .403 , .809 , 1.80 , 2.00 , 298 , 1.4 , 27.1 , 19.9 , 4.03 , -2.8 
173,이민호,23L, 4.92 , 5 , 19.2 , 5.03 , 4.92 , 3.20 , 4.58 , 0.70 , 0.46 , 7.7 , 11.0 , -3.3 , 0.86 , .300 , 62.1 , .290 , .364 , .382 , .745 , 1.63 , 1.63 , 369 , 3.9 , 73.8 , 18.8 , 4.06 , -0.5 
174,윤대경,23한, 4.93 , 47 , 47.2 , 2.45 , 4.93 , 5.29 , 3.59 , 1.47 , 0.76 , 14.1 , 9.5 , 4.5 , 0.99 , .227 , 77.6 , .209 , .308 , .343 , .651 , 1.15 , 1.28 , 795 , 1.0 , 16.9 , 16.7 , 4.00 , 18.6 
175,이선우,23K, 4.94 , 22 , 37.1 , 4.34 , 4.94 , 5.79 , 2.17 , 2.67 , 1.21 , 14.2 , 5.3 , 8.9 , 0.88 , .331 , 75.5 , .305 , .355 , .442 , .797 , 1.50 , 1.61 , 589 , 1.7 , 26.8 , 15.8 , 3.49 , 3.1 
176,한현희,23롯, 4.95 , 38 , 104.0 , 5.45 , 4.95 , 6.40 , 3.81 , 1.68 , 0.95 , 15.5 , 9.2 , 6.3 , 1.14 , .335 , 67.0 , .297 , .376 , .444 , .820 , 1.61 , 1.71 , 1927 , 2.7 , 50.7 , 18.5 , 4.05 , 2.4 
177,한승혁,23한, 4.96 , 21 , 36.1 , 6.44 , 4.96 , 6.94 , 5.20 , 1.33 , 0.74 , 15.9 , 11.9 , 4.0 , 1.35 , .372 , 66.4 , .324 , .409 , .446 , .855 , 1.90 , 1.98 , 684 , 1.7 , 32.6 , 18.8 , 3.89 , -5.0 
178,이인복,23롯, 4.97 , 10 , 33.1 , 6.48 , 4.97 , 4.05 , 2.70 , 1.50 , 0.81 , 8.9 , 6.0 , 3.0 , 0.75 , .392 , 57.1 , .380 , .423 , .535 , .959 , 1.92 , 2.07 , 636 , 3.3 , 63.6 , 19.1 , 3.79 , -4.8 
179,이용준,23N, 4.98 , 24 , 67.0 , 4.30 , 4.98 , 6.72 , 5.91 , 1.14 , 0.67 , 16.4 , 14.5 , 2.0 , 1.40 , .274 , 67.7 , .239 , .351 , .343 , .694 , 1.55 , 1.58 , 1278 , 2.8 , 53.3 , 19.1 , 4.20 , 9.5 
180,김민수,23K, 4.98 , 14 , 13.0 , 6.92 , 4.98 , 2.77 , 3.46 , 0.80 , 0.69 , 6.9 , 8.6 , -1.7 , 0.69 , .356 , 58.3 , .354 , .400 , .604 , 1.004 , 1.69 , 1.69 , 203 , 0.9 , 14.5 , 15.6 , 3.50 , -3.1 
181,문성현,23키, 5.00 , 32 , 28.1 , 4.13 , 5.00 , 6.67 , 6.35 , 1.05 , 0.64 , 15.7 , 14.9 , 0.7 , 1.45 , .274 , 70.1 , .234 , .364 , .318 , .682 , 1.59 , 1.66 , 487 , 0.9 , 15.2 , 17.2 , 3.63 , 5.3 
182,이재학,23N, 5.02 , 15 , 67.1 , 4.54 , 5.02 , 5.75 , 4.41 , 1.30 , 0.80 , 14.7 , 11.3 , 3.4 , 1.13 , .244 , 67.4 , .223 , .323 , .332 , .655 , 1.31 , 1.38 , 1142 , 4.5 , 76.1 , 17.0 , 3.90 , 9.0 
183,장민재,23한, 5.02 , 25 , 69.0 , 4.83 , 5.02 , 7.96 , 2.87 , 2.77 , 1.57 , 19.8 , 7.1 , 12.7 , 1.20 , .328 , 67.3 , .288 , .349 , .482 , .830 , 1.46 , 1.54 , 1177 , 2.8 , 47.1 , 17.1 , 3.82 , 6.6 
184,김민우,23한, 5.03 , 12 , 51.2 , 6.97 , 5.03 , 7.49 , 4.88 , 1.54 , 1.05 , 17.7 , 11.5 , 6.2 , 1.37 , .367 , 60.0 , .313 , .396 , .495 , .891 , 1.80 , 1.84 , 959 , 4.3 , 79.9 , 18.6 , 3.95 , -8.9 
185,최지강,23두, 5.03 , 25 , 22.0 , 5.32 , 5.03 , 5.73 , 8.59 , 0.67 , 0.00 , 13.7 , 20.6 , -6.9 , 1.59 , .242 , 64.9 , .205 , .366 , .256 , .623 , 1.68 , 1.68 , 399 , 0.9 , 16.0 , 18.1 , 3.91 , 1.4 
186,주권,23K, 5.04 , 42 , 47.0 , 4.40 , 5.04 , 3.26 , 3.64 , 0.90 , 0.77 , 8.3 , 9.3 , -1.0 , 0.77 , .285 , 73.0 , .278 , .350 , .398 , .748 , 1.45 , 1.49 , 714 , 1.1 , 17.0 , 15.2 , 3.48 , 3.2 
187,이민우,23한, 5.05 , 17 , 13.2 , 2.63 , 5.05 , 7.24 , 3.95 , 1.83 , 1.32 , 19.3 , 10.5 , 8.8 , 1.24 , .162 , 71.4 , .167 , .250 , .292 , .542 , 1.02 , 1.02 , 239 , 0.8 , 14.1 , 17.5 , 4.19 , 5.9 
188,이형범,23두, 5.07 , 23 , 27.2 , 6.51 , 5.07 , 4.23 , 3.90 , 1.08 , 0.65 , 9.7 , 9.0 , 0.7 , 0.90 , .373 , 61.3 , .348 , .417 , .487 , .904 , 1.88 , 1.99 , 476 , 1.2 , 20.7 , 17.2 , 3.55 , -3.9 
189,양현,23키, 5.07 , 54 , 57.0 , 5.05 , 5.07 , 2.53 , 3.32 , 0.76 , 0.79 , 6.1 , 8.0 , -1.9 , 0.65 , .359 , 68.0 , .356 , .402 , .476 , .878 , 1.83 , 1.83 , 943 , 1.1 , 17.5 , 16.5 , 3.60 , -1.9 
190,최채흥,23삼, 5.10 , 15 , 63.1 , 6.68 , 5.10 , 4.69 , 2.27 , 2.06 , 1.28 , 11.2 , 5.4 , 5.8 , 0.77 , .346 , 59.1 , .330 , .370 , .498 , .868 , 1.67 , 1.72 , 1167 , 4.2 , 77.8 , 18.4 , 3.96 , -11.0 
191,최성영,23N, 5.14 , 18 , 66.2 , 4.86 , 5.14 , 5.13 , 4.32 , 1.19 , 0.81 , 12.5 , 10.6 , 2.0 , 1.05 , .330 , 72.9 , .304 , .385 , .451 , .836 , 1.64 , 1.71 , 1133 , 3.7 , 62.9 , 17.0 , 3.74 , 6.1 
192,정성종,23롯, 5.17 , 12 , 22.0 , 5.32 , 5.17 , 4.09 , 6.14 , 0.67 , 0.41 , 10.2 , 15.3 , -5.1 , 1.14 , .294 , 64.6 , .266 , .390 , .367 , .757 , 1.64 , 1.68 , 343 , 1.8 , 28.6 , 15.6 , 3.50 , -1.0 
193,이영준,23키, 5.24 , 2 , 1.2 , 21.60 , 5.24 , 0.00 , 5.40 , 0.00 , 0.00 , 0.0 , 10.0 , -10.0 , 0.60 , .444 , 20.0 , .444 , .500 , .444 , .944 , 3.00 , 3.00 , 34 , 0.8 , 17.0 , 20.4 , 3.40 , -3.2 
194,이명종,23키, 5.25 , 45 , 57.0 , 5.21 , 5.25 , 4.11 , 3.79 , 1.08 , 0.79 , 10.0 , 9.2 , 0.8 , 0.88 , .314 , 69.7 , .300 , .377 , .427 , .804 , 1.58 , 1.68 , 1022 , 1.3 , 22.7 , 17.9 , 3.93 , 3.1 
195,이준호,23N, 5.27 , 17 , 31.2 , 4.83 , 5.27 , 5.40 , 4.26 , 1.27 , 0.85 , 13.2 , 10.4 , 2.8 , 1.07 , .282 , 62.0 , .260 , .354 , .382 , .736 , 1.48 , 1.61 , 614 , 1.9 , 36.1 , 19.4 , 4.26 , 3.7 
196,허윤동,23삼, 5.32 , 7 , 10.2 , 10.13 , 5.32 , 6.75 , 10.13 , 0.67 , 0.00 , 13.3 , 20.0 , -6.7 , 1.88 , .400 , 57.1 , .356 , .467 , .511 , .978 , 2.63 , 2.63 , 228 , 1.5 , 32.6 , 21.4 , 3.80 , -5.9 
197,김민,23K, 5.34 , 16 , 29.0 , 6.83 , 5.34 , 6.83 , 4.97 , 1.38 , 0.93 , 15.2 , 11.0 , 4.1 , 1.31 , .374 , 60.9 , .325 , .417 , .447 , .864 , 1.93 , 2.07 , 520 , 1.8 , 32.5 , 17.9 , 3.59 , -4.3 
198,송명기,23N, 5.36 , 35 , 104.1 , 4.92 , 5.36 , 5.61 , 4.05 , 1.38 , 1.04 , 13.7 , 9.9 , 3.8 , 1.07 , .282 , 67.9 , .260 , .350 , .395 , .745 , 1.47 , 1.57 , 1871 , 3.0 , 53.5 , 17.9 , 3.95 , 5.7 
199,장재영,23키, 5.40 , 23 , 71.2 , 5.53 , 5.40 , 8.41 , 8.29 , 1.02 , 0.50 , 19.8 , 19.5 , 0.3 , 1.86 , .307 , 69.3 , .243 , .407 , .348 , .754 , 1.80 , 1.91 , 1438 , 3.1 , 62.5 , 20.1 , 4.24 , -0.5 
200,김기훈,23K, 5.42 , 29 , 31.1 , 4.60 , 5.42 , 7.47 , 10.63 , 0.70 , 0.00 , 16.7 , 23.7 , -7.1 , 2.01 , .308 , 67.2 , .244 , .430 , .313 , .743 , 2.07 , 2.14 , 671 , 1.1 , 23.1 , 21.4 , 4.30 , 4.3 
201,한두솔,23S, 5.44 , 1 , 1.0 , 9.00 , 5.44 , 18.00 , 9.00 , 2.00 , 0.00 , 33.3 , 16.7 , 16.7 , 3.00 , .500 , 66.7 , .250 , .500 , .750 , 1.250 , 2.00 , 3.00 , 26 , 1.0 , 26.0 , 26.0 , 4.33 , -0.3 
202,김진욱,23롯, 5.51 , 50 , 36.1 , 6.44 , 5.51 , 8.67 , 7.18 , 1.21 , 0.99 , 19.8 , 16.4 , 3.4 , 1.76 , .317 , 65.7 , .262 , .391 , .404 , .795 , 1.82 , 1.87 , 746 , 0.7 , 14.9 , 20.5 , 4.22 , -2.3 
203,메디나,23K, 5.51 , 12 , 58.0 , 6.05 , 5.51 , 5.59 , 4.50 , 1.24 , 0.93 , 13.4 , 10.8 , 2.6 , 1.12 , .312 , 64.1 , .283 , .384 , .443 , .826 , 1.60 , 1.76 , 1003 , 4.8 , 83.6 , 17.3 , 3.73 , -4.4 
204,하준호,23K, 5.52 , 12 , 13.0 , 4.85 , 5.52 , 4.15 , 6.92 , 0.60 , 0.00 , 9.2 , 15.4 , -6.2 , 1.23 , .350 , 69.0 , .304 , .475 , .326 , .802 , 1.85 , 2.23 , 230 , 1.1 , 19.2 , 17.7 , 3.54 , 0.1 
205,소형준,23K, 5.53 , 3 , 11.0 , 11.45 , 5.53 , 3.27 , 2.46 , 1.33 , 0.82 , 6.8 , 5.1 , 1.7 , 0.64 , .447 , 52.6 , .423 , .483 , .558 , 1.041 , 2.27 , 2.55 , 230 , 3.7 , 76.7 , 20.9 , 3.90 , -8.1 
206,김서현,23한, 5.59 , 20 , 22.1 , 7.25 , 5.59 , 10.48 , 9.27 , 1.13 , 0.40 , 22.8 , 20.2 , 2.6 , 2.19 , .375 , 63.2 , .265 , .460 , .398 , .858 , 2.02 , 2.33 , 476 , 1.1 , 23.8 , 21.3 , 4.18 , -4.2 
207,이승현,23삼, 5.61 , 48 , 43.1 , 4.98 , 5.61 , 7.69 , 6.02 , 1.28 , 1.25 , 18.6 , 14.6 , 4.0 , 1.52 , .289 , 72.3 , .252 , .369 , .399 , .768 , 1.62 , 1.66 , 789 , 0.9 , 16.4 , 18.2 , 3.97 , 2.4 
208,한재승,23N, 5.62 , 11 , 9.2 , 3.72 , 5.62 , 9.31 , 4.66 , 2.00 , 1.86 , 22.7 , 11.4 , 11.4 , 1.55 , .259 , 80.4 , .231 , .318 , .410 , .728 , 1.45 , 1.45 , 183 , 0.9 , 16.6 , 18.9 , 4.16 , 1.8 
209,진해수,23L, 5.62 , 19 , 14.2 , 3.07 , 5.62 , 7.36 , 6.14 , 1.20 , 1.23 , 16.7 , 13.9 , 2.8 , 1.50 , .333 , 79.4 , .295 , .389 , .443 , .832 , 1.91 , 1.91 , 297 , 0.8 , 15.6 , 20.3 , 4.13 , 3.5 
210,백승건,23S, 5.65 , 25 , 38.0 , 4.97 , 5.65 , 6.87 , 4.03 , 1.71 , 1.66 , 17.1 , 10.0 , 7.1 , 1.21 , .296 , 70.5 , .273 , .345 , .447 , .792 , 1.53 , 1.53 , 656 , 1.5 , 26.2 , 17.3 , 3.86 , 2.9 
211,김준형,23키, 5.66 , 8 , 7.2 , 7.04 , 5.66 , 5.87 , 7.04 , 0.83 , 0.00 , 13.9 , 16.7 , -2.8 , 1.44 , .191 , 53.8 , .154 , .371 , .269 , .641 , 1.30 , 1.70 , 146 , 1.0 , 18.3 , 19.0 , 4.06 , -1.7 
212,김유신,23K, 5.68 , 27 , 30.1 , 5.64 , 5.68 , 3.56 , 5.64 , 0.63 , 0.59 , 8.5 , 13.5 , -5.0 , 1.02 , .308 , 69.5 , .296 , .400 , .417 , .817 , 1.75 , 1.85 , 541 , 1.1 , 20.0 , 17.8 , 3.84 , -2.6 
213,이재희,23삼, 5.69 , 2 , 8.0 , 3.38 , 5.69 , 5.63 , 5.63 , 1.00 , 1.13 , 15.2 , 15.2 , 0.0 , 1.25 , .136 , 78.9 , .143 , .273 , .286 , .558 , 1.13 , 1.13 , 140 , 4.0 , 70.0 , 17.5 , 4.24 , 1.5 
214,이상영,23L, 5.72 , 6 , 11.0 , 3.27 , 5.72 , 3.27 , 6.55 , 0.50 , 0.00 , 7.4 , 14.8 , -7.4 , 1.09 , .324 , 78.3 , .293 , .442 , .366 , .808 , 1.82 , 2.09 , 208 , 1.8 , 34.7 , 18.9 , 3.85 , 1.9 
215,박승주,23키, 5.72 , 18 , 18.0 , 3.50 , 5.72 , 7.50 , 6.50 , 1.15 , 1.00 , 16.5 , 14.3 , 2.2 , 1.56 , .293 , 73.7 , .257 , .378 , .432 , .810 , 1.78 , 1.89 , 368 , 1.0 , 20.4 , 20.4 , 4.04 , 3.5 
216,박준영,23한, 5.75 , 4 , 4.1 , 18.69 , 5.75 , 14.54 , 16.62 , 0.88 , 0.00 , 30.4 , 34.8 , -4.3 , 3.46 , .250 , 10.0 , .143 , .435 , .143 , .578 , 2.31 , 2.31 , 101 , 1.1 , 25.3 , 23.3 , 4.39 , -6.1 
217,윤정현,23키, 5.78 , 5 , 6.0 , 1.50 , 5.78 , 3.00 , 9.00 , 0.33 , 0.00 , 7.7 , 23.1 , -15.4 , 1.33 , .278 , 81.8 , .250 , .423 , .250 , .673 , 1.83 , 1.83 , 103 , 1.2 , 20.6 , 17.2 , 3.96 , 2.2 
218,김태훈,23키삼, 5.81 , 71 , 63.1 , 7.11 , 5.81 , 5.68 , 6.11 , 0.93 , 1.14 , 13.1 , 14.1 , -1.0 , 1.31 , .324 , 60.7 , .296 , .403 , .480 , .883 , 1.85 , 1.90 , 1161 , 0.9 , 16.4 , 18.3 , 3.79 , -8.3 
219,장필준,23삼, 5.82 , 17 , 19.1 , 7.91 , 5.82 , 5.12 , 5.59 , 0.92 , 0.93 , 11.5 , 12.5 , -1.0 , 1.19 , .377 , 63.8 , .350 , .438 , .563 , 1.000 , 2.07 , 2.17 , 388 , 1.1 , 22.8 , 20.1 , 4.04 , -5.2 
220,심창민,23N, 5.84 , 5 , 3.1 , 2.70 , 5.84 , 13.50 , 13.50 , 1.00 , 0.00 , 27.8 , 27.8 , 0.0 , 3.00 , .286 , 75.0 , .167 , .444 , .167 , .611 , 2.10 , 2.40 , 79 , 0.7 , 15.8 , 23.7 , 4.39 , 1.2 
,채지선,23LN, 5.84 , 3 , 3.1 , 8.10 , 5.84 , 5.40 , 10.80 , 0.50 , 0.00 , 11.8 , 23.5 , -11.8 , 1.80 , .364 , 62.5 , .333 , .471 , .583 , 1.054 , 2.40 , 2.40 , 60 , 1.1 , 20.0 , 18.0 , 3.53 , -1.1 
222,홍정우,23삼, 5.86 , 36 , 36.0 , 7.50 , 5.86 , 5.50 , 5.25 , 1.05 , 1.25 , 13.3 , 12.7 , 0.6 , 1.19 , .277 , 54.7 , .259 , .368 , .403 , .771 , 1.58 , 1.67 , 620 , 1.0 , 17.2 , 17.2 , 3.74 , -7.8 
223,백승우,23두, 5.94 , 6 , 4.0 , 0.00 , 5.94 , 2.25 , 6.75 , 0.33 , 0.00 , 5.6 , 16.7 , -11.1 , 1.00 , .231 , 100.0 , .214 , .389 , .214 , .603 , 1.50 , 1.75 , 78 , 0.7 , 13.0 , 19.5 , 4.33 , 2.1 
224,김승현,23K, 5.97 , 10 , 12.2 , 4.26 , 5.97 , 4.97 , 7.11 , 0.70 , 0.71 , 12.3 , 17.5 , -5.3 , 1.34 , .270 , 77.7 , .244 , .393 , .356 , .748 , 1.66 , 1.74 , 234 , 1.3 , 23.4 , 18.5 , 4.11 , 1.0 
225,김정운,23K, 6.01 , 5 , 7.0 , 3.86 , 6.01 , 3.86 , 7.71 , 0.50 , 0.00 , 8.6 , 17.1 , -8.6 , 1.29 , .250 , 71.4 , .222 , .400 , .296 , .696 , 1.71 , 2.00 , 138 , 1.4 , 27.6 , 19.7 , 3.94 , 0.8 
226,김서준,23삼, 6.05 , 8 , 7.2 , 7.04 , 6.05 , 2.35 , 7.04 , 0.33 , 0.00 , 5.1 , 15.4 , -10.3 , 1.04 , .310 , 64.7 , .290 , .436 , .355 , .791 , 1.96 , 2.22 , 142 , 1.0 , 17.8 , 18.5 , 3.64 , -2.0 
227,최지광,23삼, 6.10 , 22 , 17.1 , 5.19 , 6.10 , 9.35 , 4.67 , 2.00 , 2.08 , 22.0 , 11.0 , 11.0 , 1.56 , .260 , 79.4 , .239 , .329 , .437 , .766 , 1.50 , 1.56 , 332 , 0.8 , 15.1 , 19.2 , 4.05 , 2.5 
228,노건우,23삼, 6.12 , 16 , 12.1 , 7.30 , 6.12 , 8.76 , 3.65 , 2.40 , 2.19 , 18.5 , 7.7 , 10.8 , 1.38 , .432 , 71.4 , .373 , .431 , .576 , 1.007 , 2.19 , 2.27 , 263 , 0.8 , 16.4 , 21.3 , 4.05 , -2.6 
229,전사민,23N, 6.15 , 9 , 17.0 , 4.76 , 6.15 , 3.18 , 7.41 , 0.43 , 0.53 , 7.4 , 17.3 , -9.9 , 1.18 , .296 , 72.8 , .283 , .429 , .350 , .779 , 1.82 , 1.94 , 283 , 1.9 , 31.4 , 16.7 , 3.49 , 0.1 
230,맥키니,23키, 6.19 , 12 , 59.1 , 6.52 , 6.19 , 5.92 , 5.46 , 1.08 , 1.52 , 14.6 , 13.4 , 1.1 , 1.26 , .280 , 61.9 , .268 , .366 , .469 , .835 , 1.64 , 1.65 , 1089 , 4.9 , 90.8 , 18.4 , 4.06 , -8.4 
231,류희운,23한, 6.19 , 3 , 4.0 , 11.25 , 6.19 , 9.00 , 4.50 , 2.00 , 2.25 , 20.0 , 10.0 , 10.0 , 1.50 , .385 , 45.5 , .333 , .400 , .556 , .956 , 2.00 , 2.00 , 68 , 1.3 , 22.7 , 17.0 , 3.40 , -2.6 
232,박종훈,23S, 6.31 , 18 , 80.0 , 6.19 , 6.31 , 6.30 , 6.75 , 0.93 , 0.90 , 14.7 , 15.7 , -1.0 , 1.45 , .292 , 68.4 , .260 , .412 , .392 , .804 , 1.71 , 1.95 , 1587 , 4.4 , 88.2 , 19.8 , 4.15 , -7.4 
233,황동재,23삼, 6.38 , 7 , 31.2 , 7.11 , 6.38 , 7.67 , 5.97 , 1.29 , 1.71 , 17.4 , 13.5 , 3.9 , 1.52 , .347 , 65.9 , .305 , .409 , .565 , .974 , 1.93 , 1.99 , 639 , 4.5 , 91.3 , 20.2 , 4.12 , -6.5 
234,황동하,23K, 6.41 , 13 , 31.1 , 6.61 , 6.41 , 5.46 , 6.03 , 0.91 , 1.44 , 12.8 , 14.1 , -1.3 , 1.28 , .300 , 64.0 , .285 , .390 , .504 , .895 , 1.79 , 1.82 , 576 , 2.4 , 44.3 , 18.4 , 3.87 , -5.4 
235,김강현,23롯, 6.44 , 2 , 3.0 , 3.00 , 6.44 , 0.00 , 6.00 , 0.00 , 0.00 , 0.0 , 15.4 , -15.4 , 0.67 , .111 , 75.0 , .111 , .333 , .111 , .444 , 1.00 , 1.33 , 61 , 1.5 , 30.5 , 20.3 , 4.69 , 0.5 
,송승기,23L, 6.44 , 1 , 1.0 , 0.00 , 6.44 , 0.00 , 9.00 , 0.00 , 0.00 , 0.0 , 20.0 , -20.0 , 1.00 , .250 , 100.0 , .250 , .400 , .250 , .650 , 2.00 , 2.00 , 18 , 1.0 , 18.0 , 18.0 , 3.60 , 0.5 
,유승철,23K, 6.44 , 1 , 1.0 , 0.00 , 6.44 , 0.00 , 9.00 , 0.00 , 0.00 , 0.0 , 25.0 , -25.0 , 1.00 , .000 , 100.0 , .000 , .250 , .000 , .250 , 1.00 , 1.00 , 19 , 1.0 , 19.0 , 19.0 , 4.75 , 0.5 
,박세진,23K, 6.44 , 16 , 11.2 , 3.86 , 6.44 , 7.71 , 10.80 , 0.71 , 0.77 , 15.2 , 21.2 , -6.1 , 2.06 , .342 , 76.1 , .289 , .439 , .385 , .824 , 2.49 , 2.49 , 272 , 0.7 , 17.0 , 23.3 , 4.12 , 1.8 
,배재준,23L, 6.44 , 1 , 1.0 , 18.00 , 6.44 , 0.00 , 9.00 , 0.00 , 0.00 , 0.0 , 16.7 , -16.7 , 1.00 , .400 , 33.3 , .400 , .500 , .800 , 1.300 , 3.00 , 3.00 , 23 , 1.0 , 23.0 , 23.0 , 3.83 , -1.5 
,장지수,23한, 6.44 , 1 , 2.0 , 18.00 , 6.44 , 0.00 , 9.00 , 0.00 , 0.00 , 0.0 , 18.2 , -18.2 , 1.00 , .444 , 16.7 , .444 , .546 , .444 , .990 , 3.00 , 3.00 , 44 , 2.0 , 44.0 , 22.0 , 4.00 , -3.0 
241,김태현,23N, 6.69 , 16 , 20.1 , 4.43 , 6.69 , 6.20 , 5.75 , 1.08 , 1.77 , 15.6 , 14.4 , 1.1 , 1.33 , .224 , 70.9 , .224 , .344 , .421 , .766 , 1.48 , 1.53 , 337 , 1.3 , 21.1 , 16.6 , 3.74 , 2.6 
242,김정우,23두, 6.74 , 7 , 6.2 , 9.45 , 6.74 , 8.10 , 9.45 , 0.86 , 1.35 , 15.8 , 18.4 , -2.6 , 1.95 , .417 , 66.3 , .355 , .474 , .516 , .990 , 2.70 , 2.70 , 148 , 1.0 , 21.1 , 22.2 , 3.90 , -3.1 
243,윤명준,23롯, 6.86 , 21 , 19.1 , 6.52 , 6.86 , 5.12 , 4.66 , 1.10 , 1.86 , 11.2 , 10.2 , 1.0 , 1.09 , .403 , 78.7 , .383 , .469 , .593 , 1.061 , 2.12 , 2.33 , 353 , 0.9 , 16.8 , 18.3 , 3.60 , -3.2 
244,이충호,23한, 6.90 , 11 , 8.2 , 9.35 , 6.90 , 7.27 , 5.19 , 1.40 , 2.08 , 17.1 , 12.2 , 4.9 , 1.39 , .400 , 59.2 , .353 , .450 , .529 , .979 , 1.96 , 2.08 , 145 , 0.8 , 13.2 , 16.7 , 3.54 , -4.0 
245,김재영,23한, 6.94 , 6 , 8.0 , 10.13 , 6.94 , 5.63 , 2.25 , 2.50 , 2.25 , 12.5 , 5.0 , 7.5 , 0.88 , .379 , 56.3 , .361 , .425 , .639 , 1.064 , 1.88 , 2.13 , 145 , 1.3 , 24.2 , 18.1 , 3.63 , -4.5 
246,이채호,23K, 7.42 , 25 , 24.2 , 6.93 , 7.42 , 2.92 , 3.28 , 0.89 , 2.19 , 7.3 , 8.2 , -0.9 , 0.69 , .241 , 64.2 , .274 , .349 , .526 , .875 , 1.42 , 1.54 , 390 , 1.0 , 15.6 , 15.8 , 3.55 , -5.9 
247,하준수,23N, 7.44 , 1 , 1.0 , 0.00 , 7.44 , 9.00 , 18.00 , 0.50 , 0.00 , 20.0 , 40.0 , -20.0 , 3.00 , .000 , 100.0 , .000 , .400 , .000 , .400 , 2.00 , 2.00 , 33 , 1.0 , 33.0 , 33.0 , 6.60 , 0.6 
,윤산흠,23한, 7.44 , 5 , 3.0 , 6.00 , 7.44 , 9.00 , 18.00 , 0.50 , 0.00 , 16.7 , 33.3 , -16.7 , 3.00 , .375 , 77.8 , .273 , .529 , .364 , .893 , 3.00 , 3.00 , 83 , 0.6 , 16.6 , 27.7 , 4.61 , -0.2 
,제환유,23두, 7.44 , 1 , 2.0 , 13.50 , 7.44 , 9.00 , 18.00 , 0.50 , 0.00 , 14.3 , 28.6 , -14.3 , 3.00 , .375 , 42.9 , .300 , .500 , .300 , .800 , 3.50 , 3.50 , 53 , 2.0 , 53.0 , 26.5 , 3.79 , -1.8 
250,양창섭,23삼, 7.45 , 15 , 28.2 , 9.10 , 7.45 , 3.77 , 5.02 , 0.75 , 2.20 , 8.5 , 11.3 , -2.8 , 0.98 , .362 , 63.2 , .366 , .440 , .594 , 1.033 , 2.13 , 2.16 , 549 , 1.9 , 36.6 , 19.2 , 3.89 , -13.5 
251,김재열,23K, 7.47 , 9 , 11.2 , 13.11 , 7.47 , 6.94 , 10.03 , 0.69 , 1.54 , 12.9 , 18.6 , -5.7 , 1.89 , .391 , 53.0 , .364 , .471 , .582 , 1.053 , 2.83 , 2.83 , 304 , 1.3 , 33.8 , 26.1 , 4.34 , -10.3 
252,딜런,23두, 7.55 , 2 , 9.0 , 8.00 , 7.55 , 2.00 , 5.00 , 0.40 , 2.00 , 4.4 , 11.1 , -6.7 , 0.78 , .222 , 49.2 , .250 , .333 , .425 , .758 , 1.67 , 1.67 , 175 , 4.5 , 87.5 , 19.4 , 3.89 , -3.3 
253,주승우,23키, 7.57 , 11 , 16.0 , 9.56 , 7.57 , 4.50 , 11.81 , 0.38 , 0.56 , 8.9 , 23.3 , -14.4 , 1.81 , .339 , 60.1 , .308 , .489 , .462 , .950 , 2.56 , 2.69 , 382 , 1.5 , 34.7 , 23.9 , 4.24 , -8.2 
254,이우석,23N, 7.94 , 1 , 0.2 , 0.00 , 7.94 , 0.00 , 13.50 , 0.00 , 0.00 , 0.0 , 50.0 , -50.0 , 1.50 , .000 , 100.0 , .000 , .500 , .000 , .500 , 1.50 , 1.50 , 5 , 0.7 , 5.0 , 7.5 , 2.50 , 0.3 
,임지민,23N, 7.94 , 2 , 1.1 , 13.50 , 7.94 , 20.25 , 27.00 , 0.75 , 0.00 , 30.0 , 40.0 , -10.0 , 5.25 , .667 , 66.7 , .333 , .600 , .333 , .933 , 4.50 , 4.50 , 48 , 0.7 , 24.0 , 36.0 , 4.80 , -1.0 
,서상준,23S, 7.94 , 2 , 2.0 , 0.00 , 7.94 , 13.50 , 22.50 , 0.60 , 0.00 , 23.1 , 38.5 , -15.4 , 4.00 , .200 , 50.0 , .125 , .462 , .125 , .587 , 3.00 , 3.00 , 55 , 1.0 , 27.5 , 27.5 , 4.23 , 1.3 
257,이승호,23키, 8.04 , 4 , 5.0 , 5.40 , 8.04 , 1.80 , 7.20 , 0.25 , 1.80 , 4.2 , 16.7 , -12.5 , 1.00 , .222 , 78.9 , .250 , .375 , .550 , .925 , 1.80 , 1.80 , 96 , 1.3 , 24.0 , 19.2 , 4.00 , -0.4 
258,김대현,23L, 8.24 , 5 , 3.1 , 10.80 , 8.24 , 8.10 , 5.40 , 1.50 , 2.70 , 13.6 , 9.1 , 4.5 , 1.50 , .467 , 62.5 , .421 , .500 , .684 , 1.184 , 3.00 , 3.30 , 89 , 0.7 , 17.8 , 26.7 , 4.05 , -2.0 
259,정구범,23N, 8.42 , 4 , 12.2 , 7.82 , 8.42 , 4.26 , 8.53 , 0.50 , 2.13 , 9.4 , 18.8 , -9.4 , 1.42 , .302 , 71.4 , .308 , .438 , .539 , .976 , 2.21 , 2.21 , 286 , 3.2 , 71.5 , 22.6 , 4.47 , -4.1 
260,이태연,23롯, 9.09 , 15 , 5.2 , 15.88 , 9.09 , 6.35 , 14.29 , 0.44 , 1.59 , 10.8 , 24.3 , -13.5 , 2.29 , .478 , 56.1 , .444 , .568 , .667 , 1.234 , 3.71 , 3.71 , 162 , 0.4 , 10.8 , 28.6 , 4.38 , -6.8 
261,최충연,23삼, 9.12 , 7 , 9.1 , 4.82 , 9.12 , 7.71 , 6.75 , 1.14 , 2.89 , 17.0 , 14.9 , 2.1 , 1.61 , .280 , 75.9 , .278 , .435 , .556 , .990 , 1.82 , 2.14 , 174 , 1.3 , 24.9 , 18.6 , 3.70 , 0.5 
262,박권후,23삼, 9.44 , 4 , 2.2 , 3.38 , 9.44 , 0.00 , 3.38 , 0.00 , 3.38 , 0.0 , 7.7 , -7.7 , 0.38 , .273 , 83.3 , .333 , .385 , .583 , .968 , 1.88 , 1.88 , 55 , 0.7 , 13.8 , 20.6 , 4.23 , 0.3 
,박진,23롯, 9.44 , 4 , 5.0 , 9.00 , 9.44 , 3.60 , 12.60 , 0.29 , 1.80 , 6.9 , 24.1 , -17.2 , 1.80 , .333 , 71.4 , .333 , .500 , .571 , 1.071 , 2.80 , 2.80 , 113 , 1.3 , 28.3 , 22.6 , 3.90 , -2.3 
,이승진,23두, 9.44 , 1 , 0.2 , 0.00 , 9.44 , 13.50 , 13.50 , 1.00 , 0.00 , 16.7 , 16.7 , 0.0 , 3.00 , .333 , -33.3 , .250 , .500 , .250 , .750 , 3.00 , 4.50 , 24 , 0.7 , 24.0 , 36.0 , 4.00 , 0.4 
265,이기순,23S, 9.78 , 2 , 3.0 , 9.00 , 9.78 , 9.00 , 12.00 , 0.75 , 3.00 , 18.8 , 25.0 , -6.3 , 2.33 , .250 , 71.4 , .273 , .438 , .546 , .983 , 2.33 , 2.33 , 63 , 1.5 , 31.5 , 21.0 , 3.94 , -1.2 
266,최하늘,23삼, 9.92 , 3 , 6.1 , 19.89 , 9.92 , 4.26 , 7.11 , 0.60 , 2.84 , 7.5 , 12.5 , -5.0 , 1.26 , .444 , 38.5 , .438 , .539 , .813 , 1.351 , 3.00 , 3.32 , 150 , 2.1 , 50.0 , 23.7 , 3.75 , -10.5 
267,서동민,23S, 10.44 , 2 , 1.0 , 0.00 , 10.44 , 9.00 , 27.00 , 0.33 , 0.00 , 16.7 , 50.0 , -33.3 , 4.00 , .000 , 100.0 , .000 , .500 , .000 , .500 , 3.00 , 3.00 , 23 , 0.5 , 11.5 , 23.0 , 3.83 , 0.6 
,홍성민,23키, 10.44 , 2 , 2.0 , 9.00 , 10.44 , 4.50 , 4.50 , 1.00 , 4.50 , 8.3 , 8.3 , 0.0 , 1.00 , .444 , 87.0 , .455 , .500 , .909 , 1.409 , 3.00 , 3.00 , 49 , 1.0 , 24.5 , 24.5 , 4.08 , -0.9 
,김호준,23두, 10.44 , 3 , 3.0 , 12.00 , 10.44 , 6.00 , 12.00 , 0.50 , 3.00 , 12.5 , 25.0 , -12.5 , 2.00 , .222 , 53.6 , .273 , .438 , .546 , .983 , 2.33 , 2.33 , 59 , 1.0 , 19.7 , 19.7 , 3.69 , -2.3 
270,양지율,23키, 10.94 , 1 , 0.2 , 13.50 , 10.94 , 27.00 , 40.50 , 0.67 , 0.00 , 33.3 , 50.0 , -16.7 , 7.50 , 1.000 , 75.0 , .333 , .667 , .333 , 1.000 , 6.00 , 6.00 , 28 , 0.7 , 28.0 , 42.0 , 4.67 , -0.5 
271,김유성,23두, 11.34 , 7 , 6.1 , 9.95 , 11.34 , 8.53 , 17.05 , 0.50 , 2.84 , 15.8 , 31.6 , -15.8 , 2.84 , .222 , 72.4 , .250 , .474 , .500 , .974 , 2.84 , 2.84 , 172 , 0.9 , 24.6 , 27.2 , 4.53 , -3.2 
272,김영준,23L, 12.44 , 1 , 0.1 , 27.00 , 12.44 , 0.00 , 27.00 , 0.00 , 0.00 , 0.0 , 33.3 , -33.3 , 3.00 , .500 , 50.0 , .500 , .667 , .500 , 1.167 , 6.00 , 6.00 , 16 , 0.3 , 16.0 , 48.0 , 5.33 , 0.2 
,이원재,23두, 12.44 , 1 , 1.0 , 27.00 , 12.44 , 0.00 , 27.00 , 0.00 , 0.00 , 0.0 , 33.3 , -33.3 , 3.00 , .500 , 50.0 , .500 , .667 , .667 , 1.333 , 6.00 , 6.00 , 34 , 1.0 , 34.0 , 34.0 , 3.78 , -2.5 
274,김시현,23삼, 12.78 , 2 , 3.0 , 12.00 , 12.78 , 6.00 , 6.00 , 1.00 , 6.00 , 11.8 , 11.8 , 0.0 , 1.33 , .364 , 57.7 , .400 , .471 , .867 , 1.337 , 2.67 , 2.67 , 79 , 1.5 , 39.5 , 26.3 , 4.65 , -2.3 
275,정성곤,23S, 12.90 , 6 , 4.1 , 10.38 , 12.90 , 6.23 , 14.54 , 0.43 , 4.15 , 10.3 , 24.1 , -13.8 , 2.31 , .375 , 49.2 , .381 , .536 , .810 , 1.345 , 3.46 , 3.46 , 122 , 0.7 , 20.3 , 28.2 , 4.21 , -2.5 
276,변시원,23키, 15.01 , 4 , 2.1 , 42.43 , 15.01 , 7.71 , 15.43 , 0.50 , 3.86 , 10.5 , 21.1 , -10.5 , 2.57 , .500 , 9.4 , .462 , .632 , .846 , 1.478 , 4.29 , 5.14 , 68 , 0.6 , 17.0 , 29.1 , 3.58 , -9.6 
277,박윤철,23한, 15.14 , 3 , 3.1 , 21.60 , 15.14 , 2.70 , 13.50 , 0.20 , 5.40 , 5.0 , 25.0 , -20.0 , 1.80 , .250 , 27.8 , .333 , .500 , .867 , 1.367 , 3.00 , 3.00 , 81 , 1.1 , 27.0 , 24.3 , 4.05 , -6.2 
278,김주온,23S, 15.44 , 1 , 0.1 , 81.00 , 15.44 , 27.00 , 27.00 , 1.00 , 0.00 , 20.0 , 20.0 , 0.0 , 6.00 , 1.000 , 25.0 , .667 , .800 , .667 , 1.467 , 9.00 , 12.00 , 14 , 0.3 , 14.0 , 42.0 , 2.80 , -2.7 
279,김동규,23L키, 15.67 , 4 , 4.1 , 22.85 , 15.67 , 2.08 , 24.92 , 0.08 , 2.08 , 3.2 , 38.7 , -35.5 , 3.00 , .333 , 43.0 , .375 , .645 , .563 , 1.208 , 4.15 , 4.62 , 143 , 1.1 , 35.8 , 33.0 , 4.61 , -8.7 
280,장세진,23롯, 16.19 , 2 , 1.1 , 13.50 , 16.19 , 6.75 , 13.50 , 0.50 , 6.75 , 12.5 , 25.0 , -12.5 , 2.25 , .333 , 76.9 , .400 , .571 , 1.000 , 1.571 , 3.00 , 3.00 , 37 , 0.7 , 18.5 , 27.8 , 4.63 , -1.2 
281,김건희,23키, 19.44 , 3 , 2.0 , 22.50 , 19.44 , 0.00 , 9.00 , 0.00 , 9.00 , 0.0 , 14.3 , -14.3 , 1.00 , .400 , 57.7 , .500 , .571 , 1.000 , 1.571 , 4.00 , 4.00 , 57 , 0.7 , 19.0 , 28.5 , 4.07 , -4.0 
282,문경찬,23롯, 20.94 , 2 , 2.0 , 27.00 , 20.94 , 9.00 , 0.00 ,  , 13.50 , 16.7 , 0.0 , 16.7 , 1.00 , .429 , 0.0 , .500 , .500 , 1.250 , 1.750 , 3.00 , 3.00 , 36 , 1.0 , 18.0 , 18.0 , 3.00 , -4.8 
283,나원탁,23롯, 24.44 , 1 , 0.2 , 40.50 , 24.44 , 13.50 , 13.50 , 1.00 , 13.50 , 16.7 , 16.7 , 0.0 , 3.00 , .667 , 38.5 , .600 , .667 , 1.200 , 1.867 , 6.00 , 6.00 , 27 , 0.7 , 27.0 , 40.5 , 4.50 , -2.6 
284,박세웅,23삼, 33.44 , 2 , 0.2 , 27.00 , 33.44 , 13.50 , 40.50 , 0.33 , 13.50 , 16.7 , 50.0 , -33.3 , 6.00 , .000 , 76.9 , .333 , .667 , 1.333 , 2.000 , 6.00 , 6.00 , 28 , 0.3 , 14.0 , 42.0 , 4.67 , -1.6 
285,김주한,23S,  , 1 , 0.0 ,  ,  ,  ,  , 0.00 ,  , 0.0 , 33.3 , -33.3 ,  , 1.000 , 0.0 , 1.000 , 1.000 , 2.500 , 3.500 ,  ,  , 16 , 0.0 , 16.0 ,  , 5.33 , -3.0 
,,,,,,,,,,,,,,,,,,,,,,,,,,,,,
