순,이름,팀/포지션,정렬용,출장,이닝,땅볼,뜬공,GO/FO,InP%,타구내야%,타구외야%,BABIP,내야타율,외야타율,내야뜬공N,내야뜬공%,내야안타N,내야안타%,실책출루,포스O출루,번트안타,번트아웃,번트타율,번트시도,번트%
1,장지수,23한, 4.00 , 1 , 2.0 , 4 , 1 , 4.00 , 81.8 , 55.6 , 44.4 , .444 , .200 , .750 , 0 , 0.0 , 1 , 25.0 , 0 , 1 , 0 , 0 ,  , 0 ,  
2,윤정현,23키, 3.33 , 5 , 6.0 , 10 , 3 , 3.33 , 69.2 , 55.6 , 44.4 , .278 , .000 , .625 , 0 , 0.0 , 0 , 0.0 , 0 , 0 , 0 , 0 ,  , 0 ,  
3,정우영,23L, 2.89 , 60 , 51.2 , 81 , 28 , 2.89 , 69.8 , 56.7 , 43.3 , .365 , .103 , .716 , 7 , 25.0 , 10 , 15.9 , 5 , 9 , 0 , 1 , .000 , 8 , 0.0 
4,김서현,23한, 2.89 , 20 , 22.1 , 26 , 9 , 2.89 , 50.0 , 57.9 , 42.1 , .375 , .121 , .750 , 3 , 33.3 , 4 , 18.2 , 1 , 5 , 0 , 0 ,  , 1 , 0.0 
5,김진호,23N, 2.57 , 19 , 16.1 , 18 , 7 , 2.57 , 54.8 , 57.5 , 42.5 , .375 , .044 , .824 , 4 , 57.1 , 1 , 6.7 , 0 , 0 , 0 , 0 ,  , 3 , 0.0 
6,김동혁,23키, 2.52 , 35 , 39.1 , 63 , 25 , 2.52 , 72.9 , 52.5 , 47.5 , .360 , .041 , .727 , 7 , 28.0 , 3 , 5.9 , 3 , 7 , 0 , 1 , .000 , 8 , 0.0 
7,김시현,23삼, 2.50 , 2 , 3.0 , 5 , 2 , 2.50 , 76.5 , 46.2 , 53.9 , .364 , .000 , .857 , 1 , 50.0 , 0 , 0.0 , 1 , 1 , 0 , 0 ,  , 0 ,  
8,이재익,23삼, 2.14 , 51 , 41.0 , 60 , 28 , 2.14 , 74.6 , 53.0 , 47.0 , .326 , .070 , .651 , 6 , 21.4 , 5 , 10.9 , 3 , 4 , 1 , 2 , .333 , 6 , 16.7 
9,이인복,23롯, 2.13 , 10 , 33.1 , 51 , 24 , 2.13 , 79.2 , 52.0 , 48.0 , .392 , .136 , .738 , 8 , 33.3 , 9 , 16.7 , 6 , 10 , 2 , 0 , 1.000 , 6 , 33.3 
10,문용익,23삼, 2.00 , 14 , 13.0 , 16 , 8 , 2.00 , 54.2 , 59.4 , 40.6 , .250 , .053 , .539 , 2 , 25.0 , 1 , 12.5 , 0 , 2 , 0 , 1 , .000 , 2 , 0.0 
,전용주,23K, 2.00 , 15 , 10.1 , 14 , 7 , 2.00 , 62.8 , 63.0 , 37.0 , .222 , .000 , .600 , 3 , 42.9 , 0 , 0.0 , 0 , 0 , 0 , 0 ,  , 0 ,  
,송은범,23L, 2.00 , 4 , 3.2 , 4 , 2 , 2.00 , 70.6 , 33.3 , 66.7 , .500 , .000 , .750 , 0 , 0.0 , 0 , 0.0 , 0 , 1 , 0 , 0 ,  , 0 ,  
13,김민,23K, 1.91 , 16 , 29.0 , 40 , 21 , 1.91 , 70.3 , 46.5 , 53.5 , .374 , .021 , .722 , 7 , 33.3 , 1 , 2.5 , 3 , 7 , 0 , 0 ,  , 0 ,  
14,고봉재,23두, 1.88 , 10 , 11.1 , 15 , 8 , 1.88 , 69.8 , 48.6 , 51.4 , .324 , .000 , .667 , 2 , 25.0 , 0 , 0.0 , 1 , 3 , 0 , 0 ,  , 0 ,  
15,김태현,23N, 1.81 , 16 , 20.1 , 29 , 16 , 1.81 , 68.9 , 58.1 , 41.9 , .224 , .056 , .577 , 5 , 31.3 , 2 , 11.8 , 2 , 2 , 0 , 1 , .000 , 1 , 0.0 
16,심재민,23K롯, 1.79 , 33 , 47.2 , 68 , 38 , 1.79 , 76.2 , 52.2 , 47.9 , .335 , .094 , .628 , 9 , 23.7 , 8 , 14.0 , 4 , 8 , 0 , 4 , .000 , 7 , 0.0 
17,임준섭,23S, 1.77 , 41 , 32.2 , 39 , 22 , 1.77 , 68.4 , 41.0 , 59.1 , .410 , .000 , .710 , 4 , 18.2 , 0 , 0.0 , 1 , 4 , 0 , 0 ,  , 2 , 0.0 
18,페디,23N, 1.74 , 30 , 180.1 , 200 , 115 , 1.74 , 64.3 , 58.9 , 41.2 , .287 , .094 , .602 , 41 , 35.7 , 25 , 18.3 , 13 , 23 , 1 , 3 , .250 , 19 , 5.3 
19,이상민,23삼, 1.73 , 23 , 18.0 , 19 , 11 , 1.73 , 75.9 , 38.7 , 61.3 , .492 , .167 , .737 , 1 , 9.1 , 4 , 12.5 , 0 , 1 , 2 , 1 , .667 , 7 , 28.6 
20,이형범,23두, 1.70 , 23 , 27.2 , 39 , 23 , 1.70 , 77.6 , 51.0 , 49.0 , .373 , .077 , .720 , 9 , 39.1 , 4 , 10.0 , 2 , 3 , 0 , 0 ,  , 1 , 0.0 
21,박준표,23K, 1.68 , 33 , 28.0 , 42 , 25 , 1.68 , 80.5 , 55.8 , 44.2 , .272 , .057 , .595 , 8 , 32.0 , 3 , 10.7 , 2 , 5 , 0 , 0 ,  , 1 , 0.0 
22,김원중,23롯, 1.68 , 63 , 63.2 , 62 , 37 , 1.68 , 57.4 , 50.0 , 50.0 , .327 , .053 , .627 , 9 , 24.3 , 4 , 7.8 , 1 , 5 , 0 , 1 , .000 , 2 , 0.0 
23,박종훈,23S, 1.67 , 18 , 80.0 , 102 , 61 , 1.67 , 63.9 , 56.7 , 43.3 , .292 , .074 , .644 , 24 , 39.3 , 10 , 13.0 , 4 , 8 , 0 , 1 , .000 , 15 , 0.0 
24,이상규,23L, 1.67 , 8 , 7.2 , 10 , 6 , 1.67 , 67.7 , 60.9 , 39.1 , .304 , .143 , .556 , 2 , 33.3 , 2 , 28.6 , 1 , 1 , 0 , 1 , .000 , 1 , 0.0 
,김태오,23K, 1.67 , 5 , 7.1 , 10 , 6 , 1.67 , 80.0 , 46.2 , 53.9 , .357 , .000 , .714 , 2 , 33.3 , 0 , 0.0 , 1 , 0 , 0 , 0 ,  , 0 ,  
26,메디나,23K, 1.63 , 12 , 58.0 , 78 , 48 , 1.63 , 71.4 , 50.0 , 50.0 , .312 , .042 , .632 , 13 , 27.1 , 4 , 6.3 , 2 , 5 , 1 , 2 , .333 , 5 , 20.0 
27,뷰캐넌,23삼, 1.62 , 30 , 188.0 , 253 , 156 , 1.62 , 75.0 , 55.2 , 44.9 , .291 , .053 , .602 , 52 , 33.3 , 17 , 9.8 , 13 , 28 , 3 , 5 , .375 , 24 , 12.5 
28,류진욱,23N, 1.60 , 70 , 67.0 , 77 , 48 , 1.60 , 63.1 , 61.5 , 38.6 , .238 , .069 , .531 , 18 , 37.5 , 7 , 17.1 , 5 , 8 , 1 , 1 , .500 , 4 , 25.0 
29,윤명준,23롯, 1.60 , 21 , 19.1 , 24 , 15 , 1.60 , 72.5 , 44.3 , 55.7 , .403 , .097 , .718 , 4 , 26.7 , 3 , 9.7 , 0 , 1 , 0 , 1 , .000 , 2 , 0.0 
30,이선우,23K, 1.59 , 22 , 37.1 , 51 , 32 , 1.59 , 78.1 , 47.7 , 52.3 , .331 , .048 , .647 , 8 , 25.0 , 3 , 6.4 , 2 , 7 , 0 , 1 , .000 , 3 , 0.0 
31,요키시,23키, 1.59 , 12 , 65.2 , 81 , 51 , 1.59 , 75.9 , 52.3 , 47.7 , .369 , .098 , .696 , 20 , 39.2 , 11 , 13.4 , 6 , 16 , 1 , 3 , .250 , 13 , 7.7 
32,양현,23키, 1.58 , 54 , 57.0 , 82 , 52 , 1.58 , 84.7 , 51.6 , 48.4 , .359 , .098 , .686 , 19 , 36.5 , 11 , 13.3 , 6 , 10 , 2 , 1 , .667 , 6 , 33.3 
33,윤중현,23K, 1.56 , 31 , 28.0 , 39 , 25 , 1.56 , 81.7 , 48.4 , 51.6 , .294 , .022 , .583 , 5 , 20.0 , 1 , 3.5 , 2 , 1 , 0 , 0 ,  , 1 , 0.0 
34,이우찬,23L, 1.56 , 38 , 38.1 , 42 , 27 , 1.56 , 67.5 , 53.9 , 46.2 , .324 , .089 , .625 , 9 , 33.3 , 5 , 14.3 , 2 , 1 , 2 , 3 , .400 , 7 , 28.6 
,손주영,23L, 1.56 , 3 , 8.2 , 14 , 9 , 1.56 , 76.1 , 62.9 , 37.1 , .343 , .091 , .769 , 6 , 66.7 , 2 , 16.7 , 3 , 4 , 1 , 1 , .500 , 2 , 50.0 
,강효종,23L, 1.56 , 7 , 21.2 , 28 , 18 , 1.56 , 69.9 , 42.9 , 57.1 , .338 , .033 , .600 , 2 , 11.1 , 1 , 4.0 , 2 , 7 , 0 , 0 ,  , 2 , 0.0 
37,김영규,23N, 1.54 , 63 , 61.2 , 77 , 50 , 1.54 , 70.0 , 55.8 , 44.2 , .252 , .073 , .500 , 12 , 24.0 , 7 , 15.6 , 0 , 4 , 2 , 4 , .333 , 14 , 14.3 
38,임정호,23N, 1.51 , 65 , 50.0 , 56 , 37 , 1.51 , 66.7 , 52.1 , 47.9 , .340 , .107 , .623 , 11 , 29.7 , 8 , 15.7 , 6 , 7 , 2 , 3 , .400 , 8 , 25.0 
39,고영표,23K, 1.51 , 28 , 174.2 , 228 , 151 , 1.51 , 79.6 , 53.3 , 46.7 , .314 , .074 , .609 , 49 , 32.5 , 22 , 12.2 , 6 , 19 , 1 , 2 , .333 , 14 , 7.1 
40,백승우,23두, 1.50 , 6 , 4.0 , 6 , 4 , 1.50 , 72.2 , 53.9 , 46.2 , .231 , .000 , .500 , 1 , 25.0 , 0 , 0.0 , 0 , 0 , 0 , 0 ,  , 0 ,  
,한재승,23N, 1.50 , 11 , 9.2 , 12 , 8 , 1.50 , 65.9 , 55.2 , 44.8 , .259 , .063 , .615 , 3 , 37.5 , 1 , 11.1 , 2 , 0 , 0 , 0 ,  , 0 ,  
,홍성민,23키, 1.50 , 2 , 2.0 , 3 , 2 , 1.50 , 83.3 , 40.0 , 60.0 , .444 , .000 , .833 , 1 , 50.0 , 0 , 0.0 , 0 , 1 , 0 , 0 ,  , 1 , 0.0 
,송영진,23S, 1.50 , 17 , 47.1 , 57 , 38 , 1.50 , 65.9 , 51.8 , 48.2 , .303 , .082 , .588 , 10 , 26.3 , 6 , 13.0 , 5 , 9 , 0 , 0 ,  , 2 , 0.0 
44,장원준,23두, 1.49 , 11 , 41.0 , 52 , 35 , 1.49 , 77.1 , 51.8 , 48.2 , .358 , .083 , .702 , 15 , 42.9 , 6 , 11.3 , 2 , 8 , 2 , 0 , 1.000 , 4 , 50.0 
45,김시훈,23N, 1.48 , 61 , 52.2 , 59 , 40 , 1.48 , 64.1 , 45.5 , 54.5 , .351 , .028 , .647 , 10 , 25.0 , 2 , 3.5 , 3 , 6 , 0 , 1 , .000 , 2 , 0.0 
46,김대유,23K, 1.47 , 41 , 24.2 , 28 , 19 , 1.47 , 67.3 , 49.3 , 50.7 , .333 , .056 , .649 , 6 , 31.6 , 2 , 7.7 , 1 , 3 , 1 , 0 , 1.000 , 2 , 50.0 
47,박세진,23K, 1.46 , 16 , 11.2 , 16 , 11 , 1.46 , 63.6 , 54.8 , 45.2 , .342 , .130 , .632 , 4 , 36.4 , 3 , 20.0 , 3 , 5 , 0 , 1 , .000 , 2 , 0.0 
48,최영환,23롯, 1.44 , 8 , 10.0 , 13 , 9 , 1.44 , 70.4 , 51.4 , 48.7 , .395 , .053 , .778 , 5 , 55.6 , 1 , 6.7 , 3 , 5 , 0 , 2 , .000 , 4 , 0.0 
49,브랜든,23두, 1.44 , 18 , 104.2 , 115 , 80 , 1.44 , 64.9 , 57.1 , 42.9 , .278 , .070 , .585 , 31 , 38.8 , 11 , 13.8 , 3 , 7 , 0 , 1 , .000 , 7 , 0.0 
50,문승원,23S, 1.41 , 50 , 105.0 , 134 , 95 , 1.41 , 77.0 , 48.5 , 51.5 , .353 , .090 , .646 , 28 , 29.5 , 16 , 11.6 , 8 , 13 , 2 , 1 , .667 , 7 , 28.6 
51,강건,23K, 1.40 , 4 , 6.2 , 7 , 5 , 1.40 , 57.1 , 43.8 , 56.3 , .250 , .000 , .444 , 0 , 0.0 , 0 , 0.0 , 1 , 0 , 0 , 0 ,  , 0 ,  
52,이재희,23삼, 1.38 , 2 , 8.0 , 11 , 8 , 1.38 , 69.7 , 52.2 , 47.8 , .136 , .000 , .364 , 1 , 12.5 , 0 , 0.0 , 0 , 0 , 0 , 0 ,  , 0 ,  
53,박상원,23한, 1.37 , 55 , 61.2 , 67 , 49 , 1.37 , 66.1 , 51.4 , 48.6 , .337 , .087 , .632 , 17 , 34.7 , 8 , 12.7 , 5 , 11 , 0 , 1 , .000 , 7 , 0.0 
54,소형준,23K, 1.36 , 3 , 11.0 , 15 , 11 , 1.36 , 81.4 , 39.6 , 60.4 , .447 , .105 , .690 , 2 , 18.2 , 2 , 9.1 , 2 , 4 , 0 , 0 ,  , 1 , 0.0 
55,수아레즈,23삼, 1.34 , 19 , 108.0 , 123 , 92 , 1.34 , 73.3 , 49.4 , 50.6 , .362 , .065 , .678 , 36 , 39.1 , 11 , 8.5 , 10 , 19 , 2 , 2 , .500 , 8 , 25.0 
56,백승현,23L, 1.33 , 42 , 40.0 , 48 , 36 , 1.33 , 69.1 , 58.9 , 41.1 , .236 , .030 , .565 , 16 , 44.4 , 2 , 7.1 , 3 , 7 , 0 , 3 , .000 , 3 , 0.0 
57,박세웅,23롯, 1.33 , 27 , 154.0 , 177 , 133 , 1.33 , 69.9 , 52.3 , 47.7 , .304 , .071 , .590 , 44 , 33.1 , 17 , 11.7 , 9 , 18 , 2 , 2 , .500 , 15 , 13.3 
58,정성종,23롯, 1.29 , 12 , 22.0 , 27 , 21 , 1.29 , 70.4 , 53.6 , 46.4 , .294 , .054 , .594 , 8 , 38.1 , 2 , 9.5 , 0 , 1 , 0 , 0 ,  , 1 , 0.0 
59,최민준,23S, 1.28 , 53 , 60.0 , 69 , 54 , 1.28 , 76.3 , 45.0 , 55.1 , .352 , .056 , .642 , 15 , 27.8 , 5 , 6.7 , 2 , 6 , 0 , 2 , .000 , 4 , 0.0 
60,구창모,23N, 1.27 , 11 , 51.2 , 52 , 41 , 1.27 , 64.9 , 55.0 , 45.0 , .264 , .056 , .576 , 16 , 39.0 , 4 , 10.5 , 5 , 5 , 1 , 0 , 1.000 , 3 , 33.3 
61,산체스,23한, 1.27 , 24 , 126.0 , 147 , 116 , 1.27 , 74.4 , 51.6 , 48.4 , .316 , .078 , .622 , 43 , 37.1 , 16 , 11.8 , 7 , 11 , 2 , 5 , .286 , 17 , 11.8 
62,송윤준,23한, 1.25 , 4 , 4.1 , 5 , 4 , 1.25 , 73.7 , 46.2 , 53.9 , .286 , .000 , .571 , 1 , 25.0 , 0 , 0.0 , 0 , 0 , 0 , 1 , .000 , 1 , 0.0 
,최충연,23삼, 1.25 , 7 , 9.1 , 10 , 8 , 1.25 , 59.6 , 46.4 , 53.6 , .280 , .000 , .667 , 3 , 37.5 , 0 , 0.0 , 1 , 4 , 0 , 0 ,  , 0 ,  
,박윤철,23한, 1.25 , 3 , 3.1 , 5 , 4 , 1.25 , 70.0 , 50.0 , 50.0 , .250 , .000 , .714 , 2 , 50.0 , 0 , 0.0 , 0 , 1 , 0 , 0 ,  , 0 ,  
,김재영,23한, 1.25 , 6 , 8.0 , 10 , 8 , 1.25 , 77.5 , 38.7 , 61.3 , .379 , .000 , .684 , 2 , 25.0 , 0 , 0.0 , 0 , 1 , 0 , 0 ,  , 1 , 0.0 
66,후라도,23키, 1.24 , 30 , 183.2 , 216 , 174 , 1.24 , 73.7 , 52.7 , 47.3 , .283 , .058 , .561 , 59 , 33.9 , 17 , 10.4 , 15 , 26 , 4 , 5 , .444 , 21 , 19.1 
67,김강률,23두, 1.24 , 32 , 25.2 , 31 , 25 , 1.24 , 68.7 , 47.4 , 52.6 , .273 , .054 , .512 , 5 , 20.0 , 2 , 8.7 , 2 , 5 , 0 , 1 , .000 , 1 , 0.0 
68,이용준,23N, 1.24 , 24 , 67.0 , 78 , 63 , 1.24 , 67.8 , 50.3 , 49.8 , .274 , .059 , .540 , 17 , 27.0 , 6 , 10.0 , 7 , 10 , 1 , 1 , .500 , 9 , 11.1 
69,문동주,23한, 1.24 , 23 , 118.2 , 136 , 110 , 1.24 , 71.6 , 51.0 , 49.0 , .302 , .060 , .580 , 36 , 32.7 , 11 , 9.7 , 2 , 12 , 1 , 0 , 1.000 , 8 , 12.5 
70,장시환,23한, 1.23 , 39 , 34.2 , 37 , 30 , 1.23 , 66.0 , 44.4 , 55.6 , .310 , .068 , .527 , 4 , 13.3 , 3 , 9.4 , 1 , 5 , 0 , 1 , .000 , 4 , 0.0 
71,김유신,23K, 1.23 , 27 , 30.1 , 38 , 31 , 1.23 , 75.2 , 50.5 , 49.5 , .308 , .077 , .588 , 10 , 32.3 , 4 , 11.8 , 1 , 1 , 1 , 0 , 1.000 , 2 , 50.0 
72,진해수,23L, 1.21 , 19 , 14.2 , 17 , 14 , 1.21 , 69.4 , 44.9 , 55.1 , .333 , .091 , .593 , 3 , 21.4 , 2 , 11.1 , 1 , 6 , 1 , 1 , .500 , 2 , 50.0 
73,고우석,23L, 1.20 , 44 , 44.0 , 36 , 30 , 1.20 , 54.2 , 43.7 , 56.3 , .356 , .067 , .603 , 7 , 23.3 , 3 , 7.9 , 1 , 4 , 0 , 2 , .000 , 5 , 0.0 
,정성곤,23S, 1.20 , 6 , 4.1 , 6 , 5 , 1.20 , 62.1 , 27.8 , 72.2 , .375 , .000 , .615 , 0 , 0.0 , 0 , 0.0 , 1 , 2 , 0 , 0 ,  , 2 , 0.0 
,이태연,23롯, 1.20 , 15 , 5.2 , 6 , 5 , 1.20 , 64.9 , 39.1 , 60.9 , .478 , .222 , .714 , 1 , 20.0 , 2 , 16.7 , 0 , 1 , 0 , 0 ,  , 0 ,  
76,김범수,23한, 1.19 , 76 , 62.1 , 69 , 58 , 1.19 , 68.2 , 49.2 , 50.8 , .321 , .075 , .588 , 18 , 31.0 , 7 , 10.9 , 4 , 12 , 2 , 4 , .333 , 15 , 13.3 
77,윤석원,23키, 1.19 , 21 , 24.0 , 32 , 27 , 1.19 , 81.8 , 42.1 , 58.0 , .307 , .027 , .549 , 4 , 14.8 , 1 , 3.5 , 3 , 5 , 0 , 1 , .000 , 2 , 0.0 
78,김선기,23키, 1.18 , 17 , 43.2 , 52 , 44 , 1.18 , 76.5 , 43.4 , 56.6 , .358 , .046 , .616 , 11 , 25.0 , 3 , 5.4 , 4 , 1 , 0 , 0 ,  , 6 , 0.0 
79,전사민,23N, 1.18 , 9 , 17.0 , 20 , 17 , 1.18 , 67.9 , 57.4 , 42.6 , .296 , .129 , .565 , 7 , 41.2 , 4 , 23.5 , 0 , 1 , 1 , 1 , .500 , 2 , 50.0 
80,조영건,23키, 1.17 , 6 , 7.2 , 7 , 6 , 1.17 , 66.7 , 55.6 , 44.4 , .278 , .000 , .625 , 3 , 50.0 , 0 , 0.0 , 0 , 1 , 0 , 0 ,  , 1 , 0.0 
,하준호,23K, 1.17 , 12 , 13.0 , 14 , 12 , 1.17 , 61.5 , 47.5 , 52.5 , .350 , .158 , .524 , 2 , 16.7 , 3 , 21.4 , 1 , 2 , 1 , 0 , 1.000 , 1 , 100.0 
,우강훈,23롯, 1.17 , 3 , 6.0 , 7 , 6 , 1.17 , 62.1 , 38.9 , 61.1 , .333 , .000 , .546 , 1 , 16.7 , 0 , 0.0 , 1 , 2 , 0 , 0 ,  , 1 , 0.0 
83,반즈,23롯, 1.16 , 30 , 170.1 , 178 , 154 , 1.16 , 69.1 , 47.2 , 52.8 , .329 , .084 , .570 , 40 , 26.0 , 20 , 11.7 , 7 , 18 , 0 , 4 , .000 , 16 , 0.0 
84,장재영,23키, 1.15 , 23 , 71.2 , 69 , 60 , 1.15 , 57.8 , 46.4 , 53.7 , .307 , .045 , .573 , 16 , 26.7 , 4 , 6.4 , 6 , 15 , 2 , 1 , .667 , 6 , 33.3 
85,정찬헌,23키, 1.13 , 14 , 72.0 , 88 , 78 , 1.13 , 82.0 , 48.5 , 51.5 , .282 , .044 , .541 , 22 , 28.2 , 5 , 7.0 , 3 , 8 , 1 , 1 , .500 , 10 , 10.0 
86,이승현,23삼, 1.13 , 48 , 43.1 , 45 , 40 , 1.13 , 63.8 , 50.0 , 50.0 , .289 , .064 , .587 , 14 , 35.0 , 4 , 9.8 , 4 , 7 , 0 , 0 ,  , 0 ,  
,곽도규,23K, 1.13 , 14 , 11.2 , 9 , 8 , 1.13 , 50.8 , 38.7 , 61.3 , .452 , .167 , .632 , 1 , 12.5 , 2 , 14.3 , 0 , 1 , 0 , 0 ,  , 1 , 0.0 
88,김규연,23한, 1.12 , 23 , 19.2 , 19 , 17 , 1.12 , 61.2 , 42.3 , 57.7 , .308 , .000 , .533 , 3 , 17.7 , 0 , 0.0 , 1 , 2 , 0 , 0 ,  , 3 , 0.0 
89,한승주,23한, 1.12 , 47 , 70.2 , 77 , 69 , 1.12 , 71.3 , 48.5 , 51.5 , .338 , .073 , .624 , 25 , 36.2 , 8 , 9.9 , 1 , 8 , 2 , 1 , .667 , 7 , 28.6 
90,조민석,23N, 1.12 , 35 , 31.0 , 29 , 26 , 1.12 , 65.0 , 45.5 , 54.6 , .356 , .075 , .625 , 8 , 30.8 , 3 , 9.1 , 2 , 5 , 1 , 0 , 1.000 , 5 , 20.0 
91,서진용,23S, 1.11 , 69 , 72.2 , 72 , 65 , 1.11 , 63.0 , 47.7 , 52.3 , .295 , .053 , .548 , 18 , 27.7 , 5 , 8.1 , 1 , 7 , 0 , 2 , .000 , 4 , 0.0 
92,하영민,23키, 1.11 , 57 , 52.1 , 52 , 47 , 1.11 , 67.6 , 41.0 , 59.0 , .387 , .044 , .653 , 13 , 27.7 , 3 , 4.5 , 6 , 7 , 0 , 1 , .000 , 5 , 0.0 
93,배제성,23K, 1.10 , 26 , 130.1 , 145 , 132 , 1.10 , 72.0 , 45.0 , 55.0 , .326 , .058 , .576 , 34 , 25.8 , 11 , 7.6 , 6 , 15 , 1 , 2 , .333 , 6 , 16.7 
94,백정현,23삼, 1.10 , 18 , 100.2 , 114 , 104 , 1.10 , 76.6 , 46.9 , 53.1 , .298 , .060 , .539 , 26 , 25.0 , 9 , 9.0 , 1 , 16 , 0 , 3 , .000 , 10 , 0.0 
95,이영하,23두, 1.10 , 36 , 39.1 , 46 , 42 , 1.10 , 69.6 , 49.2 , 50.8 , .302 , .032 , .585 , 15 , 35.7 , 2 , 5.0 , 4 , 4 , 0 , 0 ,  , 1 , 0.0 
96,김광현,23S, 1.09 , 30 , 168.1 , 179 , 164 , 1.09 , 72.4 , 47.8 , 52.2 , .301 , .050 , .572 , 51 , 31.1 , 12 , 7.4 , 9 , 20 , 0 , 3 , .000 , 17 , 0.0 
97,앤더슨,23K, 1.09 , 14 , 79.0 , 85 , 78 , 1.09 , 71.7 , 47.1 , 52.9 , .298 , .054 , .556 , 22 , 28.2 , 6 , 7.9 , 8 , 10 , 1 , 2 , .333 , 8 , 12.5 
98,최지강,23두, 1.09 , 25 , 22.0 , 25 , 23 , 1.09 , 64.7 , 53.1 , 46.9 , .242 , .059 , .467 , 7 , 30.4 , 2 , 12.5 , 2 , 4 , 0 , 0 ,  , 1 , 0.0 
,이민호,23L, 1.09 , 5 , 19.2 , 25 , 23 , 1.09 , 78.0 , 47.8 , 52.2 , .300 , .061 , .556 , 7 , 30.4 , 2 , 9.1 , 4 , 5 , 1 , 1 , .500 , 2 , 50.0 
100,페냐,23한, 1.09 , 32 , 177.1 , 191 , 176 , 1.09 , 68.8 , 49.9 , 50.1 , .268 , .062 , .516 , 51 , 29.0 , 16 , 10.7 , 13 , 26 , 2 , 3 , .400 , 22 , 9.1 
,이용찬,23N, 1.09 , 60 , 61.0 , 64 , 59 , 1.09 , 69.7 , 51.7 , 48.3 , .279 , .088 , .529 , 19 , 32.2 , 8 , 15.1 , 2 , 4 , 0 , 0 ,  , 0 ,  
102,임찬규,23L, 1.08 , 30 , 144.2 , 165 , 153 , 1.08 , 73.3 , 49.8 , 50.2 , .291 , .048 , .567 , 53 , 34.6 , 11 , 7.8 , 10 , 22 , 1 , 3 , .250 , 14 , 7.1 
103,오승환,23삼, 1.08 , 58 , 62.2 , 72 , 67 , 1.08 , 75.0 , 49.5 , 50.5 , .254 , .062 , .515 , 19 , 28.4 , 6 , 10.5 , 5 , 4 , 2 , 1 , .667 , 5 , 40.0 
104,하준영,23N, 1.07 , 57 , 49.0 , 46 , 43 , 1.07 , 66.5 , 46.1 , 53.9 , .345 , .046 , .645 , 16 , 37.2 , 3 , 5.8 , 1 , 4 , 0 , 3 , .000 , 5 , 0.0 
105,파노니,23K, 1.05 , 16 , 82.1 , 87 , 83 , 1.05 , 72.9 , 50.0 , 50.0 , .320 , .055 , .617 , 34 , 41.0 , 7 , 8.1 , 4 , 8 , 2 , 2 , .500 , 6 , 33.3 
106,오원석,23S, 1.04 , 28 , 144.2 , 159 , 153 , 1.04 , 73.6 , 49.6 , 50.4 , .316 , .073 , .595 , 57 , 37.3 , 17 , 10.8 , 10 , 24 , 3 , 6 , .333 , 22 , 13.6 
107,김영현,23K, 1.03 , 31 , 33.0 , 31 , 30 , 1.03 , 61.3 , 44.0 , 56.0 , .296 , .025 , .569 , 8 , 26.7 , 1 , 3.3 , 1 , 2 , 0 , 0 ,  , 2 , 0.0 
108,박정수,23두, 1.03 , 25 , 36.2 , 37 , 36 , 1.03 , 66.7 , 50.0 , 50.0 , .330 , .055 , .618 , 15 , 41.7 , 3 , 8.1 , 1 , 7 , 0 , 1 , .000 , 3 , 0.0 
109,정철원,23두, 1.03 , 67 , 72.2 , 77 , 75 , 1.03 , 70.2 , 50.9 , 49.1 , .272 , .045 , .570 , 29 , 38.7 , 5 , 7.6 , 6 , 9 , 0 , 2 , .000 , 7 , 0.0 
110,벤자민,23K, 1.01 , 29 , 160.0 , 159 , 157 , 1.01 , 68.7 , 48.4 , 51.6 , .299 , .089 , .538 , 46 , 29.3 , 20 , 13.4 , 13 , 16 , 2 , 4 , .333 , 16 , 12.5 
111,노경은,23S, 1.01 , 76 , 83.0 , 83 , 82 , 1.01 , 68.6 , 48.2 , 51.9 , .307 , .043 , .579 , 29 , 35.4 , 5 , 6.4 , 4 , 4 , 0 , 2 , .000 , 10 , 0.0 
112,양현종,23K, 1.01 , 29 , 171.0 , 178 , 176 , 1.01 , 73.4 , 45.3 , 54.7 , .320 , .054 , .574 , 53 , 30.1 , 13 , 7.2 , 10 , 24 , 4 , 8 , .333 , 23 , 17.4 
113,이의리,23K, 1.01 , 28 , 131.2 , 113 , 112 , 1.01 , 55.9 , 48.2 , 51.8 , .300 , .063 , .547 , 35 , 31.3 , 10 , 9.7 , 12 , 18 , 2 , 3 , .400 , 9 , 22.2 
114,주권,23K, 1.00 , 42 , 47.0 , 55 , 55 , 1.00 , 79.0 , 42.8 , 57.2 , .285 , .015 , .528 , 12 , 21.8 , 1 , 2.0 , 2 , 4 , 0 , 1 , .000 , 6 , 0.0 
,김창훈,23롯, 1.00 , 3 , 4.1 , 5 , 5 , 1.00 , 88.2 , 46.7 , 53.3 , .333 , .000 , .625 , 2 , 40.0 , 0 , 0.0 , 0 , 1 , 0 , 0 ,  , 0 ,  
,김정운,23K, 1.00 , 5 , 7.0 , 9 , 9 , 1.00 , 68.6 , 41.7 , 58.3 , .250 , .000 , .429 , 1 , 11.1 , 0 , 0.0 , 1 , 1 , 0 , 0 ,  , 0 ,  
,김강현,23롯, 1.00 , 2 , 3.0 , 4 , 4 , 1.00 , 69.2 , 55.6 , 44.4 , .111 , .000 , .250 , 1 , 25.0 , 0 , 0.0 , 0 , 0 , 0 , 0 ,  , 0 ,  
,성동현,23L, 1.00 , 1 , 1.0 , 1 , 1 , 1.00 , 66.7 , 50.0 , 50.0 , .500 , .000 , 1.000 , 1 , 100.0 , 0 , 0.0 , 0 , 0 , 0 , 0 ,  , 0 ,  
,채지선,23LN, 1.00 , 3 , 3.1 , 3 , 3 , 1.00 , 64.7 , 50.0 , 50.0 , .364 , .000 , .800 , 2 , 66.7 , 0 , 0.0 , 0 , 0 , 0 , 0 ,  , 0 ,  
,서상준,23S, 1.00 , 2 , 2.0 , 2 , 2 , 1.00 , 38.5 , 80.0 , 20.0 , .200 , .250 , .000 , 1 , 50.0 , 1 , 100.0 , 1 , 1 , 0 , 0 ,  , 0 ,  
,장세진,23롯, 1.00 , 2 , 1.1 , 1 , 1 , 1.00 , 50.0 , 25.0 , 75.0 , .333 , .000 , .667 , 0 , 0.0 , 0 , 0.0 , 0 , 0 , 0 , 0 ,  , 0 ,  
,와이드너,23N삼, 1.00 , 21 , 115.0 , 115 , 115 , 1.00 , 69.9 , 47.1 , 52.9 , .310 , .068 , .558 , 35 , 30.4 , 11 , 9.8 , 7 , 10 , 1 , 0 , 1.000 , 4 , 25.0 
,김유성,23두, 1.00 , 7 , 6.1 , 6 , 6 , 1.00 , 52.6 , 44.4 , 55.6 , .222 , .000 , .600 , 2 , 33.3 , 0 , 0.0 , 1 , 0 , 0 , 0 ,  , 0 ,  
,남지민,23한, 1.00 , 16 , 37.2 , 43 , 43 , 1.00 , 77.4 , 44.3 , 55.7 , .375 , .065 , .641 , 15 , 34.9 , 4 , 7.4 , 5 , 9 , 0 , 2 , .000 , 3 , 0.0 
,김재열,23K, 1.00 , 9 , 11.2 , 13 , 13 , 1.00 , 68.6 , 41.3 , 58.7 , .391 , .000 , .741 , 6 , 46.2 , 0 , 0.0 , 3 , 5 , 0 , 0 ,  , 0 ,  
126,알칸타라,23두, 0.99 , 31 , 192.0 , 196 , 198 , 0.99 , 72.7 , 48.9 , 51.2 , .282 , .062 , .535 , 64 , 32.3 , 17 , 9.9 , 11 , 18 , 1 , 3 , .250 , 9 , 11.1 
127,김동주,23두, 0.97 , 18 , 78.1 , 76 , 78 , 0.97 , 69.2 , 49.8 , 50.2 , .301 , .062 , .579 , 30 , 38.5 , 7 , 9.6 , 4 , 6 , 0 , 3 , .000 , 9 , 0.0 
128,이명종,23키, 0.97 , 45 , 57.0 , 63 , 65 , 0.97 , 76.5 , 44.3 , 55.7 , .314 , .081 , .546 , 17 , 26.2 , 7 , 10.6 , 1 , 6 , 2 , 1 , .667 , 6 , 33.3 
129,문성현,23키, 0.97 , 32 , 28.1 , 30 , 31 , 0.97 , 64.2 , 45.4 , 54.7 , .274 , .077 , .468 , 6 , 19.4 , 3 , 12.0 , 3 , 7 , 0 , 1 , .000 , 3 , 0.0 
130,최성영,23N, 0.96 , 18 , 66.2 , 68 , 71 , 0.96 , 72.9 , 47.9 , 52.1 , .330 , .117 , .580 , 24 , 33.8 , 12 , 15.6 , 2 , 5 , 2 , 1 , .667 , 8 , 25.0 
131,맥카티,23S, 0.95 , 24 , 130.0 , 123 , 129 , 0.95 , 69.6 , 46.3 , 53.7 , .310 , .058 , .564 , 41 , 31.8 , 10 , 8.1 , 6 , 12 , 2 , 1 , .667 , 12 , 16.7 
132,김태훈,23키삼, 0.94 , 71 , 63.1 , 66 , 70 , 0.94 , 69.3 , 41.9 , 58.1 , .324 , .046 , .574 , 18 , 25.7 , 4 , 5.4 , 3 , 6 , 0 , 1 , .000 , 9 , 0.0 
133,김명신,23두, 0.94 , 70 , 79.0 , 76 , 81 , 0.94 , 69.5 , 48.5 , 51.5 , .301 , .045 , .568 , 30 , 37.0 , 5 , 6.9 , 3 , 6 , 0 , 0 ,  , 3 , 0.0 
134,최원태,23키L, 0.94 , 26 , 146.2 , 143 , 153 , 0.94 , 71.4 , 44.1 , 55.9 , .312 , .046 , .565 , 45 , 29.4 , 9 , 6.0 , 6 , 15 , 2 , 3 , .400 , 18 , 11.1 
135,김도규,23롯, 0.93 , 36 , 29.2 , 28 , 30 , 0.93 , 67.4 , 41.4 , 58.6 , .318 , .056 , .529 , 6 , 20.0 , 2 , 6.9 , 3 , 4 , 0 , 0 ,  , 2 , 0.0 
136,엘리아스,23S, 0.92 , 22 , 131.1 , 130 , 141 , 0.92 , 75.6 , 47.2 , 52.8 , .318 , .067 , .585 , 51 , 36.2 , 13 , 9.3 , 5 , 12 , 2 , 4 , .333 , 12 , 16.7 
137,최지민,23K, 0.92 , 58 , 59.1 , 57 , 62 , 0.92 , 68.9 , 51.8 , 48.2 , .250 , .082 , .481 , 21 , 33.9 , 7 , 15.6 , 5 , 10 , 1 , 4 , .200 , 7 , 14.3 
138,유영찬,23L, 0.92 , 67 , 68.0 , 67 , 73 , 0.92 , 65.3 , 47.7 , 52.3 , .262 , .065 , .480 , 20 , 27.4 , 6 , 10.9 , 3 , 11 , 0 , 3 , .000 , 9 , 0.0 
139,김윤식,23L, 0.90 , 17 , 74.2 , 75 , 83 , 0.90 , 77.2 , 43.4 , 56.6 , .337 , .076 , .565 , 23 , 27.7 , 8 , 9.3 , 1 , 6 , 0 , 2 , .000 , 6 , 0.0 
140,윤영철,23K, 0.90 , 25 , 122.2 , 130 , 144 , 0.90 , 76.1 , 46.7 , 53.3 , .291 , .043 , .547 , 48 , 33.3 , 8 , 6.5 , 5 , 14 , 1 , 8 , .111 , 13 , 7.7 
141,김상수,23롯, 0.90 , 66 , 52.0 , 51 , 57 , 0.90 , 71.1 , 48.4 , 51.6 , .286 , .081 , .494 , 17 , 29.8 , 6 , 13.3 , 5 , 8 , 1 , 1 , .500 , 6 , 16.7 
,김건국,23K, 0.90 , 6 , 16.0 , 17 , 19 , 0.90 , 78.6 , 48.2 , 51.9 , .327 , .154 , .500 , 5 , 26.3 , 4 , 22.2 , 0 , 0 , 0 , 0 ,  , 0 ,  
,한승혁,23한, 0.90 , 21 , 36.1 , 34 , 38 , 0.90 , 70.5 , 40.8 , 59.2 , .372 , .041 , .648 , 13 , 34.2 , 2 , 4.2 , 2 , 5 , 0 , 0 ,  , 3 , 0.0 
144,장민재,23한, 0.89 , 25 , 69.0 , 63 , 71 , 0.89 , 70.1 , 41.3 , 58.7 , .328 , .057 , .592 , 20 , 28.2 , 5 , 6.3 , 4 , 6 , 2 , 2 , .500 , 10 , 20.0 
,김민우,23한, 0.89 , 12 , 51.2 , 47 , 53 , 0.89 , 68.7 , 44.2 , 55.8 , .367 , .110 , .620 , 18 , 34.0 , 8 , 12.3 , 2 , 5 , 2 , 1 , .667 , 8 , 25.0 
146,홍정우,23삼, 0.88 , 36 , 36.0 , 38 , 43 , 0.88 , 70.5 , 44.4 , 55.6 , .277 , .039 , .523 , 12 , 27.9 , 2 , 5.6 , 4 , 7 , 0 , 3 , .000 , 5 , 0.0 
147,안우진,23키, 0.88 , 24 , 150.2 , 128 , 145 , 0.88 , 65.8 , 46.2 , 53.8 , .294 , .077 , .505 , 40 , 27.6 , 14 , 11.6 , 5 , 19 , 2 , 9 , .182 , 23 , 8.7 
148,김성진,23키, 0.88 , 55 , 47.0 , 45 , 51 , 0.88 , 67.8 , 47.1 , 52.9 , .287 , .076 , .527 , 16 , 31.4 , 5 , 11.4 , 1 , 0 , 1 , 0 , 1.000 , 6 , 16.7 
149,이충호,23한, 0.88 , 11 , 8.2 , 7 , 8 , 0.88 , 65.9 , 33.3 , 66.7 , .400 , .000 , .667 , 2 , 25.0 , 0 , 0.0 , 0 , 0 , 0 , 0 ,  , 1 , 0.0 
150,신헌민,23S, 0.87 , 11 , 12.0 , 13 , 15 , 0.87 , 75.8 , 48.9 , 51.1 , .391 , .044 , .750 , 9 , 60.0 , 1 , 5.3 , 3 , 4 , 0 , 0 ,  , 1 , 0.0 
,딜런,23두, 0.87 , 2 , 9.0 , 13 , 15 , 0.87 , 84.4 , 42.1 , 57.9 , .222 , .000 , .455 , 3 , 20.0 , 0 , 0.0 , 3 , 3 , 0 , 0 ,  , 2 , 0.0 
152,박명근,23L, 0.86 , 57 , 51.1 , 50 , 58 , 0.86 , 68.2 , 47.1 , 52.9 , .287 , .041 , .554 , 21 , 36.2 , 3 , 6.1 , 6 , 6 , 2 , 0 , 1.000 , 2 , 100.0 
153,구승민,23롯, 0.86 , 67 , 63.2 , 53 , 62 , 0.86 , 62.6 , 40.0 , 60.0 , .345 , .069 , .556 , 14 , 22.6 , 5 , 7.7 , 2 , 8 , 1 , 1 , .500 , 8 , 12.5 
154,이정용,23L, 0.85 , 37 , 86.2 , 93 , 109 , 0.85 , 80.1 , 43.4 , 56.6 , .316 , .069 , .532 , 29 , 26.6 , 9 , 9.0 , 9 , 15 , 2 , 5 , .286 , 13 , 15.4 
155,오상원,23키, 0.85 , 11 , 15.0 , 17 , 20 , 0.85 , 74.3 , 47.3 , 52.7 , .327 , .077 , .552 , 7 , 35.0 , 2 , 11.1 , 1 , 2 , 0 , 0 ,  , 1 , 0.0 
,주승우,23키, 0.85 , 11 , 16.0 , 17 , 20 , 0.85 , 63.3 , 43.9 , 56.1 , .339 , .120 , .531 , 5 , 25.0 , 3 , 15.0 , 0 , 1 , 0 , 0 ,  , 1 , 0.0 
157,이채호,23K, 0.85 , 25 , 24.2 , 28 , 33 , 0.85 , 80.9 , 44.8 , 55.2 , .241 , .077 , .479 , 8 , 24.2 , 3 , 11.5 , 1 , 1 , 0 , 0 ,  , 0 ,  
158,김재웅,23키, 0.85 , 67 , 59.2 , 55 , 65 , 0.85 , 71.2 , 47.7 , 52.3 , .307 , .048 , .565 , 25 , 38.5 , 4 , 7.1 , 2 , 4 , 1 , 4 , .200 , 10 , 10.0 
159,켈리,23L, 0.84 , 30 , 178.2 , 172 , 204 , 0.84 , 75.9 , 46.3 , 53.7 , .311 , .066 , .553 , 70 , 34.3 , 17 , 9.3 , 7 , 17 , 1 , 7 , .125 , 17 , 5.9 
,장현식,23K, 0.84 , 56 , 51.0 , 43 , 51 , 0.84 , 68.1 , 38.8 , 61.2 , .351 , .068 , .581 , 12 , 23.5 , 4 , 6.9 , 1 , 3 , 0 , 1 , .000 , 5 , 0.0 
161,산체스,23K, 0.84 , 12 , 63.2 , 57 , 68 , 0.84 , 72.3 , 40.7 , 59.3 , .362 , .048 , .620 , 22 , 32.4 , 4 , 5.1 , 3 , 5 , 1 , 3 , .250 , 8 , 12.5 
162,원태인,23삼, 0.83 , 26 , 150.0 , 148 , 179 , 0.83 , 76.6 , 44.9 , 55.1 , .300 , .065 , .536 , 56 , 31.3 , 14 , 9.0 , 5 , 17 , 2 , 3 , .400 , 13 , 15.4 
163,이종민,23키, 0.82 , 11 , 13.2 , 14 , 17 , 0.82 , 76.4 , 39.6 , 60.4 , .400 , .095 , .625 , 5 , 29.4 , 2 , 9.1 , 3 , 3 , 1 , 0 , 1.000 , 3 , 33.3 
164,신정락,23롯, 0.82 , 34 , 29.0 , 23 , 28 , 0.82 , 66.4 , 39.8 , 60.2 , .346 , .091 , .580 , 7 , 25.0 , 3 , 9.4 , 1 , 1 , 1 , 0 , 1.000 , 1 , 100.0 
,진승현,23롯, 0.82 , 24 , 27.2 , 23 , 28 , 0.82 , 68.2 , 40.0 , 60.0 , .372 , .088 , .608 , 8 , 28.6 , 3 , 8.8 , 2 , 2 , 1 , 0 , 1.000 , 3 , 33.3 
166,나균안,23롯, 0.82 , 23 , 130.1 , 114 , 139 , 0.82 , 70.7 , 42.0 , 58.0 , .335 , .061 , .570 , 41 , 29.5 , 10 , 7.1 , 4 , 20 , 0 , 1 , .000 , 12 , 0.0 
167,이지강,23L, 0.82 , 22 , 68.0 , 72 , 88 , 0.82 , 74.3 , 41.4 , 58.6 , .257 , .033 , .442 , 16 , 18.2 , 3 , 5.0 , 7 , 12 , 0 , 1 , .000 , 2 , 0.0 
168,황동하,23K, 0.82 , 13 , 31.1 , 31 , 38 , 0.82 , 70.5 , 43.3 , 56.7 , .300 , .067 , .542 , 11 , 29.0 , 3 , 8.6 , 2 , 3 , 0 , 2 , .000 , 5 , 0.0 
169,이민우,23한, 0.81 , 17 , 13.2 , 13 , 16 , 0.81 , 68.4 , 51.4 , 48.7 , .162 , .053 , .389 , 5 , 31.3 , 1 , 12.5 , 3 , 3 , 0 , 0 ,  , 1 , 0.0 
170,엄상백,23K, 0.80 , 20 , 111.2 , 101 , 126 , 0.80 , 72.7 , 47.9 , 52.2 , .290 , .051 , .541 , 48 , 38.1 , 8 , 8.0 , 2 , 8 , 3 , 2 , .600 , 9 , 33.3 
171,최승용,23두, 0.80 , 34 , 111.0 , 104 , 130 , 0.80 , 73.5 , 45.0 , 55.0 , .312 , .076 , .542 , 42 , 32.3 , 12 , 10.3 , 7 , 12 , 1 , 4 , .200 , 11 , 9.1 
,홍건희,23두, 0.80 , 64 , 61.2 , 52 , 65 , 0.80 , 66.8 , 49.5 , 50.5 , .348 , .110 , .613 , 29 , 44.6 , 10 , 14.9 , 3 , 6 , 0 , 1 , .000 , 1 , 0.0 
,김승현,23K, 0.80 , 10 , 12.2 , 12 , 15 , 0.80 , 66.7 , 44.7 , 55.3 , .270 , .000 , .524 , 5 , 33.3 , 0 , 0.0 , 1 , 1 , 0 , 0 ,  , 0 ,  
,김민수,23K, 0.80 , 14 , 13.0 , 12 , 15 , 0.80 , 79.3 , 50.0 , 50.0 , .356 , .091 , .682 , 8 , 53.3 , 2 , 11.8 , 0 , 0 , 0 , 0 ,  , 1 , 0.0 
,이준호,23N, 0.80 , 17 , 31.2 , 32 , 40 , 0.80 , 73.6 , 48.1 , 51.9 , .282 , .080 , .519 , 14 , 35.0 , 4 , 12.5 , 2 , 1 , 0 , 1 , .000 , 1 , 0.0 
176,태너,23N, 0.80 , 11 , 64.2 , 63 , 79 , 0.80 , 75.1 , 48.2 , 51.8 , .269 , .094 , .476 , 25 , 31.7 , 9 , 15.5 , 3 , 9 , 1 , 1 , .500 , 5 , 20.0 
177,맥키니,23키, 0.78 , 12 , 59.1 , 56 , 72 , 0.78 , 71.6 , 48.7 , 51.3 , .280 , .087 , .546 , 28 , 38.9 , 8 , 13.1 , 2 , 6 , 1 , 4 , .200 , 11 , 9.1 
178,정우람,23한, 0.78 , 52 , 40.1 , 38 , 49 , 0.78 , 73.2 , 43.2 , 56.8 , .321 , .035 , .573 , 17 , 34.7 , 2 , 4.4 , 2 , 6 , 1 , 1 , .500 , 6 , 16.7 
179,임기영,23K, 0.77 , 64 , 82.0 , 77 , 100 , 0.77 , 73.5 , 46.4 , 53.7 , .216 , .056 , .400 , 25 , 25.0 , 6 , 10.7 , 2 , 3 , 1 , 1 , .500 , 5 , 20.0 
180,이로운,23S, 0.77 , 50 , 57.2 , 49 , 64 , 0.77 , 68.3 , 39.4 , 60.6 , .341 , .099 , .551 , 15 , 23.4 , 7 , 10.5 , 4 , 6 , 0 , 1 , .000 , 4 , 0.0 
181,김대우,23삼, 0.76 , 44 , 64.0 , 55 , 72 , 0.76 , 71.5 , 46.6 , 53.4 , .309 , .078 , .573 , 28 , 38.9 , 7 , 10.6 , 3 , 5 , 1 , 2 , .333 , 7 , 14.3 
182,쿠에바스,23K, 0.76 , 18 , 114.1 , 99 , 130 , 0.76 , 71.5 , 43.2 , 56.8 , .280 , .036 , .489 , 36 , 27.7 , 5 , 5.3 , 2 , 7 , 1 , 1 , .500 , 5 , 20.0 
183,최성훈,23L, 0.75 , 5 , 3.0 , 3 , 4 , 0.75 , 82.4 , 21.4 , 78.6 , .500 , .000 , .636 , 0 , 0.0 , 0 , 0.0 , 0 , 0 , 0 , 0 ,  , 0 ,  
184,윌커슨,23롯, 0.75 , 13 , 79.2 , 65 , 87 , 0.75 , 67.0 , 45.2 , 54.8 , .296 , .051 , .517 , 29 , 33.3 , 5 , 7.5 , 5 , 9 , 0 , 3 , .000 , 10 , 0.0 
185,고효준,23S, 0.73 , 73 , 58.0 , 41 , 56 , 0.73 , 56.5 , 42.8 , 57.2 , .317 , .081 , .530 , 17 , 30.4 , 5 , 10.2 , 3 , 5 , 0 , 2 , .000 , 7 , 0.0 
186,정해영,23K, 0.73 , 52 , 49.1 , 46 , 63 , 0.73 , 73.9 , 41.6 , 58.4 , .317 , .045 , .532 , 19 , 30.2 , 3 , 5.7 , 2 , 6 , 0 , 2 , .000 , 2 , 0.0 
187,스트레일리,23롯, 0.73 , 16 , 80.1 , 67 , 92 , 0.73 , 67.3 , 44.4 , 55.6 , .318 , .028 , .590 , 37 , 40.2 , 3 , 3.7 , 4 , 10 , 0 , 0 ,  , 8 , 0.0 
188,원종현,23키, 0.73 , 20 , 18.2 , 16 , 22 , 0.73 , 72.4 , 50.0 , 50.0 , .350 , .097 , .677 , 12 , 54.6 , 3 , 12.5 , 2 , 4 , 0 , 0 ,  , 2 , 0.0 
189,김진욱,23롯, 0.73 , 50 , 36.1 , 29 , 40 , 0.73 , 61.0 , 34.9 , 65.1 , .317 , .081 , .493 , 5 , 12.5 , 3 , 8.1 , 1 , 3 , 1 , 1 , .500 , 6 , 16.7 
190,최준용,23롯, 0.72 , 47 , 47.2 , 41 , 57 , 0.72 , 71.0 , 40.5 , 59.5 , .327 , .033 , .546 , 17 , 29.8 , 2 , 4.0 , 2 , 7 , 0 , 1 , .000 , 3 , 0.0 
191,함덕주,23L, 0.72 , 57 , 55.2 , 43 , 60 , 0.72 , 60.8 , 50.4 , 49.6 , .231 , .044 , .433 , 22 , 36.7 , 3 , 9.4 , 3 , 7 , 1 , 3 , .250 , 9 , 11.1 
,손동현,23K, 0.72 , 64 , 73.2 , 66 , 92 , 0.72 , 76.4 , 42.5 , 57.5 , .280 , .052 , .485 , 25 , 27.2 , 5 , 7.4 , 3 , 5 , 2 , 3 , .400 , 8 , 25.0 
,조이현,23K, 0.72 , 18 , 35.0 , 33 , 46 , 0.72 , 84.7 , 32.1 , 67.9 , .411 , .089 , .600 , 8 , 17.4 , 4 , 6.6 , 1 , 4 , 1 , 0 , 1.000 , 2 , 50.0 
,강재민,23한, 0.72 , 43 , 43.1 , 33 , 46 , 0.72 , 63.0 , 43.9 , 56.1 , .263 , .060 , .500 , 14 , 30.4 , 3 , 8.6 , 1 , 1 , 0 , 4 , .000 , 7 , 0.0 
195,최채흥,23삼, 0.71 , 15 , 63.1 , 62 , 88 , 0.71 , 82.4 , 42.1 , 57.9 , .346 , .069 , .597 , 32 , 36.4 , 7 , 7.8 , 6 , 9 , 1 , 3 , .250 , 8 , 12.5 
196,한현희,23롯, 0.68 , 38 , 104.0 , 88 , 129 , 0.68 , 72.5 , 41.5 , 58.5 , .335 , .099 , .548 , 39 , 30.2 , 14 , 11.4 , 3 , 10 , 2 , 2 , .500 , 10 , 20.0 
197,이태양,23한, 0.67 , 50 , 100.1 , 86 , 128 , 0.67 , 75.6 , 44.7 , 55.3 , .298 , .043 , .543 , 49 , 38.3 , 6 , 6.0 , 9 , 13 , 1 , 1 , .500 , 12 , 8.3 
198,이진하,23롯, 0.67 , 9 , 8.0 , 8 , 12 , 0.67 , 80.7 , 54.2 , 45.8 , .160 , .000 , .364 , 5 , 41.7 , 0 , 0.0 , 1 , 1 , 0 , 0 ,  , 0 ,  
,이상영,23L, 0.67 , 6 , 11.0 , 10 , 15 , 0.67 , 68.5 , 40.5 , 59.5 , .324 , .067 , .500 , 4 , 26.7 , 1 , 8.3 , 1 , 3 , 0 , 0 ,  , 0 ,  
,홍원표,23삼, 0.67 , 3 , 3.2 , 4 , 6 , 0.67 , 80.0 , 58.3 , 41.7 , .167 , .000 , .400 , 3 , 50.0 , 0 , 0.0 , 0 , 0 , 0 , 0 ,  , 0 ,  
,류원석,23한, 0.67 , 1 , 2.0 , 2 , 3 , 0.67 , 75.0 , 50.0 , 50.0 , .167 , .000 , .333 , 1 , 33.3 , 0 , 0.0 , 0 , 0 , 0 , 0 ,  , 0 ,  
,이기순,23S, 0.67 , 2 , 3.0 , 2 , 3 , 0.67 , 56.3 , 50.0 , 50.0 , .250 , .000 , .750 , 2 , 66.7 , 0 , 0.0 , 0 , 0 , 0 , 0 ,  , 0 ,  
,제환유,23두, 0.67 , 1 , 2.0 , 2 , 3 , 0.67 , 57.1 , 50.0 , 50.0 , .375 , .250 , .500 , 1 , 33.3 , 1 , 33.3 , 1 , 2 , 0 , 0 ,  , 0 ,  
,박준영,23한, 0.67 , 4 , 4.1 , 2 , 3 , 0.67 , 34.8 , 42.9 , 57.1 , .250 , .000 , .500 , 1 , 33.3 , 0 , 0.0 , 0 , 0 , 0 , 0 ,  , 0 ,  
,이영준,23키, 0.67 , 2 , 1.2 , 2 , 3 , 0.67 , 90.0 , 55.6 , 44.4 , .444 , .200 , .750 , 2 , 66.7 , 1 , 25.0 , 0 , 1 , 0 , 0 ,  , 0 ,  
,변시원,23키, 0.67 , 4 , 2.1 , 2 , 3 , 0.67 , 57.9 , 36.4 , 63.6 , .500 , .250 , .714 , 1 , 33.3 , 1 , 16.7 , 0 , 0 , 1 , 0 , 1.000 , 3 , 33.3 
207,백승건,23S, 0.65 , 25 , 38.0 , 32 , 49 , 0.65 , 71.8 , 43.8 , 56.2 , .296 , .057 , .559 , 19 , 38.8 , 3 , 7.3 , 2 , 4 , 0 , 0 ,  , 0 ,  
208,박치국,23두, 0.65 , 62 , 52.2 , 42 , 65 , 0.65 , 68.2 , 42.9 , 57.1 , .323 , .087 , .522 , 21 , 32.3 , 6 , 11.1 , 2 , 2 , 0 , 1 , .000 , 1 , 0.0 
209,이건욱,23S, 0.64 , 27 , 38.2 , 29 , 45 , 0.64 , 63.9 , 45.7 , 54.3 , .287 , .021 , .526 , 18 , 40.0 , 1 , 3.2 , 2 , 4 , 0 , 1 , .000 , 2 , 0.0 
210,김기중,23한, 0.64 , 37 , 56.1 , 41 , 64 , 0.64 , 64.8 , 47.2 , 52.8 , .338 , .091 , .593 , 29 , 45.3 , 7 , 12.1 , 2 , 5 , 2 , 1 , .667 , 5 , 40.0 
211,이호성,23삼, 0.64 , 5 , 17.0 , 14 , 22 , 0.64 , 67.6 , 44.7 , 55.3 , .213 , .048 , .385 , 6 , 27.3 , 1 , 9.1 , 1 , 1 , 0 , 0 ,  , 0 ,  
,최지광,23삼, 0.64 , 22 , 17.1 , 14 , 22 , 0.64 , 65.9 , 39.6 , 60.4 , .260 , .000 , .531 , 7 , 31.8 , 0 , 0.0 , 1 , 2 , 0 , 2 , .000 , 3 , 0.0 
,김민규,23두, 0.64 , 6 , 8.1 , 7 , 11 , 0.64 , 67.6 , 54.2 , 45.8 , .240 , .154 , .364 , 4 , 36.4 , 2 , 33.3 , 0 , 1 , 0 , 0 ,  , 1 , 0.0 
214,최동환,23L, 0.64 , 45 , 42.1 , 40 , 63 , 0.64 , 76.7 , 43.5 , 56.6 , .285 , .048 , .476 , 20 , 31.8 , 3 , 7.1 , 5 , 7 , 0 , 0 ,  , 1 , 0.0 
215,김재윤,23K, 0.62 , 59 , 65.2 , 48 , 77 , 0.62 , 68.7 , 44.4 , 55.6 , .292 , .063 , .495 , 27 , 35.1 , 5 , 9.3 , 4 , 6 , 0 , 1 , .000 , 4 , 0.0 
216,이상동,23K, 0.62 , 36 , 40.2 , 28 , 45 , 0.62 , 65.9 , 39.0 , 61.0 , .360 , .044 , .597 , 16 , 35.6 , 2 , 4.4 , 1 , 2 , 0 , 1 , .000 , 2 , 0.0 
217,허윤동,23삼, 0.62 , 7 , 10.2 , 8 , 13 , 0.62 , 66.7 , 32.4 , 67.6 , .400 , .083 , .600 , 3 , 23.1 , 1 , 6.3 , 1 , 3 , 0 , 1 , .000 , 1 , 0.0 
218,송명기,23N, 0.61 , 35 , 104.1 , 90 , 147 , 0.61 , 72.8 , 39.9 , 60.1 , .282 , .029 , .495 , 43 , 29.3 , 4 , 3.8 , 8 , 19 , 1 , 1 , .500 , 7 , 14.3 
219,양창섭,23삼, 0.61 , 15 , 28.2 , 25 , 41 , 0.61 , 79.4 , 38.7 , 61.3 , .362 , .070 , .618 , 15 , 36.6 , 3 , 6.7 , 0 , 1 , 0 , 0 ,  , 1 , 0.0 
220,이병헌,23두, 0.60 , 36 , 27.0 , 18 , 30 , 0.60 , 58.7 , 38.4 , 61.6 , .319 , .107 , .489 , 7 , 23.3 , 3 , 12.0 , 1 , 1 , 0 , 0 ,  , 0 ,  
,조현우,23K, 0.60 , 5 , 3.0 , 3 , 5 , 0.60 , 82.4 , 35.7 , 64.3 , .429 , .200 , .556 , 1 , 20.0 , 1 , 16.7 , 0 , 0 , 0 , 0 ,  , 0 ,  
,박권후,23삼, 0.60 , 4 , 2.2 , 3 , 5 , 0.60 , 92.3 , 41.7 , 58.3 , .273 , .200 , .429 , 1 , 20.0 , 1 , 25.0 , 0 , 0 , 0 , 0 ,  , 0 ,  
,배민서,23N, 0.60 , 6 , 6.2 , 6 , 10 , 0.60 , 79.4 , 42.3 , 57.7 , .370 , .091 , .600 , 4 , 40.0 , 1 , 10.0 , 1 , 1 , 0 , 0 ,  , 0 ,  
,김대현,23L, 0.60 , 5 , 3.1 , 3 , 5 , 0.60 , 72.7 , 25.0 , 75.0 , .467 , .000 , .667 , 1 , 20.0 , 0 , 0.0 , 1 , 1 , 0 , 0 ,  , 2 , 0.0 
,황동재,23삼, 0.60 , 7 , 31.2 , 24 , 40 , 0.60 , 67.1 , 38.5 , 61.5 , .347 , .075 , .578 , 13 , 32.5 , 3 , 7.5 , 1 , 4 , 0 , 0 ,  , 3 , 0.0 
226,전상현,23K, 0.60 , 64 , 58.2 , 43 , 72 , 0.60 , 66.8 , 37.6 , 62.4 , .295 , .097 , .427 , 13 , 18.1 , 6 , 12.0 , 4 , 6 , 0 , 2 , .000 , 4 , 0.0 
227,곽빈,23두, 0.59 , 23 , 127.1 , 93 , 157 , 0.59 , 66.5 , 43.9 , 56.1 , .260 , .092 , .423 , 45 , 28.7 , 14 , 14.6 , 3 , 7 , 0 , 3 , .000 , 6 , 0.0 
228,슐서,23K, 0.59 , 9 , 49.2 , 36 , 61 , 0.59 , 75.1 , 38.7 , 61.4 , .375 , .016 , .650 , 26 , 42.6 , 1 , 1.5 , 1 , 6 , 1 , 0 , 1.000 , 3 , 33.3 
229,정구범,23N, 0.58 , 4 , 12.2 , 11 , 19 , 0.58 , 71.9 , 34.8 , 65.2 , .302 , .063 , .500 , 4 , 21.1 , 1 , 6.3 , 0 , 2 , 0 , 0 ,  , 1 , 0.0 
230,신민혁,23N, 0.58 , 29 , 122.0 , 94 , 163 , 0.58 , 74.3 , 39.6 , 60.4 , .291 , .047 , .502 , 49 , 30.1 , 7 , 5.7 , 11 , 13 , 1 , 2 , .333 , 8 , 12.5 
,장필준,23삼, 0.58 , 17 , 19.1 , 15 , 26 , 0.58 , 74.0 , 39.1 , 60.9 , .377 , .074 , .619 , 10 , 38.5 , 2 , 7.1 , 0 , 2 , 0 , 1 , .000 , 1 , 0.0 
232,우규민,23삼, 0.57 , 56 , 43.0 , 33 , 58 , 0.57 , 79.8 , 39.7 , 60.3 , .354 , .086 , .568 , 20 , 34.5 , 5 , 9.1 , 1 , 3 , 0 , 2 , .000 , 6 , 0.0 
233,이준영,23K, 0.56 , 64 , 33.2 , 24 , 43 , 0.56 , 63.1 , 48.4 , 51.6 , .277 , .089 , .458 , 17 , 39.5 , 4 , 15.4 , 3 , 5 , 1 , 1 , .500 , 5 , 20.0 
234,이승현,23삼, 0.55 , 60 , 60.0 , 48 , 87 , 0.55 , 77.3 , 37.0 , 63.1 , .317 , .067 , .492 , 23 , 26.4 , 5 , 7.4 , 5 , 7 , 1 , 3 , .250 , 8 , 12.5 
235,플럿코,23L, 0.54 , 21 , 123.1 , 89 , 166 , 0.54 , 72.6 , 45.7 , 54.3 , .301 , .089 , .498 , 65 , 39.2 , 15 , 13.0 , 6 , 16 , 4 , 5 , .444 , 15 , 26.7 
236,박민호,23S, 0.53 , 10 , 10.0 , 9 , 17 , 0.53 , 85.1 , 37.5 , 62.5 , .350 , .133 , .480 , 4 , 23.5 , 2 , 14.3 , 1 , 2 , 1 , 1 , .500 , 4 , 25.0 
237,김기훈,23K, 0.53 , 29 , 31.1 , 21 , 40 , 0.53 , 58.3 , 44.9 , 55.1 , .308 , .050 , .531 , 18 , 45.0 , 2 , 7.1 , 3 , 5 , 0 , 1 , .000 , 5 , 0.0 
238,최이준,23롯, 0.52 , 28 , 29.0 , 22 , 42 , 0.52 , 70.6 , 34.7 , 65.4 , .360 , .057 , .530 , 11 , 26.2 , 2 , 5.4 , 0 , 1 , 0 , 2 , .000 , 2 , 0.0 
239,임창민,23키, 0.52 , 51 , 46.2 , 32 , 62 , 0.52 , 70.8 , 40.0 , 60.0 , .331 , .121 , .506 , 19 , 30.7 , 7 , 13.7 , 3 , 6 , 1 , 0 , 1.000 , 4 , 25.0 
240,석상호,23롯, 0.50 , 5 , 5.1 , 3 , 6 , 0.50 , 59.1 , 38.5 , 61.5 , .308 , .000 , .500 , 2 , 33.3 , 0 , 0.0 , 1 , 1 , 0 , 0 ,  , 0 ,  
,송승기,23L, 0.50 , 1 , 1.0 , 1 , 2 , 0.50 , 80.0 , 50.0 , 50.0 , .250 , .000 , .500 , 1 , 50.0 , 0 , 0.0 , 0 , 0 , 0 , 0 ,  , 0 ,  
,오석주,23L, 0.50 , 9 , 10.0 , 6 , 12 , 0.50 , 68.2 , 36.7 , 63.3 , .357 , .091 , .579 , 4 , 33.3 , 1 , 8.3 , 0 , 0 , 0 , 0 ,  , 1 , 0.0 
,스미스,23한, 0.50 , 1 , 2.2 , 2 , 4 , 0.50 , 75.0 , 44.4 , 55.6 , .333 , .000 , .600 , 2 , 50.0 , 0 , 0.0 , 0 , 0 , 0 , 0 ,  , 0 ,  
,배재준,23L, 0.50 , 1 , 1.0 , 1 , 2 , 0.50 , 83.3 , 40.0 , 60.0 , .400 , .000 , .667 , 1 , 50.0 , 0 , 0.0 , 0 , 1 , 0 , 0 ,  , 0 ,  
,이원재,23두, 0.50 , 1 , 1.0 , 1 , 2 , 0.50 , 66.7 , 33.3 , 66.7 , .500 , .000 , .750 , 1 , 50.0 , 0 , 0.0 , 0 , 0 , 0 , 0 ,  , 0 ,  
,김동규,23L키, 0.50 , 4 , 4.1 , 3 , 6 , 0.50 , 51.6 , 33.3 , 66.7 , .333 , .000 , .600 , 2 , 33.3 , 0 , 0.0 , 1 , 1 , 0 , 0 ,  , 1 , 0.0 
,최하늘,23삼, 0.50 , 3 , 6.1 , 5 , 10 , 0.50 , 72.5 , 20.7 , 79.3 , .444 , .167 , .565 , 0 , 0.0 , 1 , 7.1 , 0 , 1 , 0 , 0 ,  , 0 ,  
248,이재학,23N, 0.49 , 15 , 67.1 , 49 , 101 , 0.49 , 70.7 , 39.2 , 60.8 , .244 , .063 , .403 , 27 , 26.7 , 5 , 9.1 , 4 , 6 , 2 , 1 , .667 , 11 , 18.2 
249,박영현,23K, 0.48 , 68 , 75.1 , 43 , 89 , 0.48 , 64.0 , 43.6 , 56.4 , .309 , .071 , .518 , 36 , 40.5 , 6 , 9.5 , 2 , 4 , 1 , 2 , .333 , 4 , 25.0 
250,박승주,23키, 0.48 , 18 , 18.0 , 13 , 27 , 0.48 , 65.9 , 39.0 , 61.0 , .293 , .044 , .500 , 9 , 33.3 , 1 , 5.3 , 3 , 3 , 0 , 0 ,  , 0 ,  
251,주현상,23한, 0.48 , 55 , 59.2 , 40 , 84 , 0.48 , 70.2 , 43.4 , 56.6 , .209 , .015 , .378 , 28 , 33.3 , 1 , 2.9 , 1 , 6 , 0 , 1 , .000 , 4 , 0.0 
252,최원준,23두, 0.43 , 26 , 107.2 , 68 , 157 , 0.43 , 74.4 , 34.9 , 65.1 , .322 , .033 , .513 , 48 , 30.6 , 4 , 3.4 , 2 , 6 , 1 , 1 , .500 , 7 , 14.3 
253,김진성,23L, 0.40 , 80 , 70.1 , 36 , 89 , 0.40 , 62.6 , 41.0 , 59.0 , .205 , .059 , .378 , 28 , 31.5 , 4 , 9.8 , 1 , 5 , 1 , 0 , 1.000 , 7 , 14.3 
254,윤호솔,23L, 0.40 , 4 , 3.2 , 2 , 5 , 0.40 , 58.8 , 20.0 , 80.0 , .300 , .000 , .375 , 0 , 0.0 , 0 , 0.0 , 0 , 0 , 0 , 0 ,  , 0 ,  
,조성훈,23S, 0.40 , 2 , 7.0 , 4 , 10 , 0.40 , 70.6 , 33.3 , 66.7 , .417 , .125 , .563 , 3 , 30.0 , 1 , 10.0 , 0 , 1 , 0 , 0 ,  , 0 ,  
,김정우,23두, 0.40 , 7 , 6.2 , 4 , 10 , 0.40 , 65.8 , 44.0 , 56.0 , .417 , .182 , .643 , 5 , 50.0 , 2 , 18.2 , 0 , 1 , 0 , 0 ,  , 0 ,  
257,노건우,23삼, 0.39 , 16 , 12.1 , 7 , 18 , 0.39 , 72.3 , 29.8 , 70.2 , .432 , .071 , .636 , 6 , 33.3 , 1 , 4.6 , 1 , 2 , 0 , 0 ,  , 0 ,  
258,윤대경,23한, 0.37 , 47 , 47.2 , 29 , 79 , 0.37 , 72.9 , 43.8 , 56.3 , .227 , .079 , .383 , 29 , 36.7 , 5 , 13.9 , 2 , 2 , 0 , 1 , .000 , 3 , 0.0 
259,박신지,23두, 0.36 , 15 , 26.0 , 16 , 44 , 0.36 , 77.5 , 29.3 , 70.7 , .384 , .103 , .514 , 10 , 22.7 , 3 , 7.7 , 0 , 1 , 0 , 0 ,  , 1 , 0.0 
260,김서준,23삼, 0.33 , 8 , 7.2 , 5 , 15 , 0.33 , 74.4 , 37.9 , 62.1 , .310 , .000 , .500 , 6 , 40.0 , 0 , 0.0 , 0 , 1 , 0 , 0 ,  , 0 ,  
,류희운,23한, 0.33 , 3 , 4.0 , 2 , 6 , 0.33 , 70.0 , 35.7 , 64.3 , .385 , .000 , .667 , 3 , 50.0 , 0 , 0.0 , 0 , 0 , 0 , 0 ,  , 0 ,  
262,김준형,23키, 0.31 , 8 , 7.2 , 4 , 13 , 0.31 , 58.3 , 52.4 , 47.6 , .191 , .000 , .400 , 7 , 53.9 , 0 , 0.0 , 0 , 0 , 0 , 0 ,  , 0 ,  
263,이승호,23키, 0.27 , 4 , 5.0 , 3 , 11 , 0.27 , 79.2 , 26.3 , 73.7 , .222 , .000 , .357 , 2 , 18.2 , 0 , 0.0 , 0 , 0 , 0 , 0 ,  , 0 ,  
264,윤산흠,23한, 0.25 , 5 , 3.0 , 1 , 4 , 0.25 , 44.4 , 50.0 , 50.0 , .375 , .250 , .500 , 2 , 50.0 , 1 , 33.3 , 0 , 0 , 0 , 0 ,  , 0 ,  
265,박진,23롯, 0.20 , 4 , 5.0 , 2 , 10 , 0.20 , 65.5 , 31.6 , 68.4 , .333 , .000 , .539 , 4 , 40.0 , 0 , 0.0 , 0 , 0 , 0 , 0 ,  , 0 ,  
,김호준,23두, 0.20 , 3 , 3.0 , 1 , 5 , 0.20 , 62.5 , 22.2 , 77.8 , .222 , .000 , .429 , 1 , 20.0 , 0 , 0.0 , 0 , 0 , 0 , 0 ,  , 0 ,  
,김건희,23키, 0.20 , 3 , 2.0 , 1 , 5 , 0.20 , 85.7 , 16.7 , 83.3 , .400 , .000 , .600 , 1 , 20.0 , 0 , 0.0 , 0 , 0 , 0 , 0 ,  , 0 ,  
268,이민석,23롯, 0.00 , 1 , 1.1 , 0 , 3 , 0.00 , 60.0 , 33.3 , 66.7 , .000 , .000 , .000 , 1 , 33.3 , 0 ,  , 0 , 0 , 0 , 0 ,  , 0 ,  
,서동민,23S, 0.00 , 2 , 1.0 , 0 , 2 , 0.00 , 33.3 , 50.0 , 50.0 , .000 , .000 , .000 , 1 , 50.0 , 0 ,  , 0 , 0 , 0 , 0 ,  , 1 , 0.0 
,하준수,23N, 0.00 , 1 , 1.0 , 0 , 2 , 0.00 , 40.0 , 0.0 , 100.0 , .000 ,  , .000 , 0 , 0.0 , 0 ,  , 0 , 0 , 0 , 0 ,  , 0 ,  
,김태욱,23롯, 0.00 , 1 , 1.0 , 0 , 3 , 0.00 , 100.0 , 0.0 , 100.0 , .000 ,  , .000 , 0 , 0.0 , 0 ,  , 0 , 0 , 0 , 0 ,  , 0 ,  
,심창민,23N, 0.00 , 5 , 3.1 , 0 , 5 , 0.00 , 38.9 , 85.7 , 14.3 , .286 , .167 , 1.000 , 5 , 100.0 , 1 , 50.0 , 0 , 0 , 0 , 0 ,  , 1 , 0.0 
,한두솔,23S, 0.00 , 1 , 1.0 , 0 , 1 , 0.00 , 33.3 , 100.0 , 0.0 , .500 , .500 ,  , 1 , 100.0 , 1 , 100.0 , 0 , 0 , 0 , 0 ,  , 0 ,  
,김영준,23L, 0.00 , 1 , 0.1 , 0 , 1 , 0.00 , 66.7 , 50.0 , 50.0 , .500 , .000 , 1.000 , 1 , 100.0 , 0 , 0.0 , 0 , 0 , 0 , 0 ,  , 0 ,  
275,박영완,23롯,  , 1 , 1.0 , 1 , 0 ,  , 33.3 , 100.0 , 0.0 , .000 , .000 ,  , 0 ,  , 0 ,  , 0 , 0 , 0 , 0 ,  , 0 ,  
,유승철,23K,  , 1 , 1.0 , 3 , 0 ,  , 75.0 , 100.0 , 0.0 , .000 , .000 ,  , 0 ,  , 0 ,  , 0 , 1 , 0 , 0 ,  , 0 ,  
,이우석,23N,  , 1 , 0.2 , 1 , 0 ,  , 50.0 , 100.0 , 0.0 , .000 , .000 ,  , 0 ,  , 0 ,  , 0 , 0 , 0 , 0 ,  , 0 ,  
,김주한,23S,  , 1 , 0.0 , 0 , 0 ,  , 66.7 , 0.0 , 100.0 , 1.000 ,  , 1.000 , 0 ,  , 0 , 0.0 , 0 , 0 , 0 , 0 ,  , 0 ,  
,양지율,23키,  , 1 , 0.2 , 0 , 0 ,  , 16.7 , 0.0 , 100.0 , 1.000 ,  , 1.000 , 0 ,  , 0 , 0.0 , 0 , 0 , 0 , 0 ,  , 0 ,  
,임지민,23N,  , 2 , 1.1 , 1 , 0 ,  , 30.0 , 66.7 , 33.3 , .667 , .500 , 1.000 , 0 ,  , 1 , 50.0 , 0 , 0 , 0 , 0 ,  , 0 ,  
,나원탁,23롯,  , 1 , 0.2 , 1 , 0 ,  , 66.7 , 25.0 , 75.0 , .667 , .000 , 1.000 , 0 ,  , 0 , 0.0 , 0 , 0 , 0 , 0 ,  , 0 ,  
,박세웅,23삼,  , 2 , 0.2 , 1 , 0 ,  , 33.3 , 50.0 , 50.0 , .000 , .000 , 1.000 , 0 ,  , 0 , 0.0 , 0 , 0 , 0 , 0 ,  , 0 ,  
,김주온,23S,  , 1 , 0.1 , 0 , 0 ,  , 40.0 , 0.0 , 100.0 , 1.000 ,  , 1.000 , 0 ,  , 0 , 0.0 , 0 , 0 , 0 , 0 ,  , 0 ,  
,이승진,23두,  , 1 , 0.2 , 2 , 0 ,  , 50.0 , 66.7 , 33.3 , .333 , .000 , 1.000 , 0 ,  , 0 , 0.0 , 1 , 2 , 0 , 0 ,  , 0 ,  
,문경찬,23롯,  , 2 , 2.0 , 4 , 0 ,  , 83.3 , 40.0 , 60.0 , .429 , .000 , 1.000 , 0 ,  , 0 , 0.0 , 0 , 1 , 0 , 0 ,  , 1 , 0.0 
