순,이름,팀/포지션,정렬용,출장,이닝,RE24타격,RE24주루,RE24,REW,WPA타격,WPA주루,WPAPlus,WPAMinus,WPA,pLI,WPA/LI,Clutch
1,페디,23N, 4.53 , 30 , 180.1 , 54.35 , 0.83 , 55.18 , 5.58 , 4.45 , 0.08 , 13.20 , -8.67 , 4.53 , 0.93 , 4.63 , 0.22 
2,안우진,23키, 3.46 , 24 , 150.2 , 43.26 , -2.21 , 41.05 , 4.15 , 3.76 , -0.30 , 12.77 , -9.31 , 3.46 , 1.12 , 3.31 , -0.23 
3,고영표,23K, 3.34 , 28 , 174.2 , 39.46 , -0.08 , 39.38 , 3.98 , 3.45 , -0.11 , 14.84 , -11.51 , 3.34 , 1.06 , 3.00 , 0.14 
4,후라도,23키, 3.20 , 30 , 183.2 , 38.47 , -1.70 , 36.77 , 3.71 , 3.38 , -0.19 , 13.79 , -10.59 , 3.20 , 0.99 , 3.13 , 0.10 
5,알칸타라,23두, 2.85 , 31 , 192.0 , 35.81 , 1.82 , 37.63 , 3.80 , 2.66 , 0.20 , 14.62 , -11.77 , 2.85 , 1.00 , 3.07 , -0.22 
6,서진용,23S, 2.73 , 69 , 72.2 , 22.42 , -3.41 , 19.01 , 1.92 , 3.72 , -0.98 , 13.22 , -10.50 , 2.73 , 2.45 , 0.31 , 0.81 
7,쿠에바스,23K, 2.49 , 18 , 114.1 , 34.94 , -3.08 , 31.86 , 3.22 , 2.87 , -0.38 , 8.07 , -5.58 , 2.49 , 0.94 , 2.81 , -0.17 
8,곽빈,23두, 2.46 , 23 , 127.1 , 29.19 , 1.08 , 30.27 , 3.06 , 2.43 , 0.03 , 9.90 , -7.44 , 2.46 , 1.05 , 2.08 , 0.26 
9,김재윤,23K, 2.31 , 59 , 65.2 , 19.19 , -2.35 , 16.84 , 1.70 , 3.05 , -0.75 , 9.59 , -7.28 , 2.31 , 2.00 , 1.40 , -0.24 
10,함덕주,23L, 2.27 , 57 , 55.2 , 20.21 , -1.35 , 18.86 , 1.91 , 2.38 , -0.11 , 5.78 , -3.52 , 2.27 , 1.43 , 1.58 , 0.01 
11,뷰캐넌,23삼, 2.12 , 30 , 188.0 , 36.55 , -3.18 , 33.38 , 3.37 , 2.58 , -0.46 , 14.59 , -12.47 , 2.12 , 1.07 , 3.26 , -1.27 
12,백승현,23L, 1.90 , 42 , 40.0 , 18.19 , -0.56 , 17.63 , 1.78 , 1.96 , -0.05 , 4.10 , -2.20 , 1.90 , 1.36 , 0.94 , 0.46 
13,브랜든,23두, 1.88 , 18 , 104.2 , 25.28 , -0.98 , 24.30 , 2.45 , 1.97 , -0.10 , 7.43 , -5.55 , 1.88 , 0.96 , 2.39 , -0.43 
14,김진성,23L, 1.81 , 80 , 70.1 , 22.71 , 1.18 , 23.90 , 2.41 , 1.66 , 0.15 , 6.42 , -4.61 , 1.81 , 1.27 , 1.65 , -0.22 
15,전상현,23K, 1.80 , 64 , 58.2 , 16.37 , 0.70 , 17.08 , 1.73 , 1.71 , 0.08 , 6.53 , -4.73 , 1.80 , 1.49 , 0.83 , 0.37 
16,박영현,23K, 1.80 , 68 , 75.1 , 19.03 , -1.06 , 17.96 , 1.81 , 1.94 , -0.14 , 9.13 , -7.33 , 1.80 , 1.65 , 1.24 , -0.15 
17,노경은,23S, 1.75 , 76 , 83.0 , 13.20 , -2.67 , 10.53 , 1.06 , 2.14 , -0.39 , 11.29 , -9.53 , 1.75 , 1.78 , 0.63 , 0.36 
18,김명신,23두, 1.62 , 70 , 79.0 , 10.99 , 0.05 , 11.04 , 1.12 , 1.60 , 0.03 , 7.19 , -5.57 , 1.62 , 1.19 , 1.01 , 0.36 
19,플럿코,23L, 1.61 , 21 , 123.1 , 29.57 , 0.12 , 29.70 , 3.00 , 1.61 , 0.00 , 9.18 , -7.57 , 1.61 , 0.98 , 1.98 , -0.33 
20,반즈,23롯, 1.54 , 30 , 170.1 , 20.74 , 1.08 , 21.82 , 2.20 , 1.54 , -0.00 , 13.31 , -11.77 , 1.54 , 1.02 , 1.16 , 0.35 
21,윌커슨,23롯, 1.51 , 13 , 79.2 , 16.67 , -0.61 , 16.06 , 1.62 , 1.59 , -0.07 , 6.36 , -4.85 , 1.51 , 1.03 , 1.17 , 0.31 
22,주현상,23한, 1.41 , 55 , 59.2 , 19.43 , 0.15 , 19.58 , 1.98 , 1.40 , 0.01 , 4.13 , -2.72 , 1.41 , 0.96 , 1.66 , -0.18 
23,김재웅,23키, 1.35 , 67 , 59.2 , 5.09 , 2.08 , 7.17 , 0.72 , 1.11 , 0.23 , 7.38 , -6.03 , 1.35 , 1.64 , 0.74 , 0.08 
24,이용찬,23N, 1.31 , 60 , 61.0 , 2.89 , 1.76 , 4.66 , 0.47 , 1.13 , 0.18 , 8.71 , -7.40 , 1.31 , 1.84 , 0.74 , -0.03 
25,엘리아스,23S, 1.25 , 22 , 131.1 , 13.72 , 2.57 , 16.29 , 1.65 , 1.03 , 0.22 , 10.70 , -9.45 , 1.25 , 1.04 , 0.80 , 0.40 
26,류진욱,23N, 1.13 , 70 , 67.0 , 20.07 , -0.91 , 19.16 , 1.94 , 1.33 , -0.20 , 6.28 , -5.14 , 1.13 , 1.24 , 1.60 , -0.68 
27,손동현,23K, 1.11 , 64 , 73.2 , 14.77 , -1.53 , 13.25 , 1.34 , 1.38 , -0.28 , 7.43 , -6.32 , 1.11 , 1.31 , 0.42 , 0.42 
28,김영규,23N, 1.08 , 63 , 61.2 , 14.39 , -4.67 , 9.71 , 0.98 , 1.75 , -0.67 , 5.72 , -4.64 , 1.08 , 1.18 , 1.12 , -0.21 
29,구창모,23N, 1.05 , 11 , 51.2 , 11.04 , -0.28 , 10.76 , 1.09 , 1.07 , -0.03 , 3.97 , -2.92 , 1.05 , 1.02 , 0.86 , 0.17 
30,임찬규,23L, 1.01 , 30 , 144.2 , 18.12 , -0.32 , 17.80 , 1.80 , 1.07 , -0.07 , 10.57 , -9.56 , 1.01 , 0.95 , 0.23 , 0.83 
31,김광현,23S, 0.92 , 30 , 168.1 , 17.79 , 2.75 , 20.53 , 2.07 , 0.68 , 0.24 , 13.44 , -12.52 , 0.92 , 1.06 , 0.54 , 0.33 
,박상원,23한, 0.92 , 55 , 61.2 , 1.44 , -2.21 , -0.77 , -0.08 , 1.40 , -0.48 , 9.17 , -8.25 , 0.92 , 1.99 , -0.09 , 0.55 
33,엄상백,23K, 0.86 , 20 , 111.2 , 17.36 , -1.57 , 15.79 , 1.60 , 1.10 , -0.23 , 8.44 , -7.58 , 0.86 , 0.99 , 1.48 , -0.61 
34,박세웅,23롯, 0.84 , 27 , 154.0 , 19.15 , -2.18 , 16.97 , 1.71 , 1.12 , -0.28 , 12.16 , -11.32 , 0.84 , 1.06 , 1.22 , -0.43 
35,최원태,23키L, 0.84 , 26 , 146.2 , 9.71 , -1.72 , 8.00 , 0.81 , 1.11 , -0.28 , 10.82 , -9.98 , 0.84 , 0.99 , 0.74 , 0.11 
36,정해영,23K, 0.70 , 52 , 49.1 , 5.23 , 1.10 , 6.33 , 0.64 , 0.72 , -0.01 , 6.97 , -6.26 , 0.70 , 2.00 , 0.34 , 0.02 
37,원태인,23삼, 0.67 , 26 , 150.0 , 22.43 , -1.17 , 21.27 , 2.15 , 0.81 , -0.13 , 11.33 , -10.66 , 0.67 , 0.99 , 0.82 , -0.14 
38,이태양,23한, 0.65 , 50 , 100.1 , 6.64 , -0.73 , 5.91 , 0.60 , 0.80 , -0.14 , 6.89 , -6.24 , 0.65 , 0.89 , -0.16 , 0.89 
39,윤영철,23K, 0.63 , 25 , 122.2 , 10.71 , -0.10 , 10.61 , 1.07 , 0.69 , -0.05 , 9.04 , -8.41 , 0.63 , 0.95 , -0.00 , 0.68 
40,오승환,23삼, 0.63 , 58 , 62.2 , 2.97 , 0.52 , 3.49 , 0.35 , 0.50 , 0.14 , 8.41 , -7.77 , 0.63 , 1.87 , 0.50 , -0.16 
41,백정현,23삼, 0.60 , 18 , 100.2 , 14.40 , -1.13 , 13.28 , 1.34 , 0.74 , -0.13 , 7.10 , -6.50 , 0.60 , 0.98 , 0.97 , -0.35 
42,김상수,23롯, 0.60 , 66 , 52.0 , 13.86 , 0.96 , 14.82 , 1.50 , 0.44 , 0.16 , 5.13 , -4.53 , 0.60 , 1.32 , 0.41 , 0.04 
43,맥카티,23S, 0.59 , 24 , 130.0 , 10.43 , 2.63 , 13.06 , 1.32 , 0.35 , 0.23 , 10.07 , -9.49 , 0.59 , 1.02 , 0.92 , -0.35 
44,윤대경,23한, 0.58 , 47 , 47.2 , 11.47 , -0.49 , 10.98 , 1.11 , 0.71 , -0.13 , 2.58 , -2.00 , 0.58 , 0.64 , 0.89 , 0.02 
45,임창민,23키, 0.55 , 51 , 46.2 , 4.81 , -0.27 , 4.54 , 0.46 , 0.81 , -0.26 , 7.26 , -6.71 , 0.55 , 2.15 , 0.13 , 0.13 
46,태너,23N, 0.55 , 11 , 64.2 , 11.59 , -0.15 , 11.44 , 1.16 , 0.56 , -0.01 , 4.43 , -3.89 , 0.55 , 0.93 , 0.89 , -0.30 
47,수아레즈,23삼, 0.51 , 19 , 108.0 , 10.12 , -0.84 , 9.28 , 0.94 , 0.62 , -0.11 , 7.74 , -7.24 , 0.51 , 1.01 , 0.10 , 0.40 
48,나균안,23롯, 0.46 , 23 , 130.1 , 13.45 , -2.23 , 11.23 , 1.13 , 0.72 , -0.25 , 10.19 , -9.73 , 0.46 , 1.05 , -0.06 , 0.50 
49,최승용,23두, 0.44 , 34 , 111.0 , 9.40 , -0.10 , 9.29 , 0.94 , 0.46 , -0.02 , 8.40 , -7.96 , 0.44 , 1.01 , -0.11 , 0.54 
50,이상동,23K, 0.43 , 36 , 40.2 , 5.61 , 0.28 , 5.89 , 0.60 , 0.36 , 0.08 , 2.25 , -1.82 , 0.43 , 0.71 , -0.21 , 0.82 
51,최지강,23두, 0.41 , 25 , 22.0 , -0.39 , 0.10 , -0.29 , -0.03 , 0.43 , -0.02 , 1.23 , -0.82 , 0.41 , 0.68 , -0.07 , 0.68 
52,김윤식,23L, 0.40 , 17 , 74.2 , 3.55 , 1.31 , 4.86 , 0.49 , 0.26 , 0.15 , 6.36 , -5.96 , 0.40 , 1.05 , 0.08 , 0.31 
53,임기영,23K, 0.38 , 64 , 82.0 , 16.01 , -0.69 , 15.32 , 1.55 , 0.47 , -0.09 , 6.03 , -5.65 , 0.38 , 1.04 , 1.67 , -1.31 
54,벤자민,23K, 0.37 , 29 , 160.0 , 14.57 , -4.53 , 10.04 , 1.01 , 0.80 , -0.44 , 12.07 , -11.71 , 0.37 , 1.02 , 0.73 , -0.37 
55,켈리,23L, 0.35 , 30 , 178.2 , 17.43 , -0.54 , 16.88 , 1.71 , 0.43 , -0.08 , 12.86 , -12.51 , 0.35 , 0.98 , 1.48 , -1.13 
,이우찬,23L, 0.35 , 38 , 38.1 , 12.26 , 0.40 , 12.66 , 1.28 , 0.30 , 0.04 , 1.87 , -1.52 , 0.35 , 0.59 , 0.16 , 0.43 
57,김진호,23N, 0.27 , 19 , 16.1 , 2.39 , -0.67 , 1.71 , 0.17 , 0.39 , -0.12 , 1.76 , -1.48 , 0.27 , 1.39 , -0.04 , 0.24 
58,최지민,23K, 0.25 , 58 , 59.1 , 9.52 , -3.48 , 6.04 , 0.61 , 0.72 , -0.46 , 5.44 , -5.19 , 0.25 , 1.18 , 0.35 , -0.13 
59,김동주,23두, 0.25 , 18 , 78.1 , 5.30 , 3.40 , 8.70 , 0.88 , -0.05 , 0.29 , 5.79 , -5.54 , 0.25 , 1.00 , 0.30 , -0.05 
60,정우람,23한, 0.24 , 52 , 40.1 , 2.04 , -0.42 , 1.62 , 0.16 , 0.23 , 0.01 , 2.94 , -2.70 , 0.24 , 0.94 , -0.07 , 0.33 
61,최이준,23롯, 0.23 , 28 , 29.0 , -2.69 , -0.83 , -3.52 , -0.36 , 0.34 , -0.11 , 1.15 , -0.92 , 0.23 , 0.48 , -0.67 , 1.15 
62,정철원,23두, 0.20 , 67 , 72.2 , 8.28 , -3.63 , 4.64 , 0.47 , 0.70 , -0.50 , 9.81 , -9.60 , 0.20 , 1.75 , 0.03 , 0.09 
63,김기중,23한, 0.20 , 37 , 56.1 , 0.61 , 2.78 , 3.39 , 0.34 , -0.09 , 0.29 , 3.59 , -3.39 , 0.20 , 0.79 , -0.12 , 0.37 
64,윤중현,23K, 0.20 , 31 , 28.0 , 6.22 , -0.81 , 5.42 , 0.55 , 0.29 , -0.09 , 1.63 , -1.43 , 0.20 , 0.74 , 0.06 , 0.21 
65,조영건,23키, 0.20 , 6 , 7.2 , 3.33 , 0.66 , 3.99 , 0.40 , 0.16 , 0.04 , 0.31 , -0.11 , 0.20 , 0.43 , 0.34 , 0.11 
66,백승건,23S, 0.18 , 25 , 38.0 , -3.39 , 0.92 , -2.48 , -0.25 , 0.19 , -0.01 , 2.63 , -2.45 , 0.18 , 0.91 , -0.61 , 0.82 
67,최동환,23L, 0.18 , 45 , 42.1 , 4.67 , -0.18 , 4.48 , 0.45 , 0.23 , -0.05 , 2.02 , -1.84 , 0.18 , 0.68 , -0.02 , 0.29 
68,이상규,23L, 0.17 , 8 , 7.2 , 2.34 , -0.15 , 2.19 , 0.22 , 0.17 , -0.00 , 0.30 , -0.13 , 0.17 , 0.34 , 0.07 , 0.43 
69,김강률,23두, 0.15 , 32 , 25.2 , 5.04 , -0.69 , 4.35 , 0.44 , 0.23 , -0.08 , 1.82 , -1.67 , 0.15 , 0.98 , 0.23 , -0.08 
70,박민호,23S, 0.14 , 10 , 10.0 , 2.37 , -0.15 , 2.22 , 0.22 , 0.15 , -0.01 , 0.41 , -0.27 , 0.14 , 0.44 , -0.04 , 0.35 
71,박정수,23두, 0.13 , 25 , 36.2 , 1.79 , -0.58 , 1.20 , 0.12 , 0.16 , -0.03 , 0.95 , -0.81 , 0.13 , 0.31 , -0.05 , 0.47 
72,이호성,23삼, 0.13 , 5 , 17.0 , 4.26 , 0.18 , 4.43 , 0.45 , 0.18 , -0.05 , 0.90 , -0.77 , 0.13 , 0.77 , 0.06 , 0.12 
73,김태오,23K, 0.11 , 5 , 7.1 , -2.42 , -0.48 , -2.90 , -0.29 , 0.15 , -0.04 , 0.31 , -0.19 , 0.11 , 0.35 , -0.22 , 0.53 
74,심재민,23K롯, 0.11 , 33 , 47.2 , 4.42 , -0.83 , 3.58 , 0.36 , 0.16 , -0.05 , 3.10 , -2.98 , 0.11 , 0.88 , -0.05 , 0.17 
75,스미스,23한, 0.11 , 1 , 2.2 , 1.20 , 0.00 , 1.20 , 0.12 , 0.11 , 0.00 , 0.23 , -0.13 , 0.11 , 1.14 , 0.04 , 0.05 
76,이민석,23롯, 0.10 , 1 , 1.1 , 1.03 , -0.15 , 0.88 , 0.09 , 0.12 , -0.01 , 0.15 , -0.04 , 0.10 , 1.40 , 0.07 , 0.01 
77,조민석,23N, 0.10 , 35 , 31.0 , 3.09 , 0.21 , 3.30 , 0.33 , 0.21 , -0.11 , 1.70 , -1.59 , 0.10 , 0.61 , -0.01 , 0.18 
78,김창훈,23롯, 0.10 , 3 , 4.1 , 1.91 , 0.00 , 1.91 , 0.19 , 0.10 , 0.00 , 0.14 , -0.04 , 0.10 , 0.21 , 0.04 , 0.43 
79,신헌민,23S, 0.09 , 11 , 12.0 , -2.64 , 0.00 , -2.64 , -0.27 , 0.09 , 0.00 , 0.14 , -0.05 , 0.09 , 0.14 , -0.10 , 0.75 
80,고효준,23S, 0.08 , 73 , 58.0 , 8.69 , -0.31 , 8.38 , 0.85 , 0.19 , -0.11 , 4.99 , -4.91 , 0.08 , 1.17 , 0.23 , -0.16 
81,이민우,23한, 0.07 , 17 , 13.2 , 2.76 , -0.28 , 2.48 , 0.25 , 0.14 , -0.07 , 0.85 , -0.79 , 0.07 , 0.97 , 0.17 , -0.10 
82,심창민,23N, 0.05 , 5 , 3.1 , -1.03 , 0.47 , -0.56 , -0.06 , 0.04 , 0.02 , 0.20 , -0.15 , 0.05 , 0.66 , -0.01 , 0.09 
83,최성훈,23L, 0.05 , 5 , 3.0 , -5.38 , 0.00 , -5.38 , -0.54 , 0.05 , 0.00 , 0.14 , -0.09 , 0.05 , 0.38 , -0.29 , 0.42 
84,이의리,23K, 0.05 , 28 , 131.2 , 16.01 , -2.98 , 13.03 , 1.32 , 0.32 , -0.27 , 10.06 , -10.01 , 0.05 , 1.08 , 0.87 , -0.82 
85,전용주,23K, 0.04 , 15 , 10.1 , 3.90 , -0.75 , 3.15 , 0.32 , 0.10 , -0.06 , 0.34 , -0.30 , 0.04 , 0.42 , 0.16 , -0.06 
86,파노니,23K, 0.04 , 16 , 82.1 , 8.08 , -0.39 , 7.69 , 0.78 , 0.07 , -0.03 , 5.99 , -5.95 , 0.04 , 0.99 , 0.65 , -0.61 
87,윤호솔,23L, 0.04 , 4 , 3.2 , 0.70 , 0.00 , 0.70 , 0.07 , 0.04 , 0.00 , 0.05 , -0.02 , 0.04 , 0.16 , 0.04 , 0.20 
88,이준호,23N, 0.03 , 17 , 31.2 , -3.58 , -0.61 , -4.19 , -0.42 , 0.04 , -0.01 , 1.31 , -1.27 , 0.03 , 0.56 , -0.41 , 0.47 
89,김규연,23한, 0.02 , 23 , 19.2 , 5.37 , -1.03 , 4.34 , 0.44 , 0.06 , -0.04 , 1.06 , -1.03 , 0.02 , 0.69 , 0.14 , -0.11 
90,조현우,23K, 0.01 , 5 , 3.0 , -0.42 , -0.57 , -1.00 , -0.10 , 0.01 , -0.00 , 0.03 , -0.02 , 0.01 , 0.10 , -0.13 , 0.23 
91,홍원표,23삼, 0.01 , 3 , 3.2 , 2.03 , -0.15 , 1.88 , 0.19 , 0.02 , -0.00 , 0.03 , -0.02 , 0.01 , 0.09 , 0.13 , -0.00 
92,박영완,23롯, 0.01 , 1 , 1.0 , 0.56 , 0.00 , 0.56 , 0.06 , 0.01 , 0.00 , 0.02 , -0.01 , 0.01 , 0.22 , 0.02 , 0.02 
93,김건희,23키, 0.00 , 3 , 2.0 , -2.82 , 0.00 , -2.82 , -0.28 , 0.00 , 0.00 , 0.02 , -0.01 , 0.00 , 0.08 , -0.12 , 0.17 
94,박치국,23두, 0.00 , 62 , 52.2 , 6.63 , -0.82 , 5.81 , 0.59 , 0.13 , -0.13 , 5.34 , -5.34 , 0.00 , 1.31 , 0.37 , -0.36 
95,김호준,23두, 0.00 , 3 , 3.0 , -2.18 , -0.15 , -2.34 , -0.24 , 0.00 , 0.00 , 0.00 , -0.00 , 0.00 , 0.02 , -0.05 , 0.11 
96,산체스,23한, 0.00 , 24 , 126.0 , 8.68 , -1.33 , 7.35 , 0.74 , 0.17 , -0.17 , 8.34 , -8.34 , 0.00 , 0.87 , 0.13 , -0.13 
97,유승철,23K, 0.00 , 1 , 1.0 , 0.56 , 0.00 , 0.56 , 0.06 , 0.00 , 0.00 , 0.00 , -0.00 , 0.00 , 0.02 , 0.05 , -0.01 
,임지민,23N, 0.00 , 2 , 1.1 , -0.90 , -1.05 , -1.96 , -0.20 , 0.00 , 0.00 , 0.00 , 0.00 , 0.00 , 0.01 , 0.04 , 0.13 
99,하준수,23N, 0.00 , 1 , 1.0 , 0.56 , 0.00 , 0.56 , 0.06 , 0.00 , 0.00 , 0.00 , 0.00 , 0.00 , 0.00 , 0.00 ,  
,송승기,23L, 0.00 , 1 , 1.0 , 0.56 , 0.00 , 0.56 , 0.06 , 0.00 , 0.00 , 0.00 , 0.00 , 0.00 , 0.00 , 0.00 ,  
,김태욱,23롯, 0.00 , 1 , 1.0 , 0.56 , 0.00 , 0.56 , 0.06 , 0.00 , 0.00 , 0.00 , 0.00 , 0.00 , 0.00 , 0.00 ,  
,류원석,23한, 0.00 , 1 , 2.0 , 0.15 , -0.04 , 0.11 , 0.01 , 0.00 , 0.00 , 0.00 , -0.00 , 0.00 , 0.01 , -0.07 , 0.07 
,이우석,23N, 0.00 , 1 , 0.2 , 0.44 , 0.00 , 0.44 , 0.04 , 0.00 , 0.00 , 0.00 , 0.00 , 0.00 , 0.00 , 0.00 ,  
104,배재준,23L, -0.00 , 1 , 1.0 , -1.28 , -0.17 , -1.44 , -0.15 , -0.00 , 0.00 , 0.00 , -0.00 , -0.00 , 0.01 , -0.16 , 0.05 
,김주온,23S, -0.00 , 1 , 0.1 , -1.82 , -0.27 , -2.09 , -0.21 , -0.00 , 0.00 , 0.00 , -0.00 , -0.00 , 0.01 , -0.04 , -0.13 
106,박윤철,23한, -0.00 , 3 , 3.1 , -6.35 , -0.15 , -6.50 , -0.66 , 0.00 , -0.00 , 0.01 , -0.01 , -0.00 , 0.02 , -0.22 , 0.18 
107,손주영,23L, -0.00 , 3 , 8.2 , -4.53 , 0.30 , -4.22 , -0.43 , -0.02 , 0.02 , 0.60 , -0.60 , -0.00 , 0.78 , -0.22 , 0.22 
108,이승진,23두, -0.00 , 1 , 0.2 , -1.26 , 0.00 , -1.26 , -0.13 , -0.00 , 0.00 , 0.00 , -0.01 , -0.00 , 0.05 , -0.11 , 0.07 
109,성동현,23L, -0.00 , 1 , 1.0 , -0.21 , -0.24 , -0.45 , -0.04 , -0.00 , -0.00 , 0.00 , -0.00 , -0.00 , 0.03 , -0.07 , -0.02 
110,나원탁,23롯, -0.00 , 1 , 0.2 , -2.70 , 0.00 , -2.70 , -0.27 , -0.00 , 0.00 , 0.00 , -0.00 , -0.00 , 0.02 , -0.10 , -0.07 
111,김강현,23롯, -0.00 , 2 , 3.0 , 0.67 , 0.00 , 0.67 , 0.07 , -0.00 , 0.00 , 0.03 , -0.04 , -0.00 , 0.17 , 0.06 , -0.08 
112,서상준,23S, -0.01 , 2 , 2.0 , -1.65 , -0.24 , -1.89 , -0.19 , -0.00 , -0.00 , 0.00 , -0.01 , -0.01 , 0.02 , -0.09 , -0.19 
113,김주한,23S, -0.01 , 1 , 0.0 , -3.00 , 0.00 , -3.00 , -0.30 , -0.01 , 0.00 , 0.00 , -0.01 , -0.01 , 0.03 , -0.17 , -0.01 
,이기순,23S, -0.01 , 2 , 3.0 , -1.34 , 0.00 , -1.34 , -0.13 , -0.01 , 0.00 , 0.00 , -0.01 , -0.01 , 0.01 , -0.17 , -0.52 
115,한두솔,23S, -0.01 , 1 , 1.0 , -0.35 , -0.09 , -0.45 , -0.04 , -0.01 , -0.00 , 0.00 , -0.01 , -0.01 , 0.06 , -0.07 , -0.04 
,장지수,23한, -0.01 , 1 , 2.0 , -2.92 , -0.97 , -3.89 , -0.39 , -0.01 , -0.00 , 0.01 , -0.01 , -0.01 , 0.04 , -0.15 , -0.01 
117,제환유,23두, -0.01 , 1 , 2.0 , -2.17 , -0.24 , -2.41 , -0.24 , -0.01 , 0.00 , 0.00 , -0.01 , -0.01 , 0.03 , -0.15 , -0.14 
118,류희운,23한, -0.01 , 3 , 4.0 , -2.14 , 0.00 , -2.14 , -0.22 , -0.01 , 0.00 , 0.03 , -0.04 , -0.01 , 0.07 , -0.05 , -0.10 
119,김태현,23N, -0.01 , 16 , 20.1 , -0.18 , 0.15 , -0.02 , -0.00 , -0.02 , 0.00 , 0.19 , -0.20 , -0.01 , 0.12 , -0.47 , 0.38 
120,채지선,23LN, -0.01 , 3 , 3.1 , 0.15 , -0.09 , 0.06 , 0.01 , -0.01 , 0.00 , 0.00 , -0.02 , -0.01 , 0.03 , -0.07 , -0.30 
121,홍성민,23키, -0.01 , 2 , 2.0 , -0.74 , -0.15 , -0.89 , -0.09 , -0.01 , -0.00 , 0.01 , -0.02 , -0.01 , 0.05 , -0.07 , -0.18 
122,석상호,23롯, -0.01 , 5 , 5.1 , 2.76 , -0.15 , 2.60 , 0.26 , -0.01 , -0.00 , 0.03 , -0.04 , -0.01 , 0.15 , 0.13 , -0.22 
123,김시현,23삼, -0.01 , 2 , 3.0 , -3.34 , 0.00 , -3.34 , -0.34 , -0.01 , 0.00 , 0.00 , -0.02 , -0.01 , 0.02 , -0.24 , -0.54 
124,김승현,23K, -0.02 , 10 , 12.2 , 2.08 , -0.09 , 1.99 , 0.20 , -0.02 , -0.00 , 0.08 , -0.09 , -0.02 , 0.11 , 0.06 , -0.22 
125,박권후,23삼, -0.02 , 4 , 2.2 , -0.16 , -0.09 , -0.26 , -0.03 , -0.02 , 0.00 , 0.01 , -0.03 , -0.02 , 0.13 , -0.13 , -0.00 
126,이준영,23K, -0.02 , 64 , 33.2 , 7.03 , -0.35 , 6.67 , 0.67 , 0.04 , -0.06 , 2.95 , -2.97 , -0.02 , 1.16 , 0.41 , -0.43 
127,장세진,23롯, -0.02 , 2 , 1.1 , -2.46 , 0.00 , -2.46 , -0.25 , -0.02 , 0.00 , 0.03 , -0.05 , -0.02 , 0.49 , -0.10 , 0.06 
128,윤석원,23키, -0.03 , 21 , 24.0 , -5.87 , -0.33 , -6.19 , -0.63 , -0.02 , -0.00 , 0.60 , -0.62 , -0.03 , 0.37 , -0.36 , 0.29 
129,앤더슨,23K, -0.03 , 14 , 79.0 , 4.04 , -3.32 , 0.72 , 0.07 , 0.35 , -0.38 , 5.48 , -5.51 , -0.03 , 0.90 , -0.29 , 0.26 
130,김준형,23키, -0.03 , 8 , 7.2 , -0.59 , -0.15 , -0.74 , -0.08 , -0.03 , -0.00 , 0.03 , -0.06 , -0.03 , 0.08 , -0.01 , -0.38 
131,양현종,23K, -0.03 , 29 , 171.0 , 14.95 , 1.69 , 16.64 , 1.68 , -0.10 , 0.07 , 12.33 , -12.36 , -0.03 , 0.99 , 0.97 , -1.00 
132,김영준,23L, -0.03 , 1 , 0.1 , -0.86 , -0.24 , -1.10 , -0.11 , -0.03 , -0.00 , 0.01 , -0.04 , -0.03 , 0.29 , -0.08 , -0.03 
133,최충연,23삼, -0.03 , 7 , 9.1 , -2.76 , -0.63 , -3.38 , -0.34 , -0.02 , -0.02 , 0.21 , -0.25 , -0.03 , 0.24 , -0.37 , 0.24 
134,양지율,23키, -0.04 , 1 , 0.2 , -1.26 , 0.00 , -1.26 , -0.13 , -0.04 , 0.00 , 0.01 , -0.05 , -0.04 , 0.36 , -0.06 , -0.05 
135,송윤준,23한, -0.04 , 4 , 4.1 , -1.40 , -0.15 , -1.55 , -0.16 , -0.03 , -0.00 , 0.12 , -0.16 , -0.04 , 0.42 , -0.02 , -0.07 
136,임준섭,23S, -0.04 , 41 , 32.2 , -5.64 , -0.93 , -6.57 , -0.66 , 0.01 , -0.05 , 1.72 , -1.75 , -0.04 , 0.66 , -0.91 , 0.84 
137,이진하,23롯, -0.04 , 9 , 8.0 , 2.34 , -0.50 , 1.85 , 0.19 , -0.01 , -0.03 , 0.10 , -0.14 , -0.04 , 0.18 , 0.04 , -0.27 
138,이로운,23S, -0.04 , 50 , 57.2 , -9.92 , -0.04 , -9.96 , -1.01 , -0.16 , 0.13 , 2.46 , -2.50 , -0.04 , 0.55 , -1.02 , 0.96 
139,이승현,23삼, -0.04 , 60 , 60.0 , -1.23 , -0.23 , -1.46 , -0.15 , -0.05 , 0.01 , 4.85 , -4.89 , -0.04 , 1.09 , -0.14 , 0.11 
140,김정운,23K, -0.04 , 5 , 7.0 , -1.24 , 0.00 , -1.24 , -0.13 , -0.04 , 0.00 , 0.02 , -0.06 , -0.04 , 0.06 , -0.07 , -0.71 
141,서동민,23S, -0.05 , 2 , 1.0 , -0.23 , -0.24 , -0.46 , -0.05 , -0.03 , -0.02 , 0.00 , -0.05 , -0.05 , 0.20 , -0.08 , -0.17 
142,이승호,23키, -0.05 , 4 , 5.0 , -0.59 , 0.00 , -0.59 , -0.06 , -0.05 , 0.00 , 0.45 , -0.50 , -0.05 , 1.11 , -0.07 , 0.03 
143,박준영,23한, -0.05 , 4 , 4.1 , -3.50 , -0.24 , -3.74 , -0.38 , -0.05 , 0.00 , 0.02 , -0.07 , -0.05 , 0.11 , 0.02 , -0.48 
144,이재희,23삼, -0.06 , 2 , 8.0 , 1.59 , -0.15 , 1.44 , 0.15 , -0.04 , -0.02 , 0.49 , -0.54 , -0.06 , 0.81 , 0.10 , -0.17 
145,김정우,23두, -0.06 , 7 , 6.2 , -6.01 , 0.25 , -5.76 , -0.58 , -0.06 , 0.00 , 0.03 , -0.09 , -0.06 , 0.07 , -0.65 , -0.17 
146,박진,23롯, -0.07 , 4 , 5.0 , -1.39 , -0.99 , -2.38 , -0.24 , -0.05 , -0.01 , 0.04 , -0.11 , -0.07 , 0.14 , -0.25 , -0.23 
147,곽도규,23K, -0.07 , 14 , 11.2 , -3.61 , -0.59 , -4.19 , -0.42 , -0.06 , -0.01 , 0.18 , -0.25 , -0.07 , 0.23 , -0.08 , -0.21 
148,김서현,23한, -0.08 , 20 , 22.1 , -6.47 , -0.37 , -6.84 , -0.69 , -0.08 , -0.00 , 1.45 , -1.53 , -0.08 , 0.84 , -0.88 , 0.78 
149,문동주,23한, -0.08 , 23 , 118.2 , 13.10 , -0.20 , 12.90 , 1.30 , 0.02 , -0.11 , 8.60 , -8.68 , -0.08 , 1.00 , 1.54 , -1.62 
150,오석주,23L, -0.08 , 9 , 10.0 , 1.51 , -1.09 , 0.41 , 0.04 , -0.06 , -0.03 , 0.11 , -0.19 , -0.08 , 0.15 , -0.15 , -0.40 
151,이건욱,23S, -0.09 , 27 , 38.2 , 6.27 , -0.74 , 5.53 , 0.56 , -0.02 , -0.06 , 1.13 , -1.22 , -0.09 , 0.41 , 0.33 , -0.54 
152,조성훈,23S, -0.10 , 2 , 7.0 , -1.56 , 0.44 , -1.12 , -0.11 , -0.15 , 0.05 , 0.63 , -0.72 , -0.10 , 1.12 , -0.15 , 0.06 
153,백승우,23두, -0.10 , 6 , 4.0 , 0.51 , 0.00 , 0.51 , 0.05 , -0.10 , 0.00 , 0.12 , -0.22 , -0.10 , 0.54 , 0.06 , -0.24 
154,송은범,23L, -0.10 , 4 , 3.2 , 0.24 , 0.00 , 0.24 , 0.02 , -0.10 , 0.00 , 0.05 , -0.16 , -0.10 , 0.40 , -0.04 , -0.21 
155,강건,23K, -0.10 , 4 , 6.2 , 1.71 , -0.25 , 1.47 , 0.15 , -0.09 , -0.01 , 0.17 , -0.27 , -0.10 , 0.45 , -0.07 , -0.16 
156,정성곤,23S, -0.10 , 6 , 4.1 , -8.05 , -0.44 , -8.49 , -0.86 , -0.10 , -0.01 , 0.09 , -0.19 , -0.10 , 0.19 , -0.82 , 0.28 
157,유영찬,23L, -0.12 , 67 , 68.0 , 10.52 , -2.17 , 8.35 , 0.84 , 0.24 , -0.36 , 5.65 , -5.77 , -0.12 , 1.19 , 0.26 , -0.37 
158,김민규,23두, -0.12 , 6 , 8.1 , 1.56 , -0.98 , 0.58 , 0.06 , -0.08 , -0.04 , 0.28 , -0.41 , -0.12 , 0.64 , -0.08 , -0.11 
159,윤정현,23키, -0.12 , 5 , 6.0 , 1.08 , -0.15 , 0.93 , 0.09 , -0.12 , 0.00 , 0.02 , -0.14 , -0.12 , 0.17 , -0.05 , -0.67 
160,문용익,23삼, -0.13 , 14 , 13.0 , 2.78 , -1.91 , 0.87 , 0.09 , -0.04 , -0.09 , 0.25 , -0.38 , -0.13 , 0.34 , 0.21 , -0.57 
161,배민서,23N, -0.13 , 6 , 6.2 , -4.65 , -0.31 , -4.97 , -0.50 , -0.13 , -0.00 , 0.02 , -0.15 , -0.13 , 0.09 , -0.42 , -1.02 
162,요키시,23키, -0.13 , 12 , 65.2 , -0.20 , -0.51 , -0.71 , -0.07 , -0.05 , -0.08 , 4.56 , -4.69 , -0.13 , 0.93 , -0.38 , 0.24 
163,진승현,23롯, -0.14 , 24 , 27.2 , 0.85 , -0.43 , 0.42 , 0.04 , -0.13 , -0.00 , 1.28 , -1.41 , -0.14 , 0.68 , -0.14 , -0.06 
164,이상영,23L, -0.14 , 6 , 11.0 , 0.44 , 0.25 , 0.69 , 0.07 , -0.17 , 0.02 , 0.63 , -0.78 , -0.14 , 0.85 , -0.09 , -0.08 
165,하준호,23K, -0.15 , 12 , 13.0 , -1.18 , -1.54 , -2.72 , -0.27 , -0.00 , -0.14 , 0.43 , -0.58 , -0.15 , 0.45 , -0.41 , 0.09 
166,정찬헌,23키, -0.15 , 14 , 72.0 , 0.61 , -0.04 , 0.58 , 0.06 , -0.12 , -0.03 , 4.52 , -4.68 , -0.15 , 0.90 , 0.53 , -0.69 
167,전사민,23N, -0.17 , 9 , 17.0 , -0.30 , 0.04 , -0.27 , -0.03 , -0.28 , 0.11 , 1.35 , -1.52 , -0.17 , 1.12 , -0.23 , 0.08 
168,정성종,23롯, -0.17 , 12 , 22.0 , -1.78 , -0.57 , -2.36 , -0.24 , -0.11 , -0.06 , 1.12 , -1.29 , -0.17 , 0.71 , -0.33 , 0.09 
169,와이드너,23N삼, -0.19 , 21 , 115.0 , 2.10 , -3.85 , -1.75 , -0.18 , 0.17 , -0.37 , 7.73 , -7.92 , -0.19 , 0.88 , 0.03 , -0.25 
170,박준표,23K, -0.20 , 33 , 28.0 , -1.48 , -0.90 , -2.37 , -0.24 , -0.11 , -0.10 , 1.35 , -1.55 , -0.20 , 0.61 , 0.39 , -0.72 
171,박세진,23K, -0.20 , 16 , 11.2 , -2.67 , -0.57 , -3.24 , -0.33 , -0.16 , -0.05 , 0.39 , -0.59 , -0.20 , 0.44 , -0.40 , -0.06 
172,고봉재,23두, -0.21 , 10 , 11.1 , -4.45 , -0.12 , -4.57 , -0.46 , -0.18 , -0.03 , 0.11 , -0.32 , -0.21 , 0.18 , -0.24 , -0.95 
173,김원중,23롯, -0.21 , 63 , 63.2 , 5.37 , -0.34 , 5.03 , 0.51 , -0.04 , -0.17 , 8.18 , -8.40 , -0.21 , 1.80 , 1.08 , -1.19 
174,최준용,23롯, -0.22 , 47 , 47.2 , 11.89 , -0.85 , 11.04 , 1.12 , -0.13 , -0.10 , 4.25 , -4.48 , -0.22 , 1.21 , 0.34 , -0.53 
175,이재학,23N, -0.23 , 15 , 67.1 , 2.66 , -0.58 , 2.08 , 0.21 , -0.21 , -0.02 , 4.68 , -4.91 , -0.23 , 0.97 , 0.35 , -0.59 
176,김민수,23K, -0.23 , 14 , 13.0 , -0.49 , -0.24 , -0.73 , -0.07 , -0.17 , -0.07 , 0.38 , -0.62 , -0.23 , 0.56 , -0.42 , -0.00 
177,김건국,23K, -0.24 , 6 , 16.0 , -3.04 , -0.82 , -3.86 , -0.39 , -0.16 , -0.08 , 0.96 , -1.20 , -0.24 , 0.84 , -0.01 , -0.27 
178,김유성,23두, -0.24 , 7 , 6.1 , -3.84 , -0.74 , -4.58 , -0.46 , -0.19 , -0.05 , 0.03 , -0.26 , -0.24 , 0.18 , -0.29 , -1.04 
179,한재승,23N, -0.24 , 11 , 9.2 , 0.00 , -0.81 , -0.81 , -0.08 , -0.14 , -0.09 , 0.26 , -0.50 , -0.24 , 0.35 , -0.26 , -0.41 
180,이충호,23한, -0.24 , 11 , 8.2 , -3.85 , -0.20 , -4.04 , -0.41 , -0.25 , 0.00 , 0.19 , -0.43 , -0.24 , 0.30 , -0.36 , -0.45 
181,우강훈,23롯, -0.26 , 3 , 6.0 , -0.53 , 0.00 , -0.53 , -0.05 , -0.26 , 0.00 , 0.35 , -0.61 , -0.26 , 0.97 , -0.09 , -0.18 
182,정구범,23N, -0.26 , 4 , 12.2 , -4.19 , -0.08 , -4.27 , -0.43 , -0.25 , -0.01 , 0.70 , -0.97 , -0.26 , 0.72 , -0.43 , 0.07 
183,우규민,23삼, -0.26 , 56 , 43.0 , -1.39 , 1.04 , -0.36 , -0.04 , -0.40 , 0.14 , 3.70 , -3.96 , -0.26 , 1.17 , -0.13 , -0.10 
184,스트레일리,23롯, -0.27 , 16 , 80.1 , 0.77 , 0.63 , 1.41 , 0.14 , -0.34 , 0.07 , 5.75 , -6.02 , -0.27 , 0.97 , -0.45 , 0.17 
185,페냐,23한, -0.27 , 32 , 177.1 , 21.18 , -4.63 , 16.54 , 1.67 , 0.28 , -0.54 , 13.30 , -13.57 , -0.27 , 1.02 , 0.80 , -1.06 
186,임정호,23N, -0.29 , 65 , 50.0 , 4.84 , -1.32 , 3.52 , 0.36 , -0.19 , -0.09 , 4.69 , -4.97 , -0.29 , 1.17 , -0.42 , 0.18 
187,박세웅,23삼, -0.30 , 2 , 0.2 , -2.22 , 0.00 , -2.22 , -0.22 , -0.30 , 0.00 , 0.00 , -0.30 , -0.30 , 0.59 , -0.15 , -0.36 
188,최원준,23두, -0.31 , 26 , 107.2 , -1.43 , 2.89 , 1.46 , 0.15 , -0.54 , 0.23 , 8.47 , -8.77 , -0.31 , 1.01 , -0.37 , 0.06 
189,김재영,23한, -0.31 , 6 , 8.0 , -3.72 , -0.24 , -3.96 , -0.40 , -0.31 , -0.00 , 0.17 , -0.48 , -0.31 , 0.36 , -0.50 , -0.37 
190,이원재,23두, -0.31 , 1 , 1.0 , -3.31 , 0.00 , -3.31 , -0.33 , -0.31 , 0.00 , 0.07 , -0.38 , -0.31 , 1.40 , -0.19 , -0.04 
191,김범수,23한, -0.32 , 76 , 62.1 , 3.54 , 0.94 , 4.48 , 0.45 , -0.34 , 0.02 , 8.24 , -8.56 , -0.32 , 1.71 , 0.12 , -0.31 
192,변시원,23키, -0.32 , 4 , 2.1 , -6.54 , 0.00 , -6.54 , -0.66 , -0.32 , 0.00 , 0.11 , -0.42 , -0.32 , 0.72 , -0.33 , -0.11 
193,오상원,23키, -0.32 , 11 , 15.0 , -4.52 , -0.04 , -4.57 , -0.46 , -0.32 , -0.00 , 0.25 , -0.57 , -0.32 , 0.29 , -0.46 , -0.65 
194,이형범,23두, -0.32 , 23 , 27.2 , -13.12 , -0.96 , -14.08 , -1.42 , -0.27 , -0.06 , 0.84 , -1.16 , -0.32 , 0.40 , -1.05 , 0.24 
195,딜런,23두, -0.34 , 2 , 9.0 , -2.43 , -0.09 , -2.52 , -0.25 , -0.33 , -0.01 , 0.72 , -1.06 , -0.34 , 1.08 , -0.31 , -0.00 
196,이태연,23롯, -0.34 , 15 , 5.2 , -10.19 , 0.00 , -10.19 , -1.03 , -0.34 , 0.00 , 0.18 , -0.52 , -0.34 , 0.54 , -0.37 , -0.26 
197,장필준,23삼, -0.34 , 17 , 19.1 , -7.98 , 0.81 , -7.17 , -0.72 , -0.36 , 0.02 , 1.22 , -1.56 , -0.34 , 0.76 , -0.65 , 0.20 
198,김영현,23K, -0.36 , 31 , 33.0 , -2.26 , -0.90 , -3.16 , -0.32 , -0.32 , -0.04 , 1.09 , -1.45 , -0.36 , 0.49 , -0.49 , -0.23 
199,신민혁,23N, -0.36 , 29 , 122.0 , 1.87 , -2.42 , -0.55 , -0.06 , -0.19 , -0.17 , 7.89 , -8.25 , -0.36 , 0.86 , 0.60 , -1.01 
200,최영환,23롯, -0.38 , 8 , 10.0 , -7.57 , -0.09 , -7.66 , -0.77 , -0.37 , -0.01 , 0.36 , -0.74 , -0.38 , 0.56 , -0.49 , -0.19 
201,조이현,23K, -0.38 , 18 , 35.0 , -14.78 , -0.19 , -14.98 , -1.51 , -0.38 , 0.00 , 1.55 , -1.93 , -0.38 , 0.57 , -1.30 , 0.63 
202,김재열,23K, -0.40 , 9 , 11.2 , -10.30 , -0.31 , -10.61 , -1.07 , -0.37 , -0.03 , 0.56 , -0.96 , -0.40 , 0.62 , -0.85 , 0.20 
203,김대현,23L, -0.40 , 5 , 3.1 , -4.46 , -0.04 , -4.51 , -0.46 , -0.40 , 0.00 , 0.03 , -0.43 , -0.40 , 0.39 , -0.37 , -0.67 
204,김서준,23삼, -0.41 , 8 , 7.2 , 0.56 , -1.26 , -0.70 , -0.07 , -0.36 , -0.05 , 0.18 , -0.59 , -0.41 , 0.63 , -0.27 , -0.38 
205,이민호,23L, -0.43 , 5 , 19.2 , -3.01 , -0.15 , -3.16 , -0.32 , -0.41 , -0.01 , 1.29 , -1.72 , -0.43 , 0.91 , -0.20 , -0.26 
206,주승우,23키, -0.43 , 11 , 16.0 , -5.02 , -1.18 , -6.20 , -0.63 , -0.38 , -0.05 , 0.63 , -1.06 , -0.43 , 0.51 , -0.58 , -0.28 
207,김동규,23L키, -0.44 , 4 , 4.1 , -8.34 , -2.93 , -11.27 , -1.14 , -0.28 , -0.16 , 0.15 , -0.59 , -0.44 , 0.45 , -0.72 , -0.27 
208,진해수,23L, -0.44 , 19 , 14.2 , -0.44 , -1.13 , -1.57 , -0.16 , -0.41 , -0.03 , 0.77 , -1.21 , -0.44 , 0.73 , -0.32 , -0.28 
209,허윤동,23삼, -0.44 , 7 , 10.2 , -7.28 , -0.40 , -7.67 , -0.78 , -0.43 , -0.01 , 0.39 , -0.83 , -0.44 , 0.48 , -0.70 , -0.22 
210,구승민,23롯, -0.45 , 67 , 63.2 , 5.04 , -0.41 , 4.63 , 0.47 , -0.27 , -0.17 , 7.78 , -8.22 , -0.45 , 1.75 , 0.05 , -0.30 
211,윤산흠,23한, -0.46 , 5 , 3.0 , -1.71 , 0.00 , -1.71 , -0.17 , -0.46 , 0.00 , 0.64 , -1.10 , -0.46 , 3.38 , -0.10 , -0.04 
212,이영준,23키, -0.46 , 2 , 1.2 , -2.26 , -0.10 , -2.36 , -0.24 , -0.46 , -0.00 , 0.06 , -0.52 , -0.46 , 2.00 , -0.13 , -0.10 
213,김성진,23키, -0.47 , 55 , 47.0 , 2.57 , -1.09 , 1.47 , 0.15 , -0.37 , -0.10 , 3.17 , -3.64 , -0.47 , 0.88 , -0.33 , -0.20 
214,주권,23K, -0.47 , 42 , 47.0 , -3.70 , 1.71 , -1.99 , -0.20 , -0.63 , 0.16 , 2.13 , -2.60 , -0.47 , 0.70 , 0.18 , -0.85 
215,신정락,23롯, -0.52 , 34 , 29.0 , -1.24 , -0.24 , -1.48 , -0.15 , -0.50 , -0.01 , 1.89 , -2.40 , -0.52 , 1.00 , -0.41 , -0.10 
216,소형준,23K, -0.52 , 3 , 11.0 , -6.92 , -0.13 , -7.05 , -0.71 , -0.50 , -0.02 , 1.01 , -1.54 , -0.52 , 1.10 , -0.67 , 0.19 
217,원종현,23키, -0.53 , 20 , 18.2 , -2.67 , -0.24 , -2.91 , -0.29 , -0.41 , -0.12 , 2.48 , -3.01 , -0.53 , 1.59 , -0.48 , 0.15 
218,노건우,23삼, -0.53 , 16 , 12.1 , -6.99 , -0.67 , -7.65 , -0.77 , -0.51 , -0.02 , 0.38 , -0.91 , -0.53 , 0.45 , -0.70 , -0.48 
219,장민재,23한, -0.54 , 25 , 69.0 , -7.92 , -1.19 , -9.11 , -0.92 , -0.37 , -0.17 , 4.98 , -5.52 , -0.54 , 0.98 , -1.49 , 0.94 
220,김대유,23K, -0.55 , 41 , 24.2 , -1.97 , 1.04 , -0.93 , -0.09 , -0.63 , 0.08 , 1.31 , -1.86 , -0.55 , 0.80 , 0.01 , -0.70 
221,이지강,23L, -0.56 , 22 , 68.0 , -4.57 , -1.35 , -5.92 , -0.60 , -0.37 , -0.19 , 4.40 , -4.96 , -0.56 , 0.91 , 0.14 , -0.76 
222,이채호,23K, -0.57 , 25 , 24.2 , -6.12 , -0.41 , -6.53 , -0.66 , -0.57 , 0.01 , 0.54 , -1.10 , -0.57 , 0.38 , -0.66 , -0.81 
223,박명근,23L, -0.58 , 57 , 51.1 , -2.81 , -1.36 , -4.17 , -0.42 , -0.38 , -0.20 , 5.43 , -6.01 , -0.58 , 1.43 , 0.02 , -0.43 
224,최민준,23S, -0.59 , 53 , 60.0 , -1.77 , 1.18 , -0.59 , -0.06 , -0.84 , 0.25 , 5.95 , -6.54 , -0.59 , 1.24 , -0.99 , 0.51 
225,강효종,23L, -0.60 , 7 , 21.2 , -4.60 , -0.61 , -5.21 , -0.53 , -0.54 , -0.05 , 1.73 , -2.33 , -0.60 , 1.12 , -0.51 , -0.02 
226,장현식,23K, -0.62 , 56 , 51.0 , 1.55 , 1.17 , 2.73 , 0.28 , -0.67 , 0.05 , 2.99 , -3.61 , -0.62 , 0.87 , -0.97 , 0.26 
227,이상민,23삼, -0.63 , 23 , 18.0 , -5.12 , -0.59 , -5.71 , -0.58 , -0.61 , -0.03 , 1.08 , -1.71 , -0.63 , 0.97 , -0.67 , 0.01 
228,장원준,23두, -0.64 , 11 , 41.0 , -2.89 , -0.47 , -3.36 , -0.34 , -0.60 , -0.04 , 2.96 , -3.59 , -0.64 , 0.97 , -0.71 , 0.05 
229,박신지,23두, -0.64 , 15 , 26.0 , -4.54 , -0.38 , -4.92 , -0.50 , -0.63 , -0.02 , 0.72 , -1.37 , -0.64 , 0.44 , -0.61 , -0.85 
230,김유신,23K, -0.64 , 27 , 30.1 , -8.69 , 0.33 , -8.36 , -0.84 , -0.69 , 0.05 , 1.00 , -1.64 , -0.64 , 0.52 , -0.64 , -0.60 
231,이선우,23K, -0.66 , 22 , 37.1 , -0.72 , 0.00 , -0.72 , -0.07 , -0.66 , 0.00 , 1.64 , -2.30 , -0.66 , 0.64 , -0.06 , -0.97 
232,이정용,23L, -0.67 , 37 , 86.2 , 2.79 , -1.68 , 1.12 , 0.11 , -0.55 , -0.12 , 7.63 , -8.30 , -0.67 , 1.20 , -0.37 , -0.18 
233,최지광,23삼, -0.69 , 22 , 17.1 , -6.77 , -0.47 , -7.23 , -0.73 , -0.66 , -0.03 , 0.70 , -1.39 , -0.69 , 0.72 , -0.33 , -0.63 
234,문성현,23키, -0.70 , 32 , 28.1 , -2.19 , -2.55 , -4.74 , -0.48 , -0.30 , -0.41 , 2.65 , -3.36 , -0.70 , 1.42 , -0.27 , -0.23 
235,최하늘,23삼, -0.71 , 3 , 6.1 , -11.02 , 0.00 , -11.02 , -1.11 , -0.71 , 0.00 , 0.42 , -1.13 , -0.71 , 0.90 , -0.76 , -0.04 
236,이종민,23키, -0.71 , 11 , 13.2 , -5.98 , -0.22 , -6.20 , -0.63 , -0.71 , -0.00 , 0.39 , -1.10 , -0.71 , 0.56 , -0.59 , -0.69 
237,이재익,23삼, -0.71 , 51 , 41.0 , -2.71 , -0.24 , -2.95 , -0.30 , -0.65 , -0.06 , 2.42 , -3.13 , -0.71 , 0.93 , 0.17 , -0.94 
238,최성영,23N, -0.73 , 18 , 66.2 , -0.56 , 0.68 , 0.12 , 0.01 , -0.79 , 0.06 , 5.82 , -6.55 , -0.73 , 1.12 , -1.21 , 0.56 
239,고우석,23L, -0.75 , 44 , 44.0 , 6.49 , -1.91 , 4.58 , 0.46 , -0.10 , -0.64 , 7.00 , -7.75 , -0.75 , 2.14 , 0.57 , -0.92 
240,김진욱,23롯, -0.76 , 50 , 36.1 , -7.39 , -0.86 , -8.25 , -0.83 , -0.70 , -0.06 , 2.39 , -3.16 , -0.76 , 0.88 , -0.86 , -0.01 
241,한승주,23한, -0.76 , 47 , 70.2 , 1.05 , -0.38 , 0.67 , 0.07 , -0.70 , -0.07 , 3.95 , -4.71 , -0.76 , 0.75 , -0.64 , -0.39 
242,박승주,23키, -0.77 , 18 , 18.0 , -2.37 , -1.46 , -3.82 , -0.39 , -0.74 , -0.03 , 0.85 , -1.61 , -0.77 , 0.70 , -0.68 , -0.42 
243,장재영,23키, -0.78 , 23 , 71.2 , -4.06 , -1.61 , -5.67 , -0.57 , -0.65 , -0.13 , 5.83 , -6.61 , -0.78 , 1.03 , -1.32 , 0.56 
244,문경찬,23롯, -0.80 , 2 , 2.0 , -4.89 , 0.00 , -4.89 , -0.49 , -0.80 , 0.00 , 0.01 , -0.81 , -0.80 , 1.17 , -0.37 , -0.31 
245,장시환,23한, -0.81 , 39 , 34.2 , 2.50 , 0.79 , 3.30 , 0.33 , -0.89 , 0.08 , 2.70 , -3.51 , -0.81 , 1.26 , 0.21 , -0.86 
246,황동재,23삼, -0.83 , 7 , 31.2 , -8.83 , 0.32 , -8.51 , -0.86 , -0.85 , 0.02 , 2.35 , -3.18 , -0.83 , 0.94 , -1.48 , 0.60 
247,이병헌,23두, -0.86 , 36 , 27.0 , -4.38 , -0.82 , -5.20 , -0.52 , -0.79 , -0.07 , 1.07 , -1.92 , -0.86 , 0.67 , -0.42 , -0.86 
248,슐서,23K, -0.89 , 9 , 49.2 , -4.35 , 1.20 , -3.15 , -0.32 , -0.92 , 0.03 , 2.94 , -3.84 , -0.89 , 0.85 , -0.58 , -0.47 
249,양창섭,23삼, -0.92 , 15 , 28.2 , -10.77 , -0.33 , -11.10 , -1.12 , -0.81 , -0.10 , 1.54 , -2.46 , -0.92 , 0.73 , -1.45 , 0.20 
250,산체스,23K, -0.93 , 12 , 63.2 , -7.11 , -0.59 , -7.70 , -0.78 , -0.87 , -0.06 , 3.89 , -4.82 , -0.93 , 0.80 , -0.56 , -0.60 
251,하영민,23키, -0.94 , 57 , 52.1 , -3.69 , -0.72 , -4.41 , -0.45 , -0.92 , -0.02 , 4.81 , -5.75 , -0.94 , 1.20 , -0.97 , 0.19 
252,황동하,23K, -0.97 , 13 , 31.1 , -8.16 , 0.47 , -7.69 , -0.78 , -1.02 , 0.05 , 2.18 , -3.14 , -0.97 , 0.94 , -0.92 , -0.11 
253,배제성,23K, -0.97 , 26 , 130.1 , 5.33 , -2.29 , 3.04 , 0.31 , -0.79 , -0.18 , 9.54 , -10.51 , -0.97 , 1.00 , -0.92 , -0.05 
254,김선기,23키, -0.99 , 17 , 43.2 , -13.91 , 0.09 , -13.82 , -1.40 , -0.97 , -0.02 , 2.66 , -3.65 , -0.99 , 0.84 , -0.74 , -0.44 
255,이용준,23N, -0.99 , 24 , 67.0 , -3.74 , -1.68 , -5.42 , -0.55 , -0.86 , -0.14 , 4.23 , -5.22 , -0.99 , 0.89 , -0.25 , -0.87 
256,김기훈,23K, -0.99 , 29 , 31.1 , -6.73 , -1.62 , -8.35 , -0.84 , -0.67 , -0.33 , 1.29 , -2.28 , -0.99 , 0.59 , -0.30 , -1.39 
257,강재민,23한, -1.03 , 43 , 43.1 , -4.21 , 0.51 , -3.70 , -0.37 , -1.19 , 0.16 , 4.00 , -5.02 , -1.03 , 1.33 , -0.18 , -0.59 
258,송영진,23S, -1.06 , 17 , 47.1 , -6.80 , -3.63 , -10.43 , -1.05 , -0.77 , -0.28 , 3.19 , -4.24 , -1.06 , 0.97 , -0.47 , -0.62 
259,윤명준,23롯, -1.07 , 21 , 19.1 , -6.31 , -1.50 , -7.81 , -0.79 , -0.99 , -0.08 , 1.40 , -2.47 , -1.07 , 1.05 , -0.70 , -0.32 
260,홍정우,23삼, -1.07 , 36 , 36.0 , -0.30 , -2.28 , -2.57 , -0.26 , -0.92 , -0.15 , 2.59 , -3.66 , -1.07 , 1.09 , -0.54 , -0.45 
261,홍건희,23두, -1.08 , 64 , 61.2 , 5.23 , -3.72 , 1.51 , 0.15 , -0.26 , -0.82 , 7.01 , -8.10 , -1.08 , 1.61 , -0.53 , -0.14 
262,김민,23K, -1.13 , 16 , 29.0 , -7.90 , -0.58 , -8.48 , -0.86 , -1.16 , 0.03 , 1.13 , -2.26 , -1.13 , 0.66 , -0.67 , -1.06 
263,이영하,23두, -1.15 , 36 , 39.1 , -3.96 , -0.71 , -4.67 , -0.47 , -1.12 , -0.02 , 2.70 , -3.85 , -1.15 , 0.97 , -0.42 , -0.76 
264,하준영,23N, -1.15 , 57 , 49.0 , 0.16 , -0.07 , 0.09 , 0.01 , -1.12 , -0.03 , 2.15 , -3.31 , -1.15 , 0.70 , -0.11 , -1.53 
265,이명종,23키, -1.16 , 45 , 57.0 , 1.33 , -1.12 , 0.21 , 0.02 , -1.12 , -0.04 , 3.84 , -5.00 , -1.16 , 0.94 , -0.47 , -0.76 
266,김동혁,23키, -1.16 , 35 , 39.1 , -7.98 , -1.85 , -9.83 , -0.99 , -0.90 , -0.26 , 2.99 , -4.15 , -1.16 , 1.03 , -1.00 , -0.14 
267,오원석,23S, -1.20 , 28 , 144.2 , -4.26 , -3.34 , -7.60 , -0.77 , -0.70 , -0.49 , 12.19 , -13.39 , -1.20 , 1.15 , -0.85 , -0.19 
268,양현,23키, -1.25 , 54 , 57.0 , -10.45 , 0.90 , -9.56 , -0.97 , -1.34 , 0.09 , 3.59 , -4.84 , -1.25 , 0.88 , -1.11 , -0.32 
269,김도규,23롯, -1.28 , 36 , 29.2 , 2.05 , -2.05 , -0.00 , -0.00 , -1.00 , -0.29 , 1.59 , -2.87 , -1.28 , 0.92 , -0.02 , -1.37 
270,남지민,23한, -1.29 , 16 , 37.2 , -10.35 , -1.80 , -12.15 , -1.23 , -1.15 , -0.14 , 2.70 , -4.00 , -1.29 , 1.03 , -0.75 , -0.50 
271,송명기,23N, -1.33 , 35 , 104.1 , -4.36 , -1.41 , -5.77 , -0.58 , -1.19 , -0.13 , 6.55 , -7.88 , -1.33 , 0.85 , -1.07 , -0.50 
272,김대우,23삼, -1.38 , 44 , 64.0 , -6.55 , 0.88 , -5.66 , -0.57 , -1.46 , 0.07 , 4.08 , -5.46 , -1.38 , 0.94 , -0.57 , -0.91 
273,이인복,23롯, -1.39 , 10 , 33.1 , -16.22 , -0.13 , -16.36 , -1.65 , -1.46 , 0.06 , 2.37 , -3.76 , -1.39 , 0.98 , -1.21 , -0.22 
274,박종훈,23S, -1.45 , 18 , 80.0 , -12.81 , -3.03 , -15.84 , -1.60 , -1.15 , -0.30 , 5.84 , -7.29 , -1.45 , 0.97 , -1.34 , -0.15 
275,김시훈,23N, -1.51 , 61 , 52.2 , -5.08 , -0.13 , -5.21 , -0.53 , -1.50 , -0.01 , 4.90 , -6.40 , -1.51 , 1.25 , -0.96 , -0.25 
276,이승현,23삼, -1.60 , 48 , 43.1 , -2.90 , 0.56 , -2.34 , -0.24 , -1.61 , 0.01 , 4.85 , -6.45 , -1.60 , 1.55 , -0.73 , -0.30 
277,김민우,23한, -1.61 , 12 , 51.2 , -13.74 , -0.88 , -14.61 , -1.48 , -1.56 , -0.04 , 3.62 , -5.23 , -1.61 , 0.94 , -1.33 , -0.37 
278,최채흥,23삼, -1.62 , 15 , 63.1 , -12.01 , -0.28 , -12.29 , -1.24 , -1.58 , -0.04 , 4.07 , -5.69 , -1.62 , 0.88 , -1.67 , -0.17 
279,메디나,23K, -1.67 , 12 , 58.0 , -5.79 , -3.20 , -8.98 , -0.91 , -1.35 , -0.31 , 3.79 , -5.46 , -1.67 , 0.91 , -1.26 , -0.56 
280,한승혁,23한, -1.69 , 21 , 36.1 , -14.85 , 0.63 , -14.22 , -1.44 , -1.65 , -0.04 , 1.87 , -3.56 , -1.69 , 0.78 , -0.98 , -1.17 
281,맥키니,23키, -1.70 , 12 , 59.1 , -13.60 , 0.95 , -12.65 , -1.28 , -1.67 , -0.03 , 4.26 , -5.96 , -1.70 , 0.98 , -1.32 , -0.43 
282,한현희,23롯, -1.78 , 38 , 104.0 , -8.67 , 0.99 , -7.67 , -0.78 , -1.75 , -0.03 , 7.74 , -9.53 , -1.78 , 1.00 , -2.04 , 0.25 
283,정우영,23L, -1.82 , 60 , 51.2 , -7.87 , -3.46 , -11.34 , -1.15 , -1.47 , -0.35 , 4.48 , -6.29 , -1.82 , 1.17 , -0.59 , -0.97 
284,문승원,23S, -1.88 , 50 , 105.0 , -7.80 , -0.52 , -8.33 , -0.84 , -1.85 , -0.04 , 9.22 , -11.10 , -1.88 , 1.17 , -1.88 , 0.27 
285,김태훈,23키삼, -2.33 , 71 , 63.1 , -13.82 , 0.56 , -13.27 , -1.34 , -2.43 , 0.09 , 5.74 , -8.07 , -2.33 , 1.26 , -1.52 , -0.33 