순,이름,팀/포지션,정렬용,출장,이닝,평균구속_직구,평균구속_슬라,평균구속_커브,평균구속_첸졉,평균구속_스플,평균구속_싱커,평균구속_너클,평균구속_기타,직구구사율,슬라구사율,커브구사율,첸졉구사율,스플구사율,싱커구사율,너클구사율,기타구사율,Swing%IZ,Swing%OZ,Swing%All,Contact%IZ,Contact%OZ,Contact%All,Zone%
1,안우진,23키, 153.0 , 24 , 150.2 , 153.0 , 142.4 , 129.1 , 136.3 ,  ,  ,  ,  , 50.6 , 26.2 , 14.4 , 8.8 , 0.0 , 0.0 , 0.0 , 0.0 , 69.9 , 33.0 , 48.7 , 82.6 , 54.5 , 71.7 , 42.6 
2,김서현,23한, 152.6 , 20 , 22.1 , 152.6 , 134.5 , 128.4 , 141.9 , 143.5 , 150.4 ,  ,  , 51.6 , 34.0 , 3.4 , 4.2 , 2.3 , 4.4 , 0.0 , 0.0 , 52.7 , 28.2 , 35.9 , 87.3 , 56.5 , 70.8 , 31.5 
3,고우석,23L, 152.5 , 44 , 44.0 , 152.5 , 145.2 , 133.5 , 144.7 ,  ,  ,  ,  , 57.1 , 26.2 , 16.4 , 0.4 , 0.0 , 0.0 , 0.0 , 0.0 , 68.0 , 31.4 , 47.2 , 82.5 , 46.2 , 68.7 , 43.1 
4,문동주,23한, 151.6 , 23 , 118.2 , 151.6 , 139.7 , 125.6 , 140.2 ,  ,  ,  ,  , 54.4 , 16.7 , 25.0 , 3.9 , 0.0 , 0.0 , 0.0 , 0.0 , 63.0 , 29.1 , 44.2 , 87.8 , 62.8 , 78.7 , 44.6 
5,이민석,23롯, 150.8 , 1 , 1.1 , 150.8 , 137.9 , 121.0 ,  ,  ,  ,  ,  , 48.1 , 44.4 , 7.4 , 0.0 , 0.0 , 0.0 , 0.0 , 0.0 , 71.4 , 30.0 , 40.7 , 100.0 , 50.0 , 72.7 , 25.9 
6,알칸타라,23두, 150.7 , 31 , 192.0 , 150.7 , 135.8 , 123.9 , 132.3 , 135.2 ,  ,  , 121.0 , 49.8 , 17.6 , 2.4 , 0.1 , 30.1 , 0.0 , 0.0 , 0.0 , 67.4 , 33.8 , 49.5 , 86.3 , 68.6 , 79.9 , 46.8 
7,서상준,23S, 150.0 , 2 , 2.0 , 150.0 , 132.7 ,  ,  , 137.0 ,  ,  ,  , 81.8 , 12.7 , 0.0 , 0.0 , 5.5 , 0.0 , 0.0 , 0.0 , 60.0 , 28.9 , 34.5 , 83.3 , 84.6 , 84.2 , 18.2 
8,수아레즈,23삼, 149.9 , 19 , 108.0 , 149.9 , 135.6 , 124.1 , 134.7 ,  , 148.3 ,  ,  , 29.4 , 22.1 , 7.2 , 20.1 , 0.0 , 21.2 , 0.0 , 0.0 , 70.0 , 33.1 , 49.7 , 83.2 , 64.8 , 76.4 , 44.8 
9,유승철,23K, 149.8 , 1 , 1.0 , 149.8 , 140.0 , 128.0 ,  ,  ,  ,  ,  , 78.9 , 10.5 , 10.5 , 0.0 , 0.0 , 0.0 , 0.0 , 0.0 , 83.3 , 38.5 , 52.6 , 100.0 , 100.0 , 100.0 , 31.6 
10,스미스,23한, 149.3 , 1 , 2.2 , 149.3 , 130.6 , 123.6 , 130.3 ,  , 145.4 ,  ,  , 40.0 , 11.7 , 11.7 , 10.0 , 0.0 , 26.7 , 0.0 , 0.0 , 70.4 , 39.4 , 53.3 , 57.9 , 84.6 , 68.8 , 45.0 
11,페디,23N, 149.0 , 30 , 180.1 , 149.0 , 142.0 , 131.1 , 140.6 ,  , 149.9 ,  ,  , 0.0 , 20.9 , 31.3 , 12.7 , 0.0 , 35.1 , 0.0 , 0.0 , 58.7 , 33.8 , 44.8 , 85.8 , 63.0 , 76.3 , 44.4 
12,장재영,23키, 148.9 , 23 , 71.2 , 148.9 , 135.7 , 130.1 ,  ,  ,  ,  ,  , 59.1 , 27.4 , 13.6 , 0.0 , 0.0 , 0.0 , 0.0 , 0.0 , 57.9 , 21.4 , 36.4 , 87.7 , 62.6 , 79.0 , 41.0 
13,엘리아스,23S, 148.8 , 22 , 131.1 , 148.8 , 130.5 , 125.9 , 136.9 ,  ,  ,  ,  , 50.6 , 1.7 , 20.5 , 27.2 , 0.0 , 0.0 , 0.0 , 0.0 , 63.8 , 33.4 , 46.8 , 88.5 , 65.9 , 79.5 , 44.2 
14,산체스,23한, 148.6 , 24 , 126.0 , 148.6 , 136.8 , 126.9 , 138.9 ,  , 147.7 ,  ,  , 51.5 , 22.2 , 11.0 , 14.5 , 0.0 , 0.8 , 0.0 , 0.0 , 65.1 , 30.1 , 46.1 , 89.1 , 67.0 , 81.2 , 45.6 
15,성동현,23L, 148.2 , 1 , 1.0 , 148.2 , 134.7 ,  ,  ,  ,  ,  ,  , 50.0 , 50.0 , 0.0 , 0.0 , 0.0 , 0.0 , 0.0 , 0.0 , 75.0 , 25.0 , 45.0 , 83.3 , 33.3 , 66.7 , 40.0 
16,박상원,23한, 148.1 , 55 , 61.2 , 148.1 , 133.8 ,  ,  , 134.5 ,  ,  ,  , 55.1 , 13.0 , 0.0 , 0.0 , 31.9 , 0.0 , 0.0 , 0.0 , 67.4 , 30.6 , 46.5 , 82.6 , 64.1 , 75.6 , 43.2 
,이영하,23두, 148.1 , 36 , 39.1 , 148.1 , 136.0 , 123.8 ,  , 131.9 ,  ,  ,  , 49.6 , 37.1 , 2.7 , 0.0 , 10.6 , 0.0 , 0.0 , 0.0 , 65.0 , 28.4 , 43.7 , 91.0 , 62.3 , 80.2 , 41.8 
18,김범수,23한, 148.0 , 76 , 62.1 , 148.0 , 136.6 , 121.5 , 136.1 ,  ,  ,  ,  , 42.9 , 40.9 , 9.4 , 6.8 , 0.0 , 0.0 , 0.0 , 0.0 , 64.6 , 27.8 , 43.2 , 87.9 , 62.1 , 78.3 , 41.9 
,이로운,23S, 148.0 , 50 , 57.2 , 148.0 , 133.4 , 127.9 , 125.2 , 120.0 ,  ,  ,  , 55.4 , 28.7 , 0.7 , 15.0 , 0.2 , 0.0 , 0.0 , 0.0 , 69.0 , 28.9 , 44.4 , 87.1 , 61.9 , 77.0 , 38.5 
20,하영민,23키, 147.9 , 57 , 52.1 , 147.9 , 137.9 , 122.4 , 134.5 , 134.0 , 146.4 ,  ,  , 33.7 , 41.2 , 18.0 , 6.5 , 0.1 , 0.5 , 0.0 , 0.0 , 69.2 , 31.9 , 47.6 , 87.1 , 52.9 , 73.9 , 42.1 
21,곽빈,23두, 147.8 , 23 , 127.1 , 147.8 , 136.8 , 118.2 , 129.7 , 130.0 ,  ,  ,  , 43.3 , 22.7 , 18.2 , 15.8 , 0.0 , 0.0 , 0.0 , 0.0 , 63.5 , 29.4 , 43.9 , 86.0 , 60.8 , 76.3 , 42.4 
,류진욱,23N, 147.8 , 70 , 67.0 , 147.8 , 139.7 , 148.0 ,  , 138.0 ,  ,  ,  , 55.7 , 18.6 , 0.1 , 0.0 , 25.6 , 0.0 , 0.0 , 0.0 , 64.5 , 25.6 , 42.2 , 85.2 , 71.1 , 80.3 , 42.7 
23,김진호,23N, 147.7 , 19 , 16.1 , 147.7 , 128.0 ,  , 128.2 ,  , 151.3 ,  ,  , 60.2 , 3.8 , 0.0 , 35.0 , 0.0 , 1.0 , 0.0 , 0.0 , 62.5 , 28.0 , 42.0 , 78.8 , 67.3 , 74.2 , 40.8 
,한승혁,23한, 147.7 , 21 , 36.1 , 147.7 , 135.6 , 120.1 ,  , 136.7 , 145.8 ,  ,  , 25.8 , 21.2 , 14.5 , 0.0 , 15.4 , 23.0 , 0.0 , 0.1 , 69.0 , 27.3 , 44.4 , 86.1 , 62.7 , 77.6 , 41.1 
25,정철원,23두, 147.6 , 67 , 72.2 , 147.6 , 132.4 , 134.2 ,  , 130.7 ,  ,  ,  , 62.0 , 22.1 , 0.4 , 0.0 , 15.5 , 0.0 , 0.0 , 0.0 , 69.4 , 28.8 , 45.1 , 88.3 , 65.7 , 79.7 , 40.2 
26,김대현,23L, 147.4 , 5 , 3.1 , 147.4 , 132.8 , 124.0 ,  , 133.9 , 145.0 ,  ,  , 49.4 , 13.8 , 2.3 , 0.0 , 33.3 , 1.1 , 0.0 , 0.0 , 74.4 , 37.0 , 55.1 , 90.6 , 76.5 , 85.7 , 48.3 
27,브랜든,23두, 147.3 , 18 , 104.2 , 147.3 , 135.3 , 122.2 , 131.8 ,  ,  ,  ,  , 39.7 , 48.0 , 4.3 , 8.0 , 0.0 , 0.0 , 0.0 , 0.0 , 65.6 , 34.7 , 47.2 , 87.3 , 60.1 , 75.4 , 40.4 
,유영찬,23L, 147.3 , 67 , 68.0 , 147.3 , 135.7 , 121.2 ,  , 135.6 ,  ,  ,  , 56.5 , 26.2 , 0.5 , 0.0 , 16.8 , 0.0 , 0.0 , 0.0 , 69.4 , 29.8 , 45.4 , 86.5 , 62.4 , 76.9 , 39.4 
29,문용익,23삼, 147.1 , 14 , 13.0 , 147.1 , 137.4 , 123.8 ,  ,  ,  ,  ,  , 60.8 , 33.3 , 5.9 , 0.0 , 0.0 , 0.0 , 0.0 , 0.0 , 65.6 , 24.7 , 36.5 , 95.2 , 53.8 , 75.3 , 28.8 
30,김원중,23롯, 147.0 , 63 , 63.2 , 147.0 , 132.0 , 118.2 ,  , 133.1 ,  ,  ,  , 44.3 , 0.3 , 13.3 , 0.0 , 42.2 , 0.0 , 0.0 , 0.0 , 68.2 , 32.6 , 46.6 , 82.1 , 50.2 , 68.5 , 39.2 
,앤더슨,23K, 147.0 , 14 , 79.0 , 147.0 , 136.8 , 129.6 , 136.0 ,  , 144.8 ,  ,  , 34.0 , 46.7 , 7.8 , 2.1 , 0.0 , 9.4 , 0.0 , 0.0 , 67.1 , 29.6 , 46.5 , 89.4 , 58.4 , 78.5 , 45.0 
32,뷰캐넌,23삼, 146.8 , 30 , 188.0 , 146.8 , 142.0 , 123.7 , 132.6 ,  , 146.5 ,  ,  , 14.3 , 37.8 , 15.9 , 21.2 , 0.0 , 10.7 , 0.0 , 0.0 , 68.1 , 32.5 , 49.5 , 86.7 , 70.4 , 81.1 , 47.7 
,백승현,23L, 146.8 , 42 , 40.0 , 146.8 , 139.0 ,  ,  , 134.0 ,  ,  ,  , 59.1 , 31.5 , 0.0 , 0.0 , 9.4 , 0.0 , 0.0 , 0.0 , 62.8 , 28.9 , 43.2 , 84.3 , 72.2 , 79.6 , 42.3 
,장현식,23K, 146.8 , 56 , 51.0 , 146.8 , 133.6 ,  ,  , 138.2 ,  ,  ,  , 67.4 , 23.3 , 0.0 , 0.0 , 9.4 , 0.0 , 0.0 , 0.0 , 75.6 , 28.6 , 48.4 , 83.5 , 66.2 , 77.6 , 42.1 
,김유성,23두, 146.8 , 7 , 6.1 , 146.8 , 130.8 , 117.7 , 130.8 , 137.0 ,  ,  ,  , 65.1 , 22.1 , 8.7 , 2.9 , 1.2 , 0.0 , 0.0 , 0.0 , 66.1 , 21.6 , 36.0 , 75.7 , 60.0 , 69.4 , 32.6 
36,신헌민,23S, 146.7 , 11 , 12.0 , 146.7 , 134.7 , 125.3 ,  ,  ,  ,  ,  , 66.8 , 9.8 , 23.4 , 0.0 , 0.0 , 0.0 , 0.0 , 0.0 , 68.6 , 21.2 , 42.2 , 94.4 , 89.3 , 93.0 , 44.3 
37,정성곤,23S, 146.6 , 6 , 4.1 , 146.6 , 132.7 , 120.3 , 136.0 ,  ,  ,  ,  , 65.6 , 31.1 , 2.5 , 0.8 , 0.0 , 0.0 , 0.0 , 0.0 , 67.5 , 26.8 , 40.2 , 85.2 , 54.5 , 71.4 , 32.8 
38,윤산흠,23한, 146.5 , 5 , 3.0 , 146.5 ,  , 131.1 ,  ,  ,  ,  ,  , 66.3 , 0.0 , 33.7 , 0.0 , 0.0 , 0.0 , 0.0 , 0.0 , 50.0 , 22.0 , 30.1 , 66.7 , 76.9 , 72.0 , 28.9 
,메디나,23K, 146.5 , 12 , 58.0 , 146.5 , 134.2 , 128.0 , 136.6 ,  , 146.5 ,  ,  , 3.6 , 34.5 , 5.4 , 7.8 , 0.0 , 48.8 , 0.0 , 0.0 , 58.3 , 30.2 , 42.6 , 87.5 , 70.0 , 80.6 , 44.0 
40,이용찬,23N, 146.4 , 60 , 61.0 , 146.4 , 134.2 , 122.9 ,  , 130.2 ,  ,  ,  , 48.1 , 1.9 , 4.7 , 0.0 , 45.3 , 0.0 , 0.0 , 0.0 , 69.0 , 31.8 , 50.2 , 84.4 , 57.8 , 75.9 , 49.4 
41,켈리,23L, 146.3 , 30 , 178.2 , 146.3 , 139.4 , 129.4 , 134.7 ,  , 144.8 ,  ,  , 24.2 , 14.9 , 28.5 , 10.6 , 0.0 , 21.8 , 0.0 , 0.0 , 65.0 , 35.2 , 48.7 , 90.6 , 68.4 , 81.9 , 45.5 
,딜런,23두, 146.3 , 2 , 9.0 , 146.3 , 132.9 , 126.5 , 134.2 ,  ,  ,  ,  , 57.0 , 12.2 , 12.8 , 18.0 , 0.0 , 0.0 , 0.0 , 0.0 , 69.3 , 33.0 , 48.6 , 90.4 , 72.7 , 83.5 , 42.9 
43,후라도,23키, 146.2 , 30 , 183.2 , 146.2 , 137.1 , 129.8 , 133.0 ,  , 144.9 ,  ,  , 27.1 , 16.5 , 14.0 , 16.2 , 0.0 , 26.2 , 0.0 , 0.0 , 65.0 , 31.7 , 47.6 , 86.7 , 68.1 , 80.2 , 47.6 
44,페냐,23한, 146.0 , 32 , 177.1 , 146.0 , 132.2 , 129.5 , 133.6 ,  , 145.0 ,  ,  , 33.6 , 1.5 , 18.6 , 31.7 , 0.0 , 14.5 , 0.0 , 0.0 , 65.3 , 31.8 , 45.8 , 85.3 , 58.1 , 74.3 , 41.8 
,이의리,23K, 146.0 , 28 , 131.2 , 146.0 , 132.2 , 123.9 , 132.8 ,  ,  ,  ,  , 59.3 , 21.6 , 7.5 , 11.6 , 0.0 , 0.0 , 0.0 , 0.0 , 57.6 , 27.9 , 39.7 , 82.1 , 59.0 , 72.3 , 39.9 
,장시환,23한, 146.0 , 39 , 34.2 , 146.0 , 137.9 , 121.4 ,  , 136.1 ,  ,  ,  , 47.8 , 18.4 , 30.4 , 0.0 , 3.3 , 0.0 , 0.0 , 0.0 , 63.3 , 23.7 , 41.1 , 88.0 , 62.0 , 79.7 , 44.1 
,이상규,23L, 146.0 , 8 , 7.2 , 146.0 , 132.0 , 116.7 , 133.0 , 129.9 , 142.7 ,  ,  , 0.7 , 27.8 , 14.6 , 0.7 , 4.6 , 51.7 , 0.0 , 0.0 , 66.1 , 27.8 , 43.4 , 95.1 , 76.0 , 87.9 , 40.8 
,정성종,23롯, 146.0 , 12 , 22.0 , 146.0 , 129.0 , 119.0 , 133.0 , 131.3 , 145.5 ,  ,  , 62.8 , 18.5 , 0.3 , 0.9 , 15.2 , 2.3 , 0.0 , 0.0 , 72.8 , 24.2 , 43.4 , 86.9 , 78.0 , 83.9 , 39.7 
,김주온,23S, 146.0 , 1 , 0.1 , 146.0 , 136.1 ,  ,  ,  ,  ,  ,  , 14.3 , 85.7 , 0.0 , 0.0 , 0.0 , 0.0 , 0.0 , 0.0 , 80.0 , 22.2 , 42.9 , 100.0 , 50.0 , 83.3 , 35.7 
50,홍건희,23두, 145.9 , 64 , 61.2 , 145.9 , 134.7 , 118.9 ,  , 135.8 ,  ,  ,  , 55.5 , 40.1 , 2.8 , 0.0 , 1.5 , 0.0 , 0.0 , 0.0 , 71.7 , 32.2 , 48.5 , 87.0 , 58.3 , 75.8 , 41.4 
51,쿠에바스,23K, 145.8 , 18 , 114.1 , 145.8 , 136.7 , 128.3 , 132.9 ,  , 144.1 ,  ,  , 34.1 , 36.9 , 12.0 , 15.3 , 0.0 , 1.7 , 0.0 , 0.0 , 64.5 , 32.0 , 47.3 , 84.8 , 57.8 , 75.1 , 47.1 
,박세웅,23롯, 145.8 , 27 , 154.0 , 145.8 , 135.3 , 122.4 ,  , 130.1 ,  ,  ,  , 40.1 , 23.9 , 22.3 , 0.0 , 13.7 , 0.0 , 0.0 , 0.0 , 63.7 , 30.8 , 44.4 , 87.9 , 63.7 , 78.0 , 41.3 
,최지민,23K, 145.8 , 58 , 59.1 , 145.8 , 132.2 , 145.0 , 133.3 ,  ,  ,  ,  , 63.5 , 26.5 , 0.1 , 9.9 , 0.0 , 0.0 , 0.0 , 0.0 , 61.8 , 30.3 , 42.9 , 88.5 , 63.1 , 77.8 , 40.1 
,최원태,23키L, 145.8 , 26 , 146.2 , 145.8 , 137.4 , 123.5 , 129.9 ,  , 144.6 ,  ,  , 9.9 , 30.6 , 14.4 , 18.7 , 0.0 , 26.4 , 0.0 , 0.0 , 69.0 , 33.0 , 49.4 , 88.1 , 67.5 , 80.6 , 45.5 
55,구승민,23롯, 145.7 , 67 , 63.2 , 145.7 , 134.9 , 123.0 ,  , 132.7 ,  ,  ,  , 44.0 , 9.6 , 0.2 , 0.0 , 46.2 , 0.0 , 0.0 , 0.0 , 68.6 , 28.3 , 44.2 , 83.3 , 68.0 , 77.4 , 39.5 
,한재승,23N, 145.7 , 11 , 9.2 , 145.7 , 131.3 , 123.0 ,  , 132.4 ,  ,  ,  , 64.5 , 30.1 , 0.5 , 0.0 , 4.9 , 0.0 , 0.0 , 0.0 , 69.9 , 23.6 , 42.1 , 82.4 , 65.4 , 76.6 , 39.9 
,최이준,23롯, 145.7 , 28 , 29.0 , 145.7 , 132.1 , 120.3 , 131.6 ,  ,  ,  ,  , 58.3 , 21.5 , 14.1 , 6.1 , 0.0 , 0.0 , 0.0 , 0.0 , 67.1 , 21.5 , 40.3 , 88.1 , 72.5 , 83.2 , 41.2 
,김민,23K, 145.7 , 16 , 29.0 , 145.7 , 131.0 , 129.0 , 135.4 , 134.5 , 142.2 ,  ,  , 39.5 , 44.0 , 0.8 , 2.3 , 0.4 , 13.0 , 0.0 , 0.0 , 62.0 , 29.3 , 42.7 , 93.9 , 65.6 , 82.4 , 41.0 
59,박영현,23K, 145.6 , 68 , 75.1 , 145.6 , 127.6 ,  , 126.4 ,  ,  ,  ,  , 60.2 , 11.2 , 0.0 , 28.7 , 0.0 , 0.0 , 0.0 , 0.0 , 65.0 , 30.5 , 46.7 , 80.2 , 71.6 , 77.2 , 47.0 
,맥카티,23S, 145.6 , 24 , 130.0 , 145.6 , 136.0 , 119.5 , 133.7 , 134.7 ,  ,  ,  , 40.1 , 39.7 , 13.2 , 6.7 , 0.3 , 0.0 , 0.0 , 0.0 , 64.1 , 29.4 , 45.1 , 85.5 , 66.8 , 78.8 , 45.4 
,박명근,23L, 145.6 , 57 , 51.1 , 145.6 , 128.0 , 119.1 , 129.9 ,  ,  ,  ,  , 57.2 , 3.7 , 17.5 , 21.6 , 0.0 , 0.0 , 0.0 , 0.0 , 70.9 , 29.8 , 46.5 , 84.0 , 71.4 , 79.2 , 40.8 
,강효종,23L, 145.6 , 7 , 21.2 , 145.6 , 135.1 , 128.5 , 137.0 ,  ,  ,  ,  , 44.5 , 38.7 , 13.9 , 2.9 , 0.0 , 0.0 , 0.0 , 0.0 , 63.0 , 26.8 , 41.5 , 94.7 , 70.4 , 85.4 , 40.6 
63,노경은,23S, 145.5 , 76 , 83.0 , 145.5 , 136.5 , 113.4 , 132.0 , 132.2 , 143.8 , 107.1 ,  , 28.6 , 25.2 , 4.4 , 0.1 , 28.0 , 13.3 , 0.5 , 0.0 , 70.2 , 33.2 , 48.6 , 85.1 , 65.2 , 77.2 , 41.8 
,최준용,23롯, 145.5 , 47 , 47.2 , 145.5 , 129.3 , 121.0 , 133.4 ,  ,  ,  ,  , 54.2 , 4.3 , 13.9 , 27.6 , 0.0 , 0.0 , 0.0 , 0.0 , 69.4 , 27.4 , 46.6 , 82.8 , 66.4 , 77.6 , 45.8 
,남지민,23한, 145.5 , 16 , 37.2 , 145.5 , 130.3 , 117.9 , 135.0 , 134.5 ,  ,  ,  , 51.8 , 35.5 , 11.4 , 0.1 , 1.2 , 0.0 , 0.0 , 0.0 , 69.3 , 27.6 , 47.6 , 89.8 , 79.4 , 86.7 , 48.1 
66,김규연,23한, 145.4 , 23 , 19.2 , 145.4 , 134.0 , 129.0 , 133.6 , 130.3 ,  ,  ,  , 49.0 , 16.0 , 0.3 , 2.0 , 32.7 , 0.0 , 0.0 , 0.0 , 68.6 , 30.9 , 44.2 , 84.3 , 60.9 , 73.7 , 35.2 
,김강률,23두, 145.4 , 32 , 25.2 , 145.4 , 134.0 , 120.8 ,  , 134.8 ,  ,  ,  , 52.1 , 24.5 , 16.6 , 0.0 , 6.7 , 0.0 , 0.0 , 0.0 , 67.7 , 23.1 , 44.0 , 89.7 , 71.7 , 84.7 , 46.8 
,와이드너,23N삼, 145.4 , 21 , 115.0 , 145.4 , 129.4 , 144.0 , 133.7 ,  , 143.7 ,  ,  , 40.3 , 23.8 , 0.1 , 19.6 , 0.0 , 16.2 , 0.0 , 0.0 , 64.3 , 29.1 , 45.9 , 84.8 , 69.1 , 79.6 , 47.7 
,장필준,23삼, 145.4 , 17 , 19.1 , 145.4 , 135.2 , 121.3 , 128.0 , 131.8 , 144.9 ,  ,  , 51.4 , 14.7 , 13.7 , 11.6 , 4.9 , 3.6 , 0.0 , 0.0 , 71.2 , 27.2 , 44.6 , 93.6 , 75.0 , 86.7 , 39.4 
70,우강훈,23롯, 145.3 , 3 , 6.0 , 145.3 , 132.0 , 120.4 , 126.2 ,  ,  ,  ,  , 69.8 , 2.6 , 17.2 , 10.3 , 0.0 , 0.0 , 0.0 , 0.0 , 75.6 , 30.3 , 46.2 , 90.3 , 73.9 , 83.3 , 35.0 
,송영진,23S, 145.3 , 17 , 47.1 , 145.3 , 131.8 , 117.3 ,  , 133.3 , 144.5 ,  ,  , 53.0 , 27.8 , 13.9 , 0.0 , 3.9 , 1.4 , 0.0 , 0.0 , 62.7 , 22.4 , 39.7 , 88.9 , 61.3 , 80.1 , 43.1 
72,문승원,23S, 145.2 , 50 , 105.0 , 145.2 , 135.8 , 121.4 , 129.7 , 132.6 , 141.7 ,  ,  , 41.2 , 36.3 , 6.5 , 10.7 , 3.4 , 1.9 , 0.0 , 0.0 , 67.4 , 30.5 , 45.8 , 87.6 , 69.7 , 80.6 , 41.4 
,김승현,23K, 145.2 , 10 , 12.2 , 145.2 , 136.9 , 144.0 ,  ,  ,  ,  ,  , 64.9 , 34.6 , 0.4 , 0.0 , 0.0 , 0.0 , 0.0 , 0.0 , 73.6 , 20.3 , 41.0 , 88.1 , 75.9 , 84.4 , 38.9 
,임지민,23N, 145.2 , 2 , 1.1 , 145.2 , 130.8 ,  ,  , 127.9 ,  ,  ,  , 59.6 , 8.5 , 0.0 , 0.0 , 31.9 , 0.0 , 0.0 , 0.0 , 50.0 , 10.0 , 25.0 , 88.9 , 33.3 , 75.0 , 37.5 
75,주현상,23한, 145.1 , 55 , 59.2 , 145.1 , 135.5 , 122.4 , 131.5 ,  ,  ,  ,  , 54.0 , 25.9 , 8.0 , 12.2 , 0.0 , 0.0 , 0.0 , 0.0 , 70.5 , 28.5 , 48.5 , 84.4 , 69.4 , 79.8 , 47.6 
,김태현,23N, 145.1 , 16 , 20.1 , 145.1 , 134.7 ,  ,  , 134.9 ,  ,  ,  , 53.6 , 23.5 , 0.0 , 0.0 , 22.9 , 0.0 , 0.0 , 0.0 , 71.3 , 28.4 , 45.7 , 87.6 , 61.4 , 77.9 , 40.4 
,윤호솔,23L, 145.1 , 4 , 3.2 , 145.1 , 135.3 , 121.0 ,  , 127.7 ,  ,  ,  , 76.9 , 7.7 , 2.2 , 0.0 , 13.2 , 0.0 , 0.0 , 0.0 , 59.4 , 25.4 , 37.4 , 73.7 , 86.7 , 79.4 , 35.2 
,채지선,23LN, 145.1 , 3 , 3.1 , 145.1 , 132.7 , 119.0 , 131.8 ,  ,  ,  ,  , 63.3 , 28.3 , 1.7 , 6.7 , 0.0 , 0.0 , 0.0 , 0.0 , 68.8 , 25.0 , 36.7 , 90.9 , 72.7 , 81.8 , 26.7 
79,김영규,23N, 145.0 , 63 , 61.2 , 145.0 , 135.2 , 145.0 ,  , 134.4 ,  ,  ,  , 47.3 , 36.8 , 0.1 , 0.0 , 15.8 , 0.0 , 0.0 , 0.0 , 66.8 , 28.7 , 45.6 , 87.9 , 65.1 , 79.9 , 44.4 
,이건욱,23S, 145.0 , 27 , 38.2 , 145.0 , 135.5 , 131.8 , 134.5 ,  ,  ,  ,  , 58.2 , 27.0 , 0.7 , 14.1 , 0.0 , 0.0 , 0.0 , 0.0 , 71.5 , 26.7 , 43.4 , 83.8 , 61.7 , 75.2 , 37.3 
,원종현,23키, 145.0 , 20 , 18.2 , 145.0 , 132.7 , 149.0 ,  , 133.9 , 142.4 ,  ,  , 52.3 , 29.9 , 0.3 , 0.0 , 9.3 , 8.1 , 0.0 , 0.0 , 68.8 , 28.5 , 48.1 , 87.0 , 48.9 , 75.5 , 48.8 
82,김성진,23키, 144.9 , 55 , 47.0 , 144.9 , 129.5 , 125.0 , 130.8 ,  , 143.2 ,  ,  , 5.4 , 47.3 , 0.6 , 6.8 , 0.0 , 40.0 , 0.0 , 0.0 , 69.8 , 31.0 , 46.7 , 85.8 , 61.8 , 76.4 , 40.5 
,김동규,23L키, 144.9 , 4 , 4.1 , 144.9 , 130.6 , 117.9 ,  , 129.8 ,  ,  ,  , 76.2 , 7.7 , 5.6 , 0.0 , 10.5 , 0.0 , 0.0 , 0.0 , 65.9 , 17.2 , 32.2 , 93.1 , 64.7 , 82.6 , 30.8 
84,이병헌,23두, 144.8 , 36 , 27.0 , 144.8 , 132.8 ,  , 135.0 , 133.6 ,  ,  ,  , 68.2 , 28.9 , 0.0 , 1.4 , 1.6 , 0.0 , 0.0 , 0.0 , 68.1 , 24.3 , 41.9 , 80.1 , 61.3 , 73.6 , 40.1 
,한두솔,23S, 144.8 , 1 , 1.0 , 144.8 , 130.8 , 111.0 ,  ,  ,  ,  ,  , 15.4 , 80.8 , 3.8 , 0.0 , 0.0 , 0.0 , 0.0 , 0.0 , 62.5 , 27.8 , 38.5 , 60.0 , 20.0 , 40.0 , 30.8 
86,최지강,23두, 144.7 , 25 , 22.0 , 144.7 , 134.2 ,  , 132.1 ,  ,  ,  ,  , 46.0 , 42.7 , 0.0 , 11.4 , 0.0 , 0.0 , 0.0 , 0.0 , 59.1 , 25.2 , 36.8 , 88.9 , 71.2 , 81.0 , 34.3 
87,윌커슨,23롯, 144.6 , 13 , 79.2 , 144.6 , 136.4 , 122.1 , 134.3 ,  ,  ,  ,  , 35.5 , 38.2 , 15.2 , 11.1 , 0.0 , 0.0 , 0.0 , 0.0 , 67.8 , 34.4 , 49.4 , 83.8 , 59.2 , 74.4 , 45.0 
,송승기,23L, 144.6 , 1 , 1.0 , 144.6 , 132.0 ,  , 131.3 ,  ,  ,  ,  , 72.2 , 11.1 , 0.0 , 16.7 , 0.0 , 0.0 , 0.0 , 0.0 , 75.0 , 30.0 , 50.0 , 100.0 , 100.0 , 100.0 , 44.4 
89,원태인,23삼, 144.5 , 26 , 150.0 , 144.5 , 134.1 , 113.2 , 124.6 ,  , 135.5 ,  ,  , 41.3 , 28.2 , 4.4 , 26.1 , 0.0 , 0.1 , 0.0 , 0.0 , 69.8 , 31.3 , 48.1 , 88.1 , 68.6 , 80.9 , 43.5 
,김영현,23K, 144.5 , 31 , 33.0 , 144.5 , 131.3 ,  , 133.1 ,  ,  ,  ,  , 49.6 , 49.2 , 0.0 , 1.2 , 0.0 , 0.0 , 0.0 , 0.0 , 68.6 , 31.8 , 47.6 , 81.3 , 53.9 , 70.9 , 43.0 
,산체스,23K, 144.5 , 12 , 63.2 , 144.5 , 130.8 , 123.3 , 131.2 , 136.0 , 144.4 ,  ,  , 46.3 , 17.3 , 24.7 , 8.0 , 0.1 , 3.5 , 0.0 , 0.0 , 65.4 , 34.7 , 49.2 , 84.3 , 62.8 , 76.3 , 47.2 
92,벤자민,23K, 144.4 , 29 , 160.0 , 144.4 , 133.0 , 123.5 , 133.0 ,  , 137.8 ,  ,  , 39.6 , 47.3 , 7.7 , 4.0 , 0.0 , 1.4 , 0.0 , 0.0 , 62.9 , 30.6 , 46.5 , 87.5 , 63.3 , 79.5 , 49.3 
93,김정우,23두, 144.3 , 7 , 6.2 , 144.3 , 127.0 ,  , 125.8 ,  , 143.8 ,  ,  , 17.9 , 15.2 , 0.0 , 27.6 , 0.0 , 39.3 , 0.0 , 0.0 , 67.1 , 28.2 , 46.6 , 85.1 , 72.7 , 81.2 , 47.3 
94,김광현,23S, 144.2 , 30 , 168.1 , 144.2 , 132.2 , 112.4 , 128.8 , 128.3 ,  , 131.0 ,  , 29.7 , 34.9 , 12.0 , 1.0 , 22.3 , 0.0 , 0.0 , 0.0 , 62.2 , 26.9 , 42.9 , 85.8 , 66.0 , 79.0 , 45.3 
,이상동,23K, 144.2 , 36 , 40.2 , 144.2 , 132.2 , 126.5 ,  , 129.7 ,  ,  ,  , 54.6 , 2.1 , 0.3 , 0.0 , 43.0 , 0.0 , 0.0 , 0.0 , 72.8 , 38.0 , 53.4 , 83.4 , 60.6 , 74.4 , 44.3 
,최충연,23삼, 144.2 , 7 , 9.1 , 144.2 , 132.1 , 118.6 ,  , 134.2 , 139.0 ,  ,  , 52.0 , 29.5 , 2.9 , 0.0 , 15.0 , 0.6 , 0.0 , 0.0 , 74.6 , 26.2 , 46.0 , 83.0 , 51.9 , 72.5 , 40.8 
,박진,23롯, 144.2 , 4 , 5.0 , 144.2 , 128.8 , 115.5 ,  , 130.2 ,  ,  ,  , 46.0 , 39.8 , 9.7 , 0.0 , 4.4 , 0.0 , 0.0 , 0.0 , 58.1 , 20.0 , 34.5 , 92.0 , 71.4 , 84.6 , 38.1 
98,오승환,23삼, 144.1 , 58 , 62.2 , 144.1 , 133.9 , 118.2 , 134.8 , 136.3 , 140.3 ,  ,  , 46.3 , 27.3 , 10.1 , 6.8 , 8.8 , 0.7 , 0.0 , 0.0 , 71.4 , 34.9 , 51.0 , 86.1 , 63.5 , 77.5 , 44.2 
,강건,23K, 144.1 , 4 , 6.2 , 144.1 , 137.4 , 125.2 ,  , 133.7 ,  ,  ,  , 45.4 , 15.7 , 33.3 , 0.0 , 5.6 , 0.0 , 0.0 , 0.0 , 55.8 , 25.0 , 39.8 , 89.7 , 50.0 , 76.7 , 48.1 
,류원석,23한, 144.1 , 1 , 2.0 , 144.1 , 123.8 ,  ,  ,  ,  ,  ,  , 73.5 , 26.5 , 0.0 , 0.0 , 0.0 , 0.0 , 0.0 , 0.0 , 47.1 , 29.4 , 38.2 , 87.5 , 80.0 , 84.6 , 50.0 
,조성훈,23S, 144.1 , 2 , 7.0 , 144.1 , 130.8 , 115.6 ,  , 133.0 ,  ,  ,  , 58.4 , 23.4 , 13.1 , 0.0 , 5.1 , 0.0 , 0.0 , 0.0 , 62.1 , 21.5 , 38.7 , 86.1 , 88.2 , 86.8 , 42.3 
102,플럿코,23L, 144.0 , 21 , 123.1 , 144.0 , 132.0 , 119.9 , 133.1 ,  ,  ,  ,  , 38.6 , 42.0 , 10.9 , 8.5 , 0.0 , 0.0 , 0.0 , 0.0 , 65.5 , 34.8 , 48.1 , 88.5 , 68.2 , 80.2 , 43.2 
,슐서,23K, 144.0 , 9 , 49.2 , 144.0 , 137.2 , 124.2 , 129.7 , 129.4 ,  ,  ,  , 52.0 , 10.2 , 5.5 , 14.3 , 18.0 , 0.0 , 0.0 , 0.0 , 73.1 , 30.7 , 50.4 , 86.6 , 68.7 , 80.8 , 46.5 
,곽도규,23K, 144.0 , 14 , 11.2 , 144.0 , 127.7 , 126.7 ,  ,  , 144.7 ,  ,  , 12.7 , 9.6 , 13.1 , 0.0 , 0.0 , 64.6 , 0.0 , 0.0 , 51.6 , 19.0 , 32.2 , 87.5 , 50.0 , 74.3 , 40.4 
,김태훈,23키삼, 144.0 , 71 , 63.1 , 144.0 , 132.9 , 117.2 ,  , 133.4 , 143.8 ,  ,  , 13.3 , 8.3 , 1.6 , 0.0 , 28.9 , 48.0 , 0.0 , 0.0 , 67.6 , 25.0 , 44.6 , 88.6 , 67.5 , 82.2 , 46.0 
106,반즈,23롯, 143.9 , 30 , 170.1 , 143.9 , 128.9 , 116.9 , 127.4 ,  , 142.7 ,  ,  , 35.1 , 33.3 , 0.3 , 22.3 , 0.0 , 9.0 , 0.0 , 0.0 , 62.4 , 32.3 , 44.9 , 86.1 , 59.7 , 75.0 , 41.8 
,엄상백,23K, 143.9 , 20 , 111.2 , 143.9 , 135.5 , 126.5 , 129.2 ,  ,  ,  ,  , 34.0 , 12.7 , 0.1 , 53.2 , 0.0 , 0.0 , 0.0 , 0.0 , 67.5 , 30.8 , 47.8 , 84.3 , 73.3 , 80.5 , 46.4 
,조민석,23N, 143.9 , 35 , 31.0 , 143.9 , 132.3 ,  , 128.3 , 134.3 , 143.2 ,  ,  , 44.9 , 0.7 , 0.0 , 5.7 , 47.5 , 1.1 , 0.0 , 0.0 , 70.7 , 24.8 , 43.6 , 86.6 , 62.5 , 78.5 , 40.8 
,이용준,23N, 143.9 , 24 , 67.0 , 143.9 , 125.6 , 117.6 , 123.2 ,  ,  ,  ,  , 51.1 , 31.8 , 5.8 , 11.4 , 0.0 , 0.0 , 0.0 , 0.0 , 61.9 , 28.0 , 41.9 , 87.9 , 72.2 , 81.7 , 40.8 
,전사민,23N, 143.9 , 9 , 17.0 , 143.9 , 131.5 ,  , 129.0 ,  , 143.0 ,  ,  , 9.5 , 35.3 , 0.0 , 0.4 , 0.0 , 54.8 , 0.0 , 0.0 , 60.5 , 17.6 , 36.4 , 94.7 , 78.6 , 90.3 , 43.8 
,김기훈,23K, 143.9 , 29 , 31.1 , 143.9 , 129.1 , 113.0 , 125.3 ,  ,  ,  ,  , 74.3 , 19.0 , 0.4 , 6.3 , 0.0 , 0.0 , 0.0 , 0.0 , 69.4 , 19.4 , 38.6 , 76.5 , 71.3 , 74.9 , 38.5 
112,조영건,23키, 143.8 , 6 , 7.2 , 143.8 , 132.2 , 117.8 ,  , 131.0 ,  ,  ,  , 48.5 , 33.7 , 4.0 , 0.0 , 13.9 , 0.0 , 0.0 , 0.0 , 73.1 , 32.7 , 53.5 , 86.8 , 56.3 , 77.8 , 51.5 
,이충호,23한, 143.8 , 11 , 8.2 , 143.8 , 126.0 ,  ,  ,  , 142.6 ,  ,  , 28.8 , 44.6 , 0.0 , 0.0 , 0.0 , 26.6 , 0.0 , 0.0 , 62.3 , 31.5 , 42.8 , 93.9 , 58.6 , 77.4 , 36.6 
,노건우,23삼, 143.8 , 16 , 12.1 , 143.8 , 130.3 ,  , 131.2 ,  ,  ,  ,  , 63.7 , 34.4 , 0.0 , 1.9 , 0.0 , 0.0 , 0.0 , 0.0 , 60.5 , 30.9 , 44.9 , 84.0 , 76.7 , 81.4 , 47.1 
115,서진용,23S, 143.7 , 69 , 72.2 , 143.7 , 130.0 , 135.0 ,  , 129.9 ,  , 126.0 ,  , 50.1 , 0.2 , 0.2 , 0.0 , 49.4 , 0.0 , 0.1 , 0.0 , 65.9 , 26.8 , 42.7 , 84.5 , 60.5 , 75.5 , 40.5 
,박치국,23두, 143.7 , 62 , 52.2 , 143.7 , 129.6 , 122.2 , 131.7 ,  ,  ,  ,  , 49.1 , 17.4 , 6.2 , 27.3 , 0.0 , 0.0 , 0.0 , 0.0 , 68.6 , 30.8 , 47.3 , 87.0 , 65.0 , 78.9 , 43.8 
,한승주,23한, 143.7 , 47 , 70.2 , 143.7 , 127.2 , 119.8 , 128.3 , 131.2 , 141.9 ,  ,  , 43.7 , 34.9 , 13.8 , 4.1 , 1.8 , 1.8 , 0.0 , 0.0 , 63.8 , 27.3 , 42.9 , 89.3 , 65.2 , 80.5 , 42.7 
,이정용,23L, 143.7 , 37 , 86.2 , 143.7 , 132.7 , 117.0 ,  , 130.4 ,  ,  ,  , 50.9 , 17.0 , 10.1 , 0.0 , 22.0 , 0.0 , 0.0 , 0.0 , 67.2 , 29.9 , 48.5 , 93.0 , 72.0 , 86.5 , 49.6 
,김시훈,23N, 143.7 , 61 , 52.2 , 143.7 , 134.7 , 118.7 ,  , 134.3 ,  ,  ,  , 41.6 , 14.0 , 20.1 , 0.0 , 24.3 , 0.0 , 0.0 , 0.0 , 62.4 , 25.1 , 40.9 , 84.6 , 62.0 , 76.6 , 42.3 
,김준형,23키, 143.7 , 8 , 7.2 , 143.7 , 124.4 , 120.0 ,  , 130.0 ,  ,  ,  , 61.6 , 13.0 , 14.4 , 0.0 , 11.0 , 0.0 , 0.0 , 0.0 , 65.5 , 19.3 , 37.7 , 94.7 , 47.1 , 80.0 , 39.7 
121,김재윤,23K, 143.6 , 59 , 65.2 , 143.6 , 125.2 , 119.0 ,  , 130.2 ,  ,  ,  , 71.4 , 18.8 , 0.3 , 0.0 , 9.5 , 0.0 , 0.0 , 0.0 , 74.9 , 34.3 , 54.3 , 87.1 , 73.1 , 82.6 , 49.3 
,고효준,23S, 143.6 , 73 , 58.0 , 143.6 , 130.6 , 122.7 , 127.0 , 128.9 ,  ,  ,  , 45.5 , 52.9 , 0.7 , 0.1 , 0.8 , 0.0 , 0.0 , 0.0 , 56.4 , 25.9 , 37.8 , 88.4 , 57.8 , 75.6 , 39.0 
,배민서,23N, 143.6 , 6 , 6.2 , 143.6 , 132.9 ,  , 134.0 , 134.4 , 142.1 ,  ,  , 24.6 , 20.6 , 0.0 , 32.5 , 7.9 , 14.3 , 0.0 , 0.0 , 85.7 , 21.1 , 49.6 , 93.8 , 33.3 , 79.4 , 44.1 
124,김동주,23두, 143.5 , 18 , 78.1 , 143.5 , 133.2 , 116.2 ,  , 133.9 ,  ,  ,  , 43.1 , 38.3 , 1.7 , 0.0 , 16.8 , 0.0 , 0.0 , 0.0 , 64.5 , 29.2 , 44.5 , 86.6 , 65.4 , 78.6 , 43.2 
,김정운,23K, 143.5 , 5 , 7.0 , 143.5 , 124.9 ,  , 126.7 ,  ,  ,  ,  , 70.1 , 19.0 , 0.0 , 10.9 , 0.0 , 0.0 , 0.0 , 0.0 , 68.9 , 18.2 , 40.6 , 90.5 , 71.4 , 85.7 , 44.2 
,김건국,23K, 143.5 , 6 , 16.0 , 143.5 , 136.6 , 115.4 ,  , 133.0 ,  ,  ,  , 40.1 , 38.9 , 8.9 , 0.0 , 12.1 , 0.0 , 0.0 , 0.0 , 65.0 , 27.6 , 45.5 , 88.8 , 73.0 , 83.8 , 47.9 
127,손동현,23K, 143.4 , 64 , 73.2 , 143.4 , 126.9 , 118.3 ,  , 128.2 ,  ,  ,  , 59.9 , 19.7 , 11.2 , 0.0 , 9.2 , 0.0 , 0.0 , 0.0 , 69.0 , 29.0 , 47.5 , 87.1 , 75.6 , 83.3 , 46.1 
,스트레일리,23롯, 143.4 , 16 , 80.1 , 143.4 , 132.1 , 120.1 , 132.5 ,  , 141.1 ,  ,  , 41.8 , 31.7 , 9.0 , 16.8 , 0.0 , 0.6 , 0.0 , 0.0 , 62.6 , 29.4 , 43.3 , 85.8 , 66.3 , 78.1 , 42.1 
,이우찬,23L, 143.4 , 38 , 38.1 , 143.4 , 132.3 , 121.1 ,  , 133.8 ,  ,  ,  , 60.1 , 18.8 , 11.2 , 0.0 , 9.9 , 0.0 , 0.0 , 0.0 , 64.0 , 26.8 , 40.8 , 88.4 , 67.6 , 79.8 , 37.5 
,이민우,23한, 143.4 , 17 , 13.2 , 143.4 , 137.6 , 122.5 ,  , 134.0 ,  ,  ,  , 43.6 , 36.0 , 18.2 , 0.0 , 2.1 , 0.0 , 0.0 , 0.0 , 64.8 , 29.1 , 42.7 , 86.4 , 72.1 , 80.4 , 38.1 
,최지광,23삼, 143.4 , 22 , 17.1 , 143.4 , 135.0 , 119.4 , 135.0 , 139.4 ,  ,  ,  , 41.3 , 44.0 , 13.0 , 0.3 , 1.5 , 0.0 , 0.0 , 0.0 , 64.6 , 25.9 , 43.1 , 85.3 , 70.8 , 80.4 , 44.3 
,김진욱,23롯, 143.4 , 50 , 36.1 , 143.4 , 127.2 , 122.3 , 141.5 , 134.0 ,  ,  ,  , 60.4 , 19.2 , 18.8 , 0.3 , 1.3 , 0.0 , 0.0 , 0.0 , 60.3 , 25.8 , 39.3 , 90.3 , 62.4 , 79.2 , 39.1 
,주승우,23키, 143.4 , 11 , 16.0 , 143.4 , 130.2 , 122.7 ,  , 130.0 ,  ,  ,  , 57.3 , 10.5 , 9.7 , 0.0 , 22.5 , 0.0 , 0.0 , 0.0 , 58.7 , 20.5 , 37.7 , 94.1 , 65.1 , 85.4 , 45.0 
,김재열,23K, 143.4 , 9 , 11.2 , 143.4 , 126.6 , 120.6 ,  , 133.7 ,  ,  ,  , 56.8 , 5.9 , 20.5 , 0.0 , 16.8 , 0.0 , 0.0 , 0.0 , 63.9 , 24.8 , 43.8 , 83.0 , 76.9 , 81.2 , 48.4 
135,최동환,23L, 143.3 , 45 , 42.1 , 143.3 , 131.0 , 117.8 ,  , 129.3 ,  ,  ,  , 59.2 , 4.6 , 1.8 , 0.0 , 34.4 , 0.0 , 0.0 , 0.0 , 75.0 , 35.0 , 52.4 , 88.5 , 72.3 , 82.4 , 43.6 
,백승우,23두, 143.3 , 6 , 4.0 , 143.3 , 131.5 , 118.5 , 129.9 ,  ,  ,  ,  , 61.5 , 2.6 , 20.5 , 15.4 , 0.0 , 0.0 , 0.0 , 0.0 , 58.3 , 22.2 , 33.3 , 92.9 , 75.0 , 84.6 , 30.8 
,박신지,23두, 143.3 , 15 , 26.0 , 143.3 , 129.8 , 115.4 , 125.3 ,  ,  ,  ,  , 44.8 , 28.2 , 4.6 , 22.5 , 0.0 , 0.0 , 0.0 , 0.0 , 66.0 , 26.2 , 42.5 , 90.3 , 63.4 , 80.5 , 41.0 
,손주영,23L, 143.3 , 3 , 8.2 , 143.3 , 130.4 , 116.4 , 130.5 ,  ,  ,  ,  , 69.1 , 20.2 , 8.5 , 2.1 , 0.0 , 0.0 , 0.0 , 0.0 , 66.3 , 27.2 , 45.0 , 87.7 , 64.3 , 80.0 , 45.5 
,김영준,23L, 143.3 , 1 , 0.1 , 143.3 , 129.0 ,  ,  ,  ,  ,  ,  , 75.0 , 25.0 , 0.0 , 0.0 , 0.0 , 0.0 , 0.0 , 0.0 , 42.9 , 0.0 , 18.8 , 100.0 ,  , 100.0 , 43.8 
,이지강,23L, 143.3 , 22 , 68.0 , 143.3 , 132.7 , 118.5 , 129.4 ,  , 132.0 ,  ,  , 49.0 , 15.0 , 12.5 , 23.4 , 0.0 , 0.1 , 0.0 , 0.0 , 65.0 , 28.4 , 43.8 , 87.8 , 69.5 , 80.9 , 42.1 
141,정해영,23K, 143.2 , 52 , 49.1 , 143.2 , 131.4 , 136.3 ,  , 134.2 ,  ,  ,  , 63.8 , 17.7 , 0.4 , 0.0 , 18.1 , 0.0 , 0.0 , 0.0 , 71.7 , 29.7 , 47.6 , 89.1 , 71.4 , 82.7 , 42.6 
,최민준,23S, 143.2 , 53 , 60.0 , 143.2 , 138.9 , 123.0 , 133.0 , 133.4 , 140.0 ,  ,  , 36.9 , 33.7 , 27.0 , 0.9 , 1.5 , 0.1 , 0.0 , 0.0 , 66.2 , 27.9 , 44.3 , 92.1 , 70.7 , 84.4 , 42.7 
,이기순,23S, 143.2 , 2 , 3.0 , 143.2 , 126.5 , 110.8 , 131.3 ,  ,  ,  ,  , 54.0 , 12.7 , 20.6 , 12.7 , 0.0 , 0.0 , 0.0 , 0.0 , 65.0 , 25.6 , 38.1 , 76.9 , 63.6 , 70.8 , 31.7 
,김건희,23키, 143.2 , 3 , 2.0 , 143.2 , 135.9 ,  ,  ,  ,  ,  ,  , 80.7 , 19.3 , 0.0 , 0.0 , 0.0 , 0.0 , 0.0 , 0.0 , 88.0 , 15.6 , 47.4 , 77.3 , 100.0 , 81.5 , 43.9 
,한현희,23롯, 143.2 , 38 , 104.0 , 143.2 , 126.8 , 128.2 , 130.3 , 130.6 ,  ,  ,  , 52.5 , 38.8 , 0.3 , 5.5 , 2.8 , 0.0 , 0.0 , 0.0 , 66.2 , 29.3 , 45.4 , 88.3 , 73.9 , 83.1 , 43.6 
146,하준영,23N, 143.1 , 57 , 49.0 , 143.1 , 133.4 ,  , 130.1 ,  , 143.0 ,  ,  , 43.1 , 45.3 , 0.0 , 11.5 , 0.0 , 0.1 , 0.0 , 0.0 , 59.5 , 30.5 , 42.8 , 85.7 , 57.8 , 74.3 , 42.6 
147,이형범,23두, 143.0 , 23 , 27.2 , 143.0 , 137.9 , 121.7 , 129.8 , 138.5 , 141.9 ,  ,  , 9.7 , 30.5 , 2.1 , 7.8 , 0.4 , 49.6 , 0.0 , 0.0 , 74.1 , 26.2 , 49.2 , 90.5 , 75.4 , 86.3 , 47.9 
,양창섭,23삼, 143.0 , 15 , 28.2 , 143.0 , 130.8 , 119.3 , 128.7 , 133.0 ,  ,  ,  , 58.8 , 24.0 , 2.7 , 14.2 , 0.2 , 0.0 , 0.0 , 0.0 , 70.9 , 26.9 , 46.4 , 90.2 , 72.0 , 84.3 , 44.4 
149,하준호,23K, 142.9 , 12 , 13.0 , 142.9 , 132.3 , 116.3 , 132.9 ,  ,  ,  ,  , 59.8 , 33.6 , 3.5 , 3.1 , 0.0 , 0.0 , 0.0 , 0.0 , 65.9 , 22.3 , 37.8 , 92.6 , 69.7 , 83.9 , 35.7 
,배재준,23L, 142.9 , 1 , 1.0 , 142.9 , 131.5 , 117.0 , 131.0 ,  ,  ,  ,  , 43.5 , 43.5 , 8.7 , 4.3 , 0.0 , 0.0 , 0.0 , 0.0 , 63.6 , 16.7 , 39.1 , 85.7 , 50.0 , 77.8 , 47.8 
,김선기,23키, 142.9 , 17 , 43.2 , 142.9 , 131.5 , 120.3 , 131.0 , 126.7 , 145.0 ,  ,  , 40.1 , 44.0 , 12.6 , 1.6 , 1.3 , 0.4 , 0.0 , 0.0 , 62.0 , 28.5 , 44.1 , 94.5 , 68.7 , 85.5 , 46.5 
152,김진성,23L, 142.8 , 80 , 70.1 , 142.8 , 135.7 , 141.0 ,  , 126.5 ,  ,  ,  , 52.4 , 1.3 , 0.1 , 0.0 , 46.3 , 0.0 , 0.0 , 0.0 , 72.2 , 36.3 , 51.9 , 81.2 , 63.0 , 74.0 , 43.3 
153,구창모,23N, 142.7 , 11 , 51.2 , 142.7 , 132.2 , 118.7 ,  , 132.0 ,  ,  ,  , 50.7 , 23.5 , 1.8 , 0.0 , 24.1 , 0.0 , 0.0 , 0.0 , 58.5 , 36.2 , 46.3 , 86.1 , 54.2 , 72.4 , 45.1 
,김상수,23롯, 142.7 , 66 , 52.0 , 142.7 , 130.3 , 122.5 , 126.7 , 127.2 , 138.0 ,  ,  , 43.9 , 6.3 , 12.1 , 13.5 , 24.1 , 0.1 , 0.0 , 0.0 , 66.6 , 31.8 , 44.2 , 88.4 , 71.4 , 80.5 , 35.7 
,송명기,23N, 142.7 , 35 , 104.1 , 142.7 , 132.5 , 115.4 ,  , 132.1 , 141.6 ,  ,  , 49.4 , 26.7 , 4.3 , 0.0 , 19.1 , 0.5 , 0.0 , 0.0 , 65.6 , 27.8 , 44.5 , 88.2 , 69.8 , 81.8 , 44.1 
,이승현,23삼, 142.7 , 48 , 43.1 , 142.7 , 128.2 , 117.2 , 125.0 , 128.0 ,  ,  ,  , 59.9 , 27.1 , 12.6 , 0.1 , 0.1 , 0.0 , 0.0 , 0.0 , 64.6 , 29.4 , 44.2 , 86.5 , 59.7 , 76.2 , 42.2 
,임준섭,23S, 142.7 , 41 , 32.2 , 142.7 , 128.1 , 117.4 , 125.6 ,  ,  ,  ,  , 42.7 , 53.7 , 1.8 , 1.8 , 0.0 , 0.0 , 0.0 , 0.0 , 67.5 , 25.9 , 41.4 , 88.1 , 71.3 , 81.5 , 37.4 
158,전상현,23K, 142.6 , 64 , 58.2 , 142.6 , 134.6 , 122.6 , 134.7 , 134.3 , 131.7 ,  ,  , 47.2 , 42.0 , 4.7 , 0.3 , 5.5 , 0.3 , 0.0 , 0.0 , 66.9 , 31.3 , 45.0 , 89.7 , 61.5 , 77.6 , 38.4 
,나균안,23롯, 142.6 , 23 , 130.1 , 142.6 , 135.7 , 116.4 ,  , 129.4 , 138.5 ,  ,  , 41.2 , 12.8 , 10.3 , 0.0 , 35.5 , 0.1 , 0.0 , 0.0 , 66.7 , 31.7 , 47.1 , 87.2 , 62.6 , 77.9 , 43.9 
,백승건,23S, 142.6 , 25 , 38.0 , 142.6 , 131.4 , 116.7 , 129.9 ,  ,  ,  ,  , 41.6 , 34.0 , 4.0 , 20.4 , 0.0 , 0.0 , 0.0 , 0.0 , 63.1 , 24.1 , 40.9 , 84.3 , 64.4 , 77.6 , 43.0 
161,전용주,23K, 142.5 , 15 , 10.1 , 142.5 , 130.2 ,  , 126.8 ,  ,  ,  ,  , 64.3 , 29.8 , 0.0 , 5.8 , 0.0 , 0.0 , 0.0 , 0.0 , 67.6 , 21.6 , 40.5 , 91.7 , 63.6 , 82.9 , 41.0 
162,최승용,23두, 142.4 , 34 , 111.0 , 142.4 , 131.0 , 116.6 ,  , 129.9 ,  ,  ,  , 48.1 , 27.4 , 11.7 , 0.0 , 12.7 , 0.0 , 0.0 , 0.0 , 62.8 , 31.8 , 46.1 , 90.9 , 70.4 , 83.3 , 46.1 
163,이진하,23롯, 142.3 , 9 , 8.0 , 142.3 , 131.0 ,  , 134.0 , 132.4 ,  ,  ,  , 42.1 , 41.3 , 0.0 , 3.2 , 13.5 , 0.0 , 0.0 , 0.0 , 65.3 , 23.4 , 39.7 , 90.6 , 88.9 , 90.0 , 38.9 
,박승주,23키, 142.3 , 18 , 18.0 , 142.3 , 132.6 ,  , 132.9 , 134.0 ,  ,  ,  , 68.7 , 27.8 , 0.0 , 3.3 , 0.3 , 0.0 , 0.0 , 0.0 , 66.4 , 30.6 , 44.8 , 84.5 , 75.0 , 80.6 , 39.7 
,오원석,23S, 142.3 , 28 , 144.2 , 142.3 , 131.0 , 114.6 , 128.6 ,  , 139.3 ,  ,  , 48.8 , 30.4 , 8.0 , 12.7 , 0.0 , 0.1 , 0.0 , 0.0 , 64.2 , 27.9 , 43.1 , 90.3 , 68.3 , 82.0 , 41.8 
,이준호,23N, 142.3 , 17 , 31.2 , 142.3 , 128.9 , 121.8 , 132.8 ,  , 140.1 ,  ,  , 54.2 , 16.2 , 13.9 , 5.4 , 0.0 , 10.3 , 0.0 , 0.0 , 64.5 , 18.6 , 39.3 , 87.6 , 79.4 , 85.5 , 45.0 
167,이민호,23L, 142.2 , 5 , 19.2 , 142.2 , 134.4 , 120.1 , 131.5 ,  , 140.0 ,  ,  , 27.1 , 43.4 , 15.4 , 13.8 , 0.0 , 0.3 , 0.0 , 0.0 , 71.3 , 32.5 , 49.3 , 97.4 , 73.5 , 88.5 , 43.4 
,박준영,23한, 142.2 , 4 , 4.1 , 142.2 , 130.7 , 116.1 ,  , 132.8 ,  ,  ,  , 71.3 , 3.0 , 21.8 , 0.0 , 4.0 , 0.0 , 0.0 , 0.0 , 37.1 , 22.7 , 27.7 , 92.3 , 60.0 , 75.0 , 34.7 
169,파노니,23K, 142.1 , 16 , 82.1 , 142.1 , 138.6 , 119.3 , 133.6 ,  ,  ,  ,  , 29.6 , 47.9 , 14.4 , 8.1 , 0.0 , 0.0 , 0.0 , 0.0 , 64.8 , 31.0 , 46.0 , 89.0 , 70.5 , 82.1 , 44.5 
,문성현,23키, 142.1 , 32 , 28.1 , 142.1 , 130.5 , 117.0 ,  , 131.0 ,  ,  ,  , 68.2 , 28.1 , 0.2 , 0.0 , 3.5 , 0.0 , 0.0 , 0.0 , 61.1 , 29.1 , 43.9 , 90.6 , 69.7 , 83.2 , 46.4 
,류희운,23한, 142.1 , 3 , 4.0 , 142.1 , 136.7 ,  ,  , 131.3 ,  ,  ,  , 50.7 , 43.3 , 0.0 , 0.0 , 6.0 , 0.0 , 0.0 , 0.0 , 52.0 , 30.2 , 38.2 , 100.0 , 69.2 , 84.6 , 36.8 
,박윤철,23한, 142.1 , 3 , 3.1 , 142.1 , 130.0 , 113.3 , 124.4 ,  ,  ,  ,  , 35.8 , 23.5 , 3.7 , 37.0 , 0.0 , 0.0 , 0.0 , 0.0 , 75.0 , 18.4 , 40.7 , 83.3 , 77.8 , 81.8 , 39.5 
173,양현종,23K, 142.0 , 29 , 171.0 , 142.0 , 127.9 , 119.4 , 129.5 ,  ,  ,  ,  , 53.2 , 21.2 , 2.6 , 23.0 , 0.0 , 0.0 , 0.0 , 0.0 , 67.4 , 32.9 , 48.4 , 88.1 , 68.1 , 80.6 , 44.9 
,이재익,23삼, 142.0 , 51 , 41.0 , 142.0 , 125.4 , 119.2 ,  ,  , 138.1 ,  ,  , 2.7 , 15.3 , 10.8 , 0.1 , 0.0 , 71.0 , 0.0 , 0.0 , 59.9 , 25.3 , 41.7 , 88.3 , 76.3 , 84.5 , 47.3 
175,김창훈,23롯, 141.9 , 3 , 4.1 , 141.9 , 134.1 , 114.3 ,  , 125.6 , 137.0 ,  ,  , 40.0 , 32.7 , 10.9 , 0.0 , 14.5 , 1.8 , 0.0 , 0.0 , 60.0 , 19.2 , 41.1 , 88.9 , 80.0 , 87.0 , 53.6 
,김서준,23삼, 141.9 , 8 , 7.2 , 141.9 , 125.2 , 123.2 , 121.5 ,  ,  ,  ,  , 78.9 , 3.5 , 3.5 , 14.1 , 0.0 , 0.0 , 0.0 , 0.0 , 63.9 , 18.5 , 38.0 , 92.3 , 86.7 , 90.7 , 43.0 
,나원탁,23롯, 141.9 , 1 , 0.2 , 141.9 ,  , 111.9 ,  , 126.0 ,  ,  ,  , 51.9 , 0.0 , 29.6 , 0.0 , 18.5 , 0.0 , 0.0 , 0.0 , 50.0 , 13.3 , 29.6 , 50.0 , 100.0 , 62.5 , 44.4 
,정구범,23N, 141.9 , 4 , 12.2 , 141.9 , 131.0 , 119.6 , 133.3 , 131.6 ,  ,  ,  , 47.9 , 25.2 , 9.1 , 5.2 , 12.6 , 0.0 , 0.0 , 0.0 , 70.7 , 21.2 , 41.3 , 93.9 , 69.4 , 86.4 , 40.6 
179,김명신,23두, 141.8 , 70 , 79.0 , 141.8 , 126.7 , 116.0 , 123.0 , 127.7 ,  ,  ,  , 48.9 , 13.2 , 13.4 , 0.1 , 24.5 , 0.0 , 0.0 , 0.0 , 66.0 , 31.2 , 46.5 , 85.2 , 74.3 , 81.1 , 43.9 
,이승현,23삼, 141.8 , 60 , 60.0 , 141.8 , 131.6 , 124.0 , 120.1 , 129.5 ,  ,  ,  , 50.2 , 26.3 , 0.3 , 11.2 , 12.0 , 0.0 , 0.0 , 0.0 , 71.5 , 30.6 , 48.7 , 91.2 , 73.2 , 85.0 , 44.4 
,주권,23K, 141.8 , 42 , 47.0 , 141.8 , 127.5 , 116.8 , 127.2 , 135.2 ,  ,  ,  , 34.4 , 5.8 , 0.7 , 57.0 , 2.1 , 0.0 , 0.0 , 0.0 , 72.2 , 31.1 , 48.9 , 87.0 , 69.0 , 80.5 , 43.3 
,황동하,23K, 141.8 , 13 , 31.1 , 141.8 , 131.3 , 120.0 ,  , 126.9 ,  ,  ,  , 50.9 , 31.3 , 4.6 , 0.0 , 13.2 , 0.0 , 0.0 , 0.0 , 62.7 , 22.9 , 39.2 , 89.2 , 69.2 , 82.3 , 41.0 
,이영준,23키, 141.8 , 2 , 1.2 , 141.8 , 132.1 ,  ,  , 132.0 ,  ,  ,  , 73.5 , 20.6 , 0.0 , 0.0 , 5.9 , 0.0 , 0.0 , 0.0 , 72.2 , 25.0 , 50.0 , 100.0 , 75.0 , 94.1 , 52.9 
184,임창민,23키, 141.7 , 51 , 46.2 , 141.7 , 131.9 ,  ,  , 133.2 ,  ,  ,  , 46.4 , 35.4 , 0.0 , 0.0 , 18.2 , 0.0 , 0.0 , 0.0 , 65.7 , 31.6 , 46.9 , 83.1 , 68.1 , 77.5 , 44.8 
,김호준,23두, 141.7 , 3 , 3.0 , 141.7 , 128.3 ,  ,  ,  ,  ,  ,  , 67.8 , 32.2 , 0.0 , 0.0 , 0.0 , 0.0 , 0.0 , 0.0 , 83.3 , 26.8 , 44.1 , 93.3 , 54.5 , 76.9 , 30.5 
,강재민,23한, 141.7 , 43 , 43.1 , 141.7 , 124.6 , 119.6 ,  , 134.9 , 140.1 ,  ,  , 43.9 , 33.9 , 8.6 , 0.0 , 8.6 , 5.0 , 0.0 , 0.0 , 67.3 , 26.7 , 44.6 , 88.0 , 67.5 , 81.1 , 44.1 
187,진승현,23롯, 141.6 , 24 , 27.2 , 141.6 , 129.1 , 112.7 , 128.5 , 130.0 ,  ,  ,  , 44.7 , 32.8 , 11.8 , 10.5 , 0.2 , 0.0 , 0.0 , 0.0 , 65.1 , 30.6 , 44.1 , 83.1 , 60.6 , 73.6 , 39.2 
,제환유,23두, 141.6 , 1 , 2.0 , 141.6 , 123.5 , 114.1 ,  ,  ,  ,  ,  , 52.8 , 32.1 , 15.1 , 0.0 , 0.0 , 0.0 , 0.0 , 0.0 , 60.0 , 12.1 , 30.2 , 91.7 , 50.0 , 81.3 , 37.7 
189,배제성,23K, 141.5 , 26 , 130.1 , 141.5 , 128.9 , 116.4 , 123.7 ,  ,  ,  ,  , 50.7 , 38.0 , 1.7 , 9.7 , 0.0 , 0.0 , 0.0 , 0.0 , 65.7 , 26.9 , 42.6 , 90.1 , 70.3 , 82.7 , 40.4 
,김도규,23롯, 141.5 , 36 , 29.2 , 141.5 , 126.3 ,  ,  , 125.5 ,  ,  ,  , 48.8 , 20.5 , 0.0 , 0.0 , 30.8 , 0.0 , 0.0 , 0.0 , 72.4 , 24.4 , 43.3 , 88.8 , 69.6 , 82.3 , 39.3 
,김민규,23두, 141.5 , 6 , 8.1 , 141.5 , 123.3 , 118.0 ,  , 123.7 ,  ,  ,  , 55.6 , 36.6 , 0.7 , 0.0 , 7.2 , 0.0 , 0.0 , 0.0 , 72.7 , 21.8 , 43.8 , 83.3 , 73.7 , 80.6 , 43.1 
192,임찬규,23L, 141.4 , 30 , 144.2 , 141.4 , 130.4 , 110.7 , 127.6 ,  ,  ,  ,  , 39.1 , 4.9 , 23.5 , 32.6 , 0.0 , 0.0 , 0.0 , 0.0 , 64.0 , 34.0 , 47.2 , 85.2 , 67.0 , 77.8 , 43.9 
,김기중,23한, 141.4 , 37 , 56.1 , 141.4 , 130.5 , 116.0 , 128.2 ,  ,  ,  ,  , 45.2 , 31.6 , 16.4 , 6.8 , 0.0 , 0.0 , 0.0 , 0.0 , 62.5 , 26.1 , 41.6 , 89.7 , 60.1 , 79.1 , 42.6 
194,박세진,23K, 141.3 , 16 , 11.2 , 141.3 , 126.4 , 117.4 , 126.3 , 126.5 ,  ,  ,  , 69.1 , 10.0 , 2.6 , 17.5 , 0.7 , 0.0 , 0.0 , 0.0 , 65.1 , 23.9 , 40.4 , 91.5 , 61.5 , 80.9 , 40.1 
,박세웅,23삼, 141.3 , 2 , 0.2 , 141.3 , 131.4 ,  ,  ,  ,  ,  ,  , 71.4 , 28.6 , 0.0 , 0.0 , 0.0 , 0.0 , 0.0 , 0.0 , 42.9 , 19.0 , 25.0 , 100.0 , 50.0 , 71.4 , 25.0 
,이태연,23롯, 141.3 , 15 , 5.2 , 141.3 , 128.4 , 118.3 , 127.0 , 132.7 ,  ,  ,  , 60.5 , 34.6 , 2.5 , 0.6 , 1.9 , 0.0 , 0.0 , 0.0 , 61.8 , 21.5 , 35.2 , 85.3 , 73.9 , 80.7 , 34.0 
,최영환,23롯, 141.3 , 8 , 10.0 , 141.3 , 134.3 , 115.9 ,  , 133.5 ,  ,  ,  , 39.8 , 38.9 , 13.3 , 0.0 , 8.0 , 0.0 , 0.0 , 0.0 , 69.0 , 30.9 , 45.6 , 91.7 , 79.1 , 86.4 , 38.5 
198,신민혁,23N, 141.2 , 29 , 122.0 , 141.2 , 135.7 , 114.7 , 127.0 ,  , 135.5 ,  ,  , 26.7 , 28.7 , 2.9 , 41.5 , 0.0 , 0.3 , 0.0 , 0.0 , 66.5 , 33.7 , 49.2 , 86.3 , 73.2 , 81.6 , 47.2 
,이준영,23K, 141.2 , 64 , 33.2 , 141.2 , 131.4 ,  ,  ,  , 133.0 ,  ,  , 25.4 , 74.5 , 0.0 , 0.0 , 0.0 , 0.2 , 0.0 , 0.0 , 57.0 , 31.4 , 41.5 , 85.6 , 61.0 , 74.3 , 39.4 
200,오상원,23키, 140.9 , 11 , 15.0 , 140.9 , 131.1 ,  , 130.6 ,  ,  ,  ,  , 57.0 , 28.2 , 0.0 , 14.8 , 0.0 , 0.0 , 0.0 , 0.0 , 71.3 , 25.7 , 43.3 , 93.9 , 76.6 , 87.6 , 38.6 
,윤명준,23롯, 140.9 , 21 , 19.1 , 140.9 , 130.5 , 122.3 ,  , 131.3 , 138.0 ,  ,  , 35.6 , 3.4 , 29.9 , 0.0 , 30.8 , 0.3 , 0.0 , 0.0 , 70.2 , 27.4 , 44.5 , 86.9 , 69.0 , 80.3 , 39.9 
202,이우석,23N, 140.8 , 1 , 0.2 , 140.8 , 128.0 ,  ,  ,  ,  ,  ,  , 80.0 , 20.0 , 0.0 , 0.0 , 0.0 , 0.0 , 0.0 , 0.0 , 100.0 , 0.0 , 20.0 , 100.0 ,  , 100.0 , 20.0 
203,김재웅,23키, 140.7 , 67 , 59.2 , 140.7 , 130.6 , 120.1 , 128.9 ,  ,  ,  ,  , 62.4 , 17.0 , 3.1 , 17.5 , 0.0 , 0.0 , 0.0 , 0.0 , 64.0 , 26.2 , 41.8 , 82.3 , 70.9 , 78.1 , 41.3 
,석상호,23롯, 140.7 , 5 , 5.1 , 140.7 , 124.7 , 123.9 ,  , 129.9 ,  ,  ,  , 63.4 , 7.3 , 17.1 , 0.0 , 12.2 , 0.0 , 0.0 , 0.0 , 66.7 , 19.2 , 36.6 , 85.0 , 40.0 , 70.0 , 36.6 
205,이재학,23N, 140.6 , 15 , 67.1 , 140.6 , 130.2 , 119.1 , 122.5 ,  ,  ,  ,  , 42.8 , 8.2 , 1.1 , 48.0 , 0.0 , 0.0 , 0.0 , 0.0 , 63.5 , 27.5 , 42.9 , 85.8 , 67.2 , 79.0 , 42.7 
,이호성,23삼, 140.6 , 5 , 17.0 , 140.6 , 126.1 , 114.8 , 128.3 ,  ,  ,  ,  , 49.6 , 21.0 , 11.8 , 17.6 , 0.0 , 0.0 , 0.0 , 0.0 , 65.8 , 21.1 , 40.8 , 89.9 , 65.6 , 82.9 , 44.1 
,황동재,23삼, 140.6 , 7 , 31.2 , 140.6 , 130.3 , 113.9 ,  , 128.1 ,  ,  ,  , 48.5 , 18.0 , 4.2 , 0.0 , 29.3 , 0.0 , 0.0 , 0.0 , 70.0 , 25.1 , 44.8 , 87.8 , 61.1 , 79.4 , 43.8 
,맥키니,23키, 140.6 , 12 , 59.1 , 140.6 , 136.0 , 121.9 , 129.4 ,  ,  ,  ,  , 45.1 , 17.8 , 16.1 , 20.9 , 0.0 , 0.0 , 0.0 , 0.0 , 65.1 , 24.6 , 41.3 , 89.1 , 63.1 , 80.0 , 41.3 
209,김윤식,23L, 140.5 , 17 , 74.2 , 140.5 , 126.3 , 113.8 , 119.4 ,  , 132.5 ,  ,  , 51.1 , 19.9 , 8.6 , 20.3 , 0.0 , 0.2 , 0.0 , 0.0 , 62.7 , 28.9 , 44.0 , 89.2 , 75.9 , 84.4 , 44.5 
210,홍정우,23삼, 140.4 , 36 , 36.0 , 140.4 , 129.4 ,  , 125.3 , 129.5 ,  ,  ,  , 50.8 , 20.5 , 0.0 , 6.8 , 21.9 , 0.0 , 0.0 , 0.0 , 69.0 , 24.2 , 43.1 , 84.4 , 81.6 , 83.5 , 42.1 
211,함덕주,23L, 140.3 , 57 , 55.2 , 140.3 , 123.7 , 111.0 , 126.1 ,  ,  ,  ,  , 54.4 , 18.0 , 0.3 , 27.3 , 0.0 , 0.0 , 0.0 , 0.0 , 59.5 , 31.3 , 42.5 , 81.0 , 62.6 , 72.9 , 39.9 
,오석주,23L, 140.3 , 9 , 10.0 , 140.3 , 131.9 , 111.2 ,  , 126.0 ,  ,  ,  , 34.7 , 38.6 , 19.9 , 0.0 , 6.8 , 0.0 , 0.0 , 0.0 , 63.2 , 27.0 , 42.6 , 83.3 , 66.7 , 77.3 , 43.2 
213,이상영,23L, 140.2 , 6 , 11.0 , 140.2 , 129.0 , 113.0 , 126.7 ,  ,  ,  ,  , 57.7 , 24.5 , 0.5 , 17.3 , 0.0 , 0.0 , 0.0 , 0.0 , 57.5 , 18.0 , 33.2 , 87.0 , 69.6 , 81.2 , 38.5 
214,태너,23N, 140.1 , 11 , 64.2 , 140.1 , 125.3 , 116.9 , 125.2 , 121.0 ,  ,  ,  , 48.5 , 34.5 , 4.5 , 12.5 , 0.1 , 0.0 , 0.0 , 0.0 , 68.4 , 34.7 , 50.9 , 86.8 , 68.7 , 80.4 , 48.1 
,이재희,23삼, 140.1 , 2 , 8.0 , 140.1 , 133.8 ,  , 131.5 ,  ,  ,  ,  , 36.4 , 47.9 , 0.0 , 15.7 , 0.0 , 0.0 , 0.0 , 0.0 , 68.6 , 29.2 , 43.6 , 80.0 , 57.7 , 70.5 , 36.4 
,김강현,23롯, 140.1 , 2 , 3.0 , 140.1 , 126.3 ,  , 125.1 ,  , 136.0 ,  ,  , 44.3 , 36.1 , 0.0 , 13.1 , 0.0 , 6.6 , 0.0 , 0.0 , 60.7 , 21.2 , 39.3 , 94.1 , 100.0 , 95.8 , 45.9 
217,이태양,23한, 140.0 , 50 , 100.1 , 140.0 , 131.6 , 116.4 ,  , 127.0 ,  ,  ,  , 42.0 , 14.8 , 8.7 , 0.0 , 34.6 , 0.0 , 0.0 , 0.0 , 70.5 , 31.8 , 49.2 , 88.5 , 73.6 , 83.2 , 44.9 
,이승진,23두, 140.0 , 1 , 0.2 , 140.0 , 137.2 , 118.8 ,  ,  ,  ,  ,  , 45.8 , 37.5 , 16.7 , 0.0 , 0.0 , 0.0 , 0.0 , 0.0 , 54.5 , 23.1 , 37.5 , 100.0 , 0.0 , 66.7 , 45.8 
219,박정수,23두, 139.9 , 25 , 36.2 , 139.9 , 130.8 , 121.2 , 126.7 ,  ,  ,  ,  , 38.0 , 21.5 , 20.0 , 20.4 , 0.0 , 0.0 , 0.0 , 0.0 , 65.3 , 28.3 , 42.1 , 87.6 , 63.2 , 77.3 , 37.2 
,이명종,23키, 139.9 , 45 , 57.0 , 139.9 , 123.1 , 116.0 , 123.2 ,  ,  ,  ,  , 46.3 , 40.6 , 7.5 , 5.5 , 0.0 , 0.0 , 0.0 , 0.0 , 62.4 , 23.2 , 40.8 , 90.2 , 80.2 , 87.1 , 44.8 
,홍원표,23삼, 139.9 , 3 , 3.2 , 139.9 , 125.0 , 115.8 ,  , 125.4 ,  ,  ,  , 57.1 , 14.3 , 14.3 , 0.0 , 14.3 , 0.0 , 0.0 , 0.0 , 66.7 , 18.8 , 39.3 , 93.8 , 83.3 , 90.9 , 42.9 
222,윤대경,23한, 139.8 , 47 , 47.2 , 139.8 , 125.1 , 114.2 , 124.2 ,  ,  ,  ,  , 59.0 , 5.9 , 11.1 , 24.0 , 0.0 , 0.0 , 0.0 , 0.0 , 72.7 , 31.8 , 49.7 , 83.8 , 73.2 , 80.0 , 43.8 
,윤중현,23K, 139.8 , 31 , 28.0 , 139.8 , 123.7 , 120.2 , 127.1 ,  , 139.5 ,  ,  , 39.2 , 1.5 , 22.4 , 12.8 , 0.0 , 24.1 , 0.0 , 0.0 , 67.1 , 28.9 , 43.7 , 93.4 , 75.0 , 86.0 , 38.8 
,진해수,23L, 139.8 , 19 , 14.2 , 139.8 , 127.6 , 116.7 ,  , 134.1 ,  ,  ,  , 31.4 , 45.1 , 9.9 , 0.0 , 13.7 , 0.0 , 0.0 , 0.0 , 59.8 , 26.7 , 41.4 , 91.1 , 63.6 , 81.3 , 44.4 
,박권후,23삼, 139.8 , 4 , 2.2 , 139.8 , 126.6 ,  ,  , 121.7 ,  ,  ,  , 60.0 , 14.5 , 0.0 , 0.0 , 25.5 , 0.0 , 0.0 , 0.0 , 85.7 , 36.6 , 49.1 , 100.0 , 80.0 , 88.9 , 25.5 
,장지수,23한, 139.8 , 1 , 2.0 , 139.8 , 126.5 , 113.2 ,  ,  ,  ,  ,  , 43.2 , 29.5 , 27.3 , 0.0 , 0.0 , 0.0 , 0.0 , 0.0 , 78.6 , 33.3 , 47.7 , 90.9 , 80.0 , 85.7 , 31.8 
,소형준,23K, 139.8 , 3 , 11.0 , 139.8 , 138.6 , 120.0 , 128.9 ,  , 139.5 ,  ,  , 2.6 , 27.6 , 12.3 , 20.6 , 0.0 , 36.8 , 0.0 , 0.0 , 70.0 , 26.9 , 45.7 , 92.9 , 82.9 , 89.5 , 43.5 
228,김태욱,23롯, 139.7 , 1 , 1.0 , 139.7 , 123.0 , 112.3 ,  ,  ,  ,  ,  , 68.8 , 12.5 , 18.8 , 0.0 , 0.0 , 0.0 , 0.0 , 0.0 , 71.4 , 30.0 , 47.1 , 100.0 , 100.0 , 100.0 , 41.2 
,김주한,23S, 139.7 , 1 , 0.0 , 139.7 , 122.0 ,  , 125.3 ,  ,  ,  ,  , 18.8 , 6.3 , 0.0 , 75.0 , 0.0 , 0.0 , 0.0 , 0.0 , 83.3 , 30.0 , 50.0 , 80.0 , 33.3 , 62.5 , 37.5 
230,심재민,23K롯, 139.6 , 33 , 47.2 , 139.6 , 128.6 , 117.0 , 130.2 ,  ,  ,  ,  , 40.5 , 23.8 , 23.1 , 12.7 , 0.0 , 0.0 , 0.0 , 0.0 , 64.3 , 27.2 , 44.1 , 89.3 , 68.9 , 82.4 , 45.4 
,이승호,23키, 139.6 , 4 , 5.0 , 139.6 , 126.6 , 120.0 , 125.1 , 121.0 ,  ,  ,  , 75.8 , 14.3 , 1.1 , 7.7 , 1.1 , 0.0 , 0.0 , 0.0 , 66.7 , 22.7 , 36.5 , 95.0 , 93.3 , 94.3 , 31.3 
,김민우,23한, 139.6 , 12 , 51.2 , 139.6 , 128.4 , 116.6 ,  , 131.3 ,  ,  ,  , 46.7 , 2.8 , 14.3 , 0.0 , 36.2 , 0.0 , 0.0 , 0.0 , 66.0 , 30.5 , 44.6 , 80.6 , 67.6 , 75.2 , 39.8 
233,양지율,23키, 139.5 , 1 , 0.2 , 139.5 , 128.5 , 120.0 , 130.0 ,  ,  ,  ,  , 42.9 , 39.3 , 14.3 , 3.6 , 0.0 , 0.0 , 0.0 , 0.0 , 20.0 , 13.0 , 14.3 , 100.0 , 66.7 , 75.0 , 17.9 
234,임정호,23N, 139.2 , 65 , 50.0 , 139.2 , 129.8 , 118.2 , 130.6 , 132.9 , 137.5 ,  ,  , 0.7 , 40.2 , 11.9 , 3.2 , 1.6 , 42.4 , 0.0 , 0.0 , 61.2 , 28.1 , 43.1 , 85.0 , 70.5 , 79.8 , 45.4 
235,장세진,23롯, 139.1 , 2 , 1.1 , 139.1 , 123.7 , 112.0 , 127.0 ,  ,  ,  ,  , 56.8 , 32.4 , 2.7 , 8.1 , 0.0 , 0.0 , 0.0 , 0.0 , 75.0 , 27.6 , 37.8 , 83.3 , 62.5 , 71.4 , 21.6 
236,박영완,23롯, 139.0 , 1 , 1.0 , 139.0 , 129.5 ,  ,  ,  ,  ,  ,  , 84.6 , 15.4 , 0.0 , 0.0 , 0.0 , 0.0 , 0.0 , 0.0 , 50.0 , 14.3 , 30.8 , 100.0 , 0.0 , 75.0 , 46.2 
,심창민,23N, 139.0 , 5 , 3.1 , 139.0 , 126.7 , 120.6 , 128.4 ,  ,  ,  ,  , 32.9 , 40.5 , 15.2 , 11.4 , 0.0 , 0.0 , 0.0 , 0.0 , 52.0 , 25.9 , 34.2 , 53.8 , 50.0 , 51.9 , 31.6 
238,문경찬,23롯, 138.8 , 2 , 2.0 , 138.8 , 125.0 , 118.9 , 124.2 ,  , 131.0 ,  ,  , 47.2 , 11.1 , 19.4 , 16.7 , 0.0 , 5.6 , 0.0 , 0.0 , 52.4 , 40.0 , 47.2 , 100.0 , 50.0 , 82.4 , 58.3 
239,조이현,23K, 138.7 , 18 , 35.0 , 138.7 , 127.4 , 110.8 ,  , 127.7 , 136.7 ,  ,  , 35.1 , 14.9 , 10.0 , 0.0 , 33.0 , 7.0 , 0.0 , 0.0 , 72.8 , 36.9 , 52.5 , 93.5 , 74.6 , 86.0 , 43.4 
,이원재,23두, 138.7 , 1 , 1.0 , 138.7 , 127.0 ,  , 130.0 ,  ,  ,  ,  , 73.5 , 20.6 , 0.0 , 5.9 , 0.0 , 0.0 , 0.0 , 0.0 , 41.7 , 9.1 , 20.6 , 100.0 , 100.0 , 100.0 , 35.3 
,김재영,23한, 138.7 , 6 , 8.0 , 138.7 , 128.0 , 120.6 , 124.8 , 127.6 , 129.0 ,  ,  , 70.8 , 3.5 , 11.8 , 4.2 , 9.0 , 0.7 , 0.0 , 0.0 , 68.4 , 34.1 , 47.6 , 84.6 , 86.7 , 85.5 , 39.3 
242,김민수,23K, 138.1 , 14 , 13.0 , 138.1 , 123.8 , 121.0 , 125.5 , 124.9 ,  ,  ,  , 45.5 , 19.8 , 27.2 , 2.0 , 5.4 , 0.0 , 0.0 , 0.0 , 66.0 , 25.2 , 45.3 , 93.9 , 80.8 , 90.2 , 49.3 
243,최원준,23두, 137.9 , 26 , 107.2 , 137.9 , 127.3 , 112.9 , 122.9 , 121.4 ,  ,  ,  , 53.0 , 29.9 , 10.2 , 5.7 , 1.2 , 0.0 , 0.0 , 0.0 , 70.8 , 27.7 , 47.6 , 88.2 , 71.1 , 82.9 , 46.2 
,윤정현,23키, 137.9 , 5 , 6.0 , 137.9 , 125.9 , 116.0 , 129.0 ,  , 134.3 ,  ,  , 6.9 , 38.2 , 1.0 , 1.0 , 0.0 , 52.9 , 0.0 , 0.0 , 68.8 , 21.1 , 35.9 , 95.5 , 73.3 , 86.5 , 31.1 
245,서동민,23S, 137.8 , 2 , 1.0 , 137.8 , 126.9 ,  , 125.0 ,  ,  ,  ,  , 21.7 , 73.9 , 0.0 , 4.3 , 0.0 , 0.0 , 0.0 , 0.0 , 87.5 , 6.7 , 34.8 , 71.4 , 0.0 , 62.5 , 34.8 
,김시현,23삼, 137.8 , 2 , 3.0 , 137.8 , 128.4 ,  , 130.8 , 133.3 ,  ,  ,  , 48.1 , 22.8 , 0.0 , 25.3 , 3.8 , 0.0 , 0.0 , 0.0 , 70.6 , 20.0 , 41.8 , 87.5 , 77.8 , 84.8 , 43.0 
247,신정락,23롯, 137.7 , 34 , 29.0 , 137.7 , 120.4 , 118.0 , 123.0 ,  , 123.0 ,  ,  , 47.3 , 1.7 , 34.0 , 16.9 , 0.0 , 0.2 , 0.0 , 0.0 , 62.8 , 25.3 , 40.3 , 85.0 , 73.6 , 80.7 , 40.1 
248,윤영철,23K, 137.6 , 25 , 122.2 , 137.6 , 128.3 , 117.9 , 126.2 , 121.0 , 126.0 ,  ,  , 41.4 , 32.2 , 3.6 , 22.7 , 0.0 , 0.0 , 0.0 , 0.0 , 64.1 , 29.9 , 43.9 , 89.4 , 67.1 , 80.4 , 40.8 
,최채흥,23삼, 137.6 , 15 , 63.1 , 137.6 , 128.4 , 109.7 , 122.1 ,  ,  ,  ,  , 37.9 , 35.2 , 6.4 , 20.5 , 0.0 , 0.0 , 0.0 , 0.0 , 66.0 , 31.3 , 47.1 , 89.7 , 77.4 , 85.3 , 45.6 
250,이종민,23키, 137.4 , 11 , 13.2 , 137.4 , 127.5 , 116.1 , 123.8 ,  ,  ,  ,  , 65.9 , 12.8 , 7.5 , 13.8 , 0.0 , 0.0 , 0.0 , 0.0 , 65.9 , 27.7 , 43.8 , 90.6 , 71.4 , 83.6 , 42.2 
251,최성영,23N, 137.3 , 18 , 66.2 , 137.3 , 125.6 , 114.0 , 124.6 ,  ,  ,  ,  , 46.6 , 28.2 , 0.1 , 25.2 , 0.0 , 0.0 , 0.0 , 0.0 , 63.9 , 26.1 , 42.8 , 87.5 , 71.5 , 82.1 , 44.2 
,이상민,23삼, 137.3 , 23 , 18.0 , 137.3 , 125.5 , 113.7 , 128.2 ,  ,  ,  ,  , 39.3 , 36.8 , 10.1 , 13.8 , 0.0 , 0.0 , 0.0 , 0.0 , 63.2 , 30.6 , 45.0 , 86.8 , 67.9 , 79.6 , 44.0 
253,임기영,23K, 137.2 , 64 , 82.0 , 137.2 , 128.9 , 118.0 , 125.0 ,  , 135.7 ,  ,  , 29.4 , 17.2 , 0.1 , 39.9 , 0.0 , 13.4 , 0.0 , 0.0 , 65.4 , 36.7 , 48.1 , 87.9 , 63.5 , 76.7 , 39.6 
,윤석원,23키, 137.2 , 21 , 24.0 , 137.2 , 125.8 , 117.2 , 128.5 ,  ,  ,  ,  , 46.5 , 28.8 , 24.2 , 0.5 , 0.0 , 0.0 , 0.0 , 0.0 , 69.0 , 23.5 , 45.0 , 94.1 , 84.6 , 91.5 , 47.1 
255,최성훈,23L, 137.1 , 5 , 3.0 , 137.1 , 128.1 , 117.0 ,  ,  , 132.5 ,  ,  , 34.8 , 59.1 , 3.0 , 0.0 , 0.0 , 3.0 , 0.0 , 0.0 , 77.4 , 25.7 , 50.0 , 91.7 , 55.6 , 81.8 , 47.0 
256,장원준,23두, 136.9 , 11 , 41.0 , 136.9 , 127.3 , 118.4 , 126.5 ,  , 135.8 ,  ,  , 6.7 , 34.3 , 3.6 , 17.3 , 0.0 , 38.2 , 0.0 , 0.0 , 63.0 , 29.3 , 43.4 , 89.0 , 70.9 , 81.9 , 41.9 
,허윤동,23삼, 136.9 , 7 , 10.2 , 136.9 , 130.0 , 118.1 , 128.0 , 126.4 ,  ,  ,  , 56.0 , 31.6 , 3.1 , 0.4 , 8.9 , 0.0 , 0.0 , 0.0 , 67.4 , 27.3 , 43.0 , 90.0 , 57.9 , 77.6 , 39.0 
258,김대유,23K, 136.8 , 41 , 24.2 , 136.8 , 127.3 , 118.1 , 126.8 ,  , 133.7 ,  ,  , 49.9 , 28.0 , 17.3 , 2.6 , 0.0 , 2.2 , 0.0 , 0.0 , 60.1 , 28.8 , 43.0 , 81.6 , 72.2 , 78.2 , 45.4 
,변시원,23키, 136.8 , 4 , 2.1 , 136.8 , 121.1 ,  , 130.0 , 128.0 , 136.7 ,  ,  , 67.6 , 22.1 , 0.0 , 2.9 , 2.9 , 4.4 , 0.0 , 0.0 , 75.0 , 18.2 , 38.2 , 83.3 , 62.5 , 76.9 , 35.3 
260,조현우,23K, 136.7 , 5 , 3.0 , 136.7 , 124.3 ,  ,  ,  ,  ,  ,  , 49.2 , 50.8 , 0.0 , 0.0 , 0.0 , 0.0 , 0.0 , 0.0 , 63.6 , 16.7 , 41.3 , 85.7 , 100.0 , 88.5 , 52.4 
261,박종훈,23S, 136.4 , 18 , 80.0 , 136.4 ,  , 121.7 , 124.7 ,  , 132.4 ,  ,  , 3.5 , 0.0 , 30.2 , 1.1 , 0.0 , 65.1 , 0.0 , 0.0 , 60.4 , 21.2 , 37.6 , 90.3 , 77.9 , 86.3 , 42.0 
262,백정현,23삼, 136.3 , 18 , 100.2 , 136.3 , 124.9 , 118.8 , 124.7 ,  , 132.0 ,  ,  , 40.2 , 30.7 , 5.6 , 22.5 , 0.0 , 1.0 , 0.0 , 0.0 , 66.7 , 28.8 , 45.8 , 89.3 , 68.0 , 81.9 , 44.8 
263,김태오,23K, 136.1 , 5 , 7.1 , 136.1 , 127.9 , 119.0 , 123.8 ,  , 134.5 ,  ,  , 37.3 , 15.5 , 2.8 , 11.3 , 0.0 , 33.1 , 0.0 , 0.0 , 68.6 , 27.5 , 42.3 , 97.1 , 76.0 , 88.3 , 35.9 
264,김유신,23K, 135.9 , 27 , 30.1 , 135.9 , 125.8 , 110.4 , 126.1 ,  ,  ,  ,  , 58.6 , 17.0 , 13.5 , 10.9 , 0.0 , 0.0 , 0.0 , 0.0 , 64.8 , 26.6 , 43.3 , 87.6 , 79.0 , 84.6 , 43.6 
,장민재,23한, 135.9 , 25 , 69.0 , 135.9 , 126.0 , 113.8 , 128.0 , 124.4 ,  ,  ,  , 40.9 , 4.3 , 9.8 , 0.1 , 44.9 , 0.0 , 0.0 , 0.0 , 62.4 , 28.4 , 43.4 , 86.7 , 59.9 , 76.9 , 44.1 
266,우규민,23삼, 135.8 , 56 , 43.0 , 135.8 , 127.8 , 116.9 , 123.4 ,  , 137.5 ,  ,  , 36.1 , 22.1 , 38.5 , 3.0 , 0.0 , 0.3 , 0.0 , 0.0 , 71.4 , 32.2 , 49.9 , 88.2 , 69.8 , 81.7 , 45.3 
,고봉재,23두, 135.8 , 10 , 11.1 , 135.8 , 119.7 , 116.6 , 123.9 ,  , 134.1 ,  ,  , 44.4 , 8.8 , 2.3 , 14.4 , 0.0 , 30.1 , 0.0 , 0.0 , 64.0 , 28.2 , 40.6 , 97.9 , 82.5 , 90.9 , 34.6 
268,이선우,23K, 135.5 , 22 , 37.1 , 135.5 , 120.4 , 111.0 , 124.4 ,  , 133.7 ,  ,  , 12.6 , 31.2 , 0.9 , 13.0 , 0.0 , 42.3 , 0.0 , 0.0 , 62.5 , 27.0 , 44.1 , 94.9 , 73.2 , 88.1 , 48.4 
269,이채호,23K, 135.4 , 25 , 24.2 , 135.4 ,  , 117.4 , 123.8 ,  ,  ,  ,  , 56.7 , 0.0 , 35.8 , 7.5 , 0.0 , 0.0 , 0.0 , 0.0 , 68.6 , 27.9 , 46.2 , 90.0 , 85.0 , 88.3 , 44.9 
270,송윤준,23한, 135.1 , 4 , 4.1 , 135.1 , 113.0 ,  , 116.5 ,  ,  ,  ,  , 10.1 , 2.9 , 0.0 , 87.0 , 0.0 , 0.0 , 0.0 , 0.0 , 56.3 , 27.0 , 40.6 , 77.8 , 60.0 , 71.4 , 46.4 
271,고영표,23K, 134.6 , 28 , 174.2 , 134.6 , 124.6 , 113.4 , 116.5 ,  , 134.4 ,  ,  , 25.2 , 2.2 , 14.3 , 37.8 , 0.0 , 20.6 , 0.0 , 0.0 , 65.4 , 41.6 , 52.6 , 88.4 , 67.3 , 79.5 , 46.4 
272,정우람,23한, 133.9 , 52 , 40.1 , 133.9 , 123.1 , 110.3 , 118.4 ,  , 128.1 ,  ,  , 51.5 , 14.4 , 0.5 , 25.1 , 0.0 , 8.4 , 0.0 , 0.0 , 69.3 , 27.9 , 45.8 , 85.2 , 80.2 , 83.5 , 43.3 
,홍성민,23키, 133.9 , 2 , 2.0 , 133.9 ,  ,  , 118.2 , 114.4 , 131.0 ,  ,  , 38.8 , 0.0 , 0.0 , 40.8 , 14.3 , 6.1 , 0.0 , 0.0 , 70.6 , 21.9 , 38.8 , 100.0 , 85.7 , 94.7 , 34.7 
274,김동혁,23키, 133.8 , 35 , 39.1 , 133.8 ,  , 116.4 , 121.2 ,  , 131.9 ,  ,  , 26.5 , 0.0 , 5.0 , 40.1 , 0.0 , 28.4 , 0.0 , 0.0 , 67.6 , 31.5 , 46.1 , 90.3 , 76.3 , 84.6 , 40.4 
275,박민호,23S, 133.4 , 10 , 10.0 , 133.4 , 124.1 , 114.0 , 124.0 ,  , 133.5 ,  ,  , 51.8 , 35.4 , 1.8 , 8.5 , 0.0 , 2.4 , 0.0 , 0.0 , 73.0 , 26.9 , 47.3 , 96.3 , 76.0 , 89.9 , 44.3 
276,김대우,23삼, 132.9 , 44 , 64.0 , 132.9 , 122.3 , 119.9 , 127.0 ,  , 130.6 ,  ,  , 34.2 , 33.7 , 11.7 , 0.1 , 0.0 , 20.3 , 0.0 , 0.0 , 70.8 , 25.6 , 47.0 , 84.6 , 76.7 , 82.3 , 47.4 
277,최하늘,23삼, 132.8 , 3 , 6.1 , 132.8 , 124.0 , 116.0 , 120.2 ,  ,  ,  ,  , 39.9 , 16.9 , 2.0 , 41.2 , 0.0 , 0.0 , 0.0 , 0.0 , 73.3 , 23.3 , 43.3 , 93.2 , 76.2 , 87.7 , 40.0 
278,정찬헌,23키,  , 14 , 72.0 ,  , 128.4 , 113.9 ,  , 126.4 , 134.5 ,  ,  , 0.0 , 23.3 , 22.7 , 0.0 , 18.9 , 35.1 , 0.0 , 0.0 , 60.8 , 26.8 , 43.5 , 94.7 , 75.7 , 88.7 , 49.3 
,요키시,23키,  , 12 , 65.2 ,  , 135.7 , 124.4 , 132.6 ,  , 142.0 ,  ,  , 0.0 , 7.1 , 26.0 , 18.6 , 0.0 , 48.4 , 0.0 , 0.0 , 63.4 , 35.4 , 46.9 , 89.9 , 69.9 , 81.0 , 41.2 
,박준표,23K,  , 33 , 28.0 ,  ,  , 118.0 ,  , 134.7 , 140.8 ,  ,  , 0.0 , 0.0 , 19.7 , 0.0 , 7.3 , 73.1 , 0.0 , 0.0 , 62.6 , 32.0 , 45.5 , 96.5 , 79.7 , 89.9 , 44.1 
,송은범,23L,  , 4 , 3.2 ,  , 134.9 , 115.6 ,  ,  , 140.9 ,  ,  , 0.0 , 27.8 , 9.3 , 0.0 , 0.0 , 63.0 , 0.0 , 0.0 , 70.0 , 23.5 , 40.7 , 85.7 , 62.5 , 77.3 , 37.0 
,하준수,23N,  , 1 , 1.0 ,  , 132.3 ,  ,  ,  , 144.1 ,  ,  , 0.0 , 12.1 , 0.0 , 0.0 , 0.0 , 87.9 , 0.0 , 0.0 , 57.1 , 31.6 , 42.4 , 62.5 , 83.3 , 71.4 , 42.4 
,양현,23키,  , 54 , 57.0 ,  ,  , 118.7 , 121.0 ,  , 129.2 ,  ,  , 0.0 , 0.0 , 42.4 , 0.1 , 0.0 , 57.4 , 0.0 , 0.0 , 68.3 , 30.5 , 46.4 , 94.1 , 82.5 , 89.7 , 42.2 
,이인복,23롯,  , 10 , 33.1 ,  , 130.4 , 113.7 ,  , 130.5 , 140.6 ,  ,  , 0.0 , 14.9 , 5.7 , 0.0 , 29.1 , 50.3 , 0.0 , 0.0 , 66.1 , 36.6 , 48.3 , 95.8 , 75.9 , 86.6 , 39.5 
,정우영,23L,  , 60 , 51.2 ,  , 135.7 , 130.8 ,  , 138.5 , 148.9 ,  ,  , 0.0 , 19.6 , 1.3 , 0.0 , 1.4 , 77.8 , 0.0 , 0.0 , 57.7 , 20.7 , 37.8 , 94.0 , 73.1 , 87.9 , 46.3 