순,이름,팀/포지션,정렬용,출장,이닝,도루,도실,도루%,도루기회,도루시도%,도루상황2,도루상황3,도루상황4,도실상황2,도실상황3,도실상황4,도루%상황2,도루%상황3,도루%상황4,견제아웃,무도,보크,포일,폭투
1,최원태,23키L, 27 , 26 , 146.2 , 27 , 7 , 79.4 , 219 , 15.5 , 26 , 0 , 1 , 7 , 0 , 0 , 78.8 ,  , 100.0 , 0 , 0 , 0 , 0 , 6 
2,박종훈,23S, 23 , 18 , 80.0 , 23 , 5 , 82.1 , 163 , 17.2 , 21 , 1 , 1 , 4 , 0 , 1 , 84.0 , 100.0 , 50.0 , 1 , 0 , 0 , 0 , 2 
3,와이드너,23N삼, 21 , 21 , 115.0 , 21 , 1 , 95.5 , 172 , 12.8 , 21 , 0 , 0 , 1 , 0 , 0 , 95.5 ,  ,  , 0 , 0 , 0 , 1 , 3 
4,페디,23N, 20 , 30 , 180.1 , 20 , 10 , 66.7 , 214 , 14.0 , 20 , 0 , 0 , 9 , 1 , 0 , 69.0 , 0.0 ,  , 1 , 0 , 0 , 1 , 5 
,켈리,23L, 20 , 30 , 178.2 , 20 , 2 , 90.9 , 248 , 8.9 , 19 , 1 , 0 , 2 , 0 , 0 , 90.5 , 100.0 ,  , 1 , 0 , 0 , 1 , 6 
,오원석,23S, 20 , 28 , 144.2 , 20 , 9 , 69.0 , 263 , 11.0 , 18 , 2 , 0 , 7 , 0 , 2 , 72.0 , 100.0 , 0.0 , 0 , 0 , 0 , 2 , 11 
7,고영표,23K, 19 , 28 , 174.2 , 19 , 8 , 70.4 , 236 , 11.4 , 17 , 2 , 0 , 7 , 1 , 0 , 70.8 , 66.7 ,  , 4 , 0 , 0 , 0 , 6 
8,한현희,23롯, 18 , 38 , 104.0 , 18 , 6 , 75.0 , 185 , 13.0 , 17 , 1 , 0 , 5 , 1 , 0 , 77.3 , 50.0 ,  , 1 , 0 , 0 , 0 , 6 
9,정우영,23L, 17 , 60 , 51.2 , 17 , 1 , 94.4 , 111 , 16.2 , 13 , 4 , 0 , 1 , 0 , 0 , 92.9 , 100.0 ,  , 0 , 0 , 1 , 2 , 2 
10,후라도,23키, 16 , 30 , 183.2 , 16 , 3 , 84.2 , 262 , 7.3 , 15 , 1 , 0 , 3 , 0 , 0 , 83.3 , 100.0 ,  , 1 , 0 , 0 , 2 , 5 
,페냐,23한, 16 , 32 , 177.1 , 16 , 6 , 72.7 , 257 , 8.6 , 14 , 1 , 1 , 6 , 0 , 0 , 70.0 , 100.0 , 100.0 , 0 , 0 , 4 , 1 , 16 
12,박세웅,23롯, 15 , 27 , 154.0 , 15 , 5 , 75.0 , 238 , 8.4 , 15 , 0 , 0 , 5 , 0 , 0 , 75.0 ,  ,  , 0 , 0 , 0 , 2 , 10 
13,엄상백,23K, 14 , 20 , 111.2 , 14 , 0 , 100.0 , 136 , 10.3 , 14 , 0 , 0 , 0 , 0 , 0 , 100.0 ,  ,  , 3 , 0 , 0 , 0 , 1 
14,쿠에바스,23K, 13 , 18 , 114.1 , 13 , 0 , 100.0 , 131 , 9.9 , 13 , 0 , 0 , 0 , 0 , 0 , 100.0 ,  ,  , 1 , 0 , 0 , 0 , 5 
,김광현,23S, 13 , 30 , 168.1 , 13 , 11 , 54.2 , 265 , 9.1 , 10 , 3 , 0 , 9 , 2 , 0 , 52.6 , 60.0 ,  , 0 , 0 , 0 , 3 , 5 
16,벤자민,23K, 12 , 29 , 160.0 , 12 , 0 , 100.0 , 226 , 5.3 , 8 , 4 , 0 , 0 , 0 , 0 , 100.0 , 100.0 ,  , 0 , 0 , 0 , 1 , 11 
17,서진용,23S, 11 , 69 , 72.2 , 11 , 0 , 100.0 , 127 , 8.7 , 11 , 0 , 0 , 0 , 0 , 0 , 100.0 ,  ,  , 0 , 0 , 0 , 0 , 5 
,윤영철,23K, 11 , 25 , 122.2 , 11 , 4 , 73.3 , 188 , 8.0 , 11 , 0 , 0 , 3 , 1 , 0 , 78.6 , 0.0 ,  , 0 , 0 , 1 , 0 , 4 
,정찬헌,23키, 11 , 14 , 72.0 , 11 , 4 , 73.3 , 95 , 15.8 , 11 , 0 , 0 , 4 , 0 , 0 , 73.3 ,  ,  , 0 , 0 , 0 , 1 , 0 
,장재영,23키, 11 , 23 , 71.2 , 11 , 7 , 61.1 , 157 , 11.5 , 9 , 2 , 0 , 6 , 0 , 1 , 60.0 , 100.0 , 0.0 , 0 , 0 , 2 , 1 , 8 
21,임찬규,23L, 10 , 30 , 144.2 , 10 , 3 , 76.9 , 234 , 5.6 , 8 , 2 , 0 , 2 , 1 , 0 , 80.0 , 66.7 ,  , 1 , 1 , 1 , 1 , 1 
,산체스,23한, 10 , 24 , 126.0 , 10 , 2 , 83.3 , 187 , 6.4 , 9 , 1 , 0 , 1 , 1 , 0 , 90.0 , 50.0 ,  , 1 , 0 , 0 , 1 , 3 
,나균안,23롯, 10 , 23 , 130.1 , 10 , 1 , 90.9 , 206 , 5.3 , 9 , 0 , 1 , 1 , 0 , 0 , 90.0 ,  , 100.0 , 0 , 0 , 0 , 1 , 6 
,파노니,23K, 10 , 16 , 82.1 , 10 , 2 , 83.3 , 122 , 9.8 , 7 , 3 , 0 , 2 , 0 , 0 , 77.8 , 100.0 ,  , 1 , 0 , 0 , 0 , 0 
,하준영,23N, 10 , 57 , 49.0 , 10 , 4 , 71.4 , 77 , 18.2 , 8 , 2 , 0 , 4 , 0 , 0 , 66.7 , 100.0 ,  , 1 , 0 , 0 , 0 , 0 
26,엘리아스,23S, 9 , 22 , 131.1 , 9 , 5 , 64.3 , 192 , 7.3 , 9 , 0 , 0 , 4 , 0 , 1 , 69.2 ,  , 0.0 , 4 , 0 , 0 , 2 , 0 
,손동현,23K, 9 , 64 , 73.2 , 9 , 1 , 90.0 , 101 , 9.9 , 8 , 1 , 0 , 1 , 0 , 0 , 88.9 , 100.0 ,  , 2 , 0 , 0 , 0 , 2 
,이의리,23K, 9 , 28 , 131.2 , 9 , 2 , 81.8 , 236 , 4.7 , 8 , 1 , 0 , 2 , 0 , 0 , 80.0 , 100.0 ,  , 0 , 0 , 0 , 1 , 10 
,배제성,23K, 9 , 26 , 130.1 , 9 , 4 , 69.2 , 247 , 5.3 , 9 , 0 , 0 , 4 , 0 , 0 , 69.2 ,  ,  , 0 , 0 , 1 , 0 , 9 
,김대우,23삼, 9 , 44 , 64.0 , 9 , 6 , 60.0 , 98 , 15.3 , 8 , 1 , 0 , 6 , 0 , 0 , 57.1 , 100.0 ,  , 0 , 0 , 0 , 0 , 1 
,이명종,23키, 9 , 45 , 57.0 , 9 , 1 , 90.0 , 101 , 9.9 , 6 , 3 , 0 , 1 , 0 , 0 , 85.7 , 100.0 ,  , 0 , 0 , 0 , 0 , 0 
,문성현,23키, 9 , 32 , 28.1 , 9 , 0 , 100.0 , 56 , 16.1 , 8 , 1 , 0 , 0 , 0 , 0 , 100.0 , 100.0 ,  , 0 , 0 , 0 , 0 , 2 
33,플럿코,23L, 8 , 21 , 123.1 , 8 , 3 , 72.7 , 169 , 6.5 , 8 , 0 , 0 , 2 , 1 , 0 , 80.0 , 0.0 ,  , 0 , 0 , 0 , 0 , 2 
,노경은,23S, 8 , 76 , 83.0 , 8 , 3 , 72.7 , 126 , 8.7 , 8 , 0 , 0 , 3 , 0 , 0 , 72.7 ,  ,  , 0 , 0 , 0 , 0 , 8 
,최지민,23K, 8 , 58 , 59.1 , 8 , 2 , 80.0 , 91 , 11.0 , 6 , 2 , 0 , 2 , 0 , 0 , 75.0 , 100.0 ,  , 1 , 0 , 0 , 1 , 5 
,김원중,23롯, 8 , 63 , 63.2 , 8 , 4 , 66.7 , 88 , 13.6 , 7 , 1 , 0 , 4 , 0 , 0 , 63.6 , 100.0 ,  , 0 , 0 , 0 , 0 , 3 
,송명기,23N, 8 , 35 , 104.1 , 8 , 5 , 61.5 , 185 , 7.0 , 7 , 1 , 0 , 5 , 0 , 0 , 58.3 , 100.0 ,  , 0 , 0 , 0 , 0 , 6 
,장민재,23한, 8 , 25 , 69.0 , 8 , 3 , 72.7 , 108 , 10.2 , 8 , 0 , 0 , 3 , 0 , 0 , 72.7 ,  ,  , 0 , 0 , 0 , 0 , 5 
,김태훈,23키삼, 8 , 71 , 63.1 , 8 , 3 , 72.7 , 125 , 8.8 , 6 , 2 , 0 , 1 , 1 , 1 , 85.7 , 66.7 , 0.0 , 0 , 0 , 0 , 0 , 1 
40,임기영,23K, 7 , 64 , 82.0 , 7 , 1 , 87.5 , 83 , 9.6 , 6 , 1 , 0 , 1 , 0 , 0 , 85.7 , 100.0 ,  , 0 , 0 , 0 , 0 , 1 
,이태양,23한, 7 , 50 , 100.1 , 7 , 2 , 77.8 , 144 , 6.3 , 7 , 0 , 0 , 2 , 0 , 0 , 77.8 ,  ,  , 0 , 0 , 0 , 0 , 1 
,유영찬,23L, 7 , 67 , 68.0 , 7 , 1 , 87.5 , 114 , 7.0 , 7 , 0 , 0 , 0 , 1 , 0 , 100.0 , 0.0 ,  , 0 , 0 , 0 , 0 , 8 
,김성진,23키, 7 , 55 , 47.0 , 7 , 1 , 87.5 , 68 , 11.8 , 7 , 0 , 0 , 1 , 0 , 0 , 87.5 ,  ,  , 0 , 0 , 0 , 1 , 0 
,한승주,23한, 7 , 47 , 70.2 , 7 , 2 , 77.8 , 125 , 7.2 , 6 , 1 , 0 , 2 , 0 , 0 , 75.0 , 100.0 ,  , 1 , 0 , 0 , 0 , 5 
,최민준,23S, 7 , 53 , 60.0 , 7 , 3 , 70.0 , 99 , 10.1 , 5 , 1 , 1 , 1 , 1 , 1 , 83.3 , 50.0 , 50.0 , 0 , 0 , 0 , 1 , 2 
,이건욱,23S, 7 , 27 , 38.2 , 7 , 1 , 87.5 , 67 , 11.9 , 6 , 1 , 0 , 1 , 0 , 0 , 85.7 , 100.0 ,  , 0 , 0 , 0 , 1 , 2 
,최성영,23N, 7 , 18 , 66.2 , 7 , 3 , 70.0 , 119 , 8.4 , 7 , 0 , 0 , 3 , 0 , 0 , 70.0 ,  ,  , 0 , 0 , 0 , 0 , 1 
,맥키니,23키, 7 , 12 , 59.1 , 7 , 5 , 58.3 , 99 , 12.1 , 7 , 0 , 0 , 5 , 0 , 0 , 58.3 ,  ,  , 1 , 0 , 1 , 0 , 3 
,홍정우,23삼, 7 , 36 , 36.0 , 7 , 0 , 100.0 , 68 , 10.3 , 7 , 0 , 0 , 0 , 0 , 0 , 100.0 ,  ,  , 0 , 0 , 0 , 1 , 2 
50,알칸타라,23두, 6 , 31 , 192.0 , 6 , 4 , 60.0 , 235 , 4.3 , 6 , 0 , 0 , 3 , 0 , 1 , 66.7 ,  , 0.0 , 2 , 0 , 0 , 0 , 3 
,안우진,23키, 6 , 24 , 150.2 , 6 , 1 , 85.7 , 183 , 3.8 , 6 , 0 , 0 , 1 , 0 , 0 , 85.7 ,  ,  , 0 , 0 , 0 , 0 , 8 
,브랜든,23두, 6 , 18 , 104.2 , 6 , 2 , 75.0 , 134 , 6.0 , 6 , 0 , 0 , 2 , 0 , 0 , 75.0 ,  ,  , 0 , 0 , 0 , 1 , 3 
,최준용,23롯, 6 , 47 , 47.2 , 6 , 1 , 85.7 , 78 , 9.0 , 5 , 1 , 0 , 1 , 0 , 0 , 83.3 , 100.0 ,  , 0 , 0 , 0 , 1 , 1 
,홍건희,23두, 6 , 64 , 61.2 , 6 , 0 , 100.0 , 98 , 6.1 , 6 , 0 , 0 , 0 , 0 , 0 , 100.0 ,  ,  , 0 , 0 , 0 , 2 , 8 
,스트레일리,23롯, 6 , 16 , 80.1 , 6 , 3 , 66.7 , 142 , 6.3 , 6 , 0 , 0 , 3 , 0 , 0 , 66.7 ,  ,  , 0 , 0 , 0 , 1 , 4 
,이재학,23N, 6 , 15 , 67.1 , 6 , 4 , 60.0 , 98 , 10.2 , 6 , 0 , 0 , 4 , 0 , 0 , 60.0 ,  ,  , 0 , 0 , 0 , 0 , 7 
,요키시,23키, 6 , 12 , 65.2 , 6 , 3 , 66.7 , 119 , 7.6 , 5 , 1 , 0 , 3 , 0 , 0 , 62.5 , 100.0 ,  , 0 , 0 , 0 , 1 , 1 
,김기중,23한, 6 , 37 , 56.1 , 6 , 6 , 50.0 , 99 , 12.1 , 6 , 0 , 0 , 5 , 0 , 1 , 54.6 ,  , 0.0 , 0 , 0 , 0 , 0 , 2 
,김시훈,23N, 6 , 61 , 52.2 , 6 , 2 , 75.0 , 102 , 7.8 , 6 , 0 , 0 , 2 , 0 , 0 , 75.0 ,  ,  , 0 , 0 , 0 , 0 , 3 
,이로운,23S, 6 , 50 , 57.2 , 6 , 4 , 60.0 , 101 , 9.9 , 6 , 0 , 0 , 4 , 0 , 0 , 60.0 ,  ,  , 0 , 0 , 0 , 0 , 3 
,김기훈,23K, 6 , 29 , 31.1 , 6 , 2 , 75.0 , 75 , 10.7 , 6 , 0 , 0 , 2 , 0 , 0 , 75.0 ,  ,  , 0 , 0 , 1 , 0 , 5 
,김동규,23L키, 6 , 4 , 4.1 , 6 , 1 , 85.7 , 21 , 33.3 , 5 , 0 , 1 , 0 , 1 , 0 , 100.0 , 0.0 , 100.0 , 0 , 0 , 0 , 0 , 4 
,메디나,23K, 6 , 12 , 58.0 , 6 , 2 , 75.0 , 108 , 7.4 , 4 , 1 , 1 , 2 , 0 , 0 , 66.7 , 100.0 , 100.0 , 0 , 0 , 1 , 0 , 5 
64,반즈,23롯, 5 , 30 , 170.1 , 5 , 9 , 35.7 , 270 , 5.2 , 4 , 1 , 0 , 7 , 2 , 0 , 36.4 , 33.3 ,  , 0 , 0 , 0 , 2 , 7 
,원태인,23삼, 5 , 26 , 150.0 , 5 , 2 , 71.4 , 215 , 3.3 , 4 , 1 , 0 , 2 , 0 , 0 , 66.7 , 100.0 ,  , 3 , 0 , 2 , 1 , 6 
,함덕주,23L, 5 , 57 , 55.2 , 5 , 1 , 83.3 , 67 , 9.0 , 3 , 1 , 1 , 1 , 0 , 0 , 75.0 , 100.0 , 100.0 , 0 , 0 , 0 , 0 , 0 
,전상현,23K, 5 , 64 , 58.2 , 5 , 1 , 83.3 , 90 , 6.7 , 4 , 1 , 0 , 0 , 1 , 0 , 100.0 , 50.0 ,  , 0 , 0 , 0 , 2 , 3 
,최승용,23두, 5 , 34 , 111.0 , 5 , 4 , 55.6 , 174 , 5.2 , 5 , 0 , 0 , 4 , 0 , 0 , 55.6 ,  ,  , 0 , 0 , 0 , 1 , 3 
,신민혁,23N, 5 , 29 , 122.0 , 5 , 2 , 71.4 , 167 , 4.2 , 5 , 0 , 0 , 2 , 0 , 0 , 71.4 ,  ,  , 0 , 0 , 0 , 0 , 3 
,이우찬,23L, 5 , 38 , 38.1 , 5 , 3 , 62.5 , 60 , 13.3 , 5 , 0 , 0 , 3 , 0 , 0 , 62.5 ,  ,  , 1 , 0 , 1 , 0 , 2 
,김범수,23한, 5 , 76 , 62.1 , 5 , 3 , 62.5 , 117 , 6.8 , 5 , 0 , 0 , 3 , 0 , 0 , 62.5 ,  ,  , 0 , 0 , 0 , 0 , 4 
,최원준,23두, 5 , 26 , 107.2 , 5 , 6 , 45.5 , 158 , 7.0 , 3 , 2 , 0 , 6 , 0 , 0 , 33.3 , 100.0 ,  , 4 , 0 , 0 , 1 , 1 
,앤더슨,23K, 5 , 14 , 79.0 , 5 , 1 , 83.3 , 120 , 5.0 , 5 , 0 , 0 , 1 , 0 , 0 , 83.3 ,  ,  , 0 , 0 , 0 , 2 , 10 
,박상원,23한, 5 , 55 , 61.2 , 5 , 0 , 100.0 , 114 , 4.4 , 4 , 1 , 0 , 0 , 0 , 0 , 100.0 , 100.0 ,  , 0 , 0 , 0 , 2 , 2 
,백승건,23S, 5 , 25 , 38.0 , 5 , 3 , 62.5 , 57 , 14.0 , 4 , 1 , 0 , 3 , 0 , 0 , 57.1 , 100.0 ,  , 0 , 0 , 0 , 0 , 0 
,김대유,23K, 5 , 41 , 24.2 , 5 , 2 , 71.4 , 42 , 16.7 , 5 , 0 , 0 , 2 , 0 , 0 , 71.4 ,  ,  , 0 , 0 , 0 , 0 , 0 
,임정호,23N, 5 , 65 , 50.0 , 5 , 0 , 100.0 , 84 , 6.0 , 4 , 1 , 0 , 0 , 0 , 0 , 100.0 , 100.0 ,  , 1 , 0 , 1 , 1 , 4 
,김선기,23키, 5 , 17 , 43.2 , 5 , 2 , 71.4 , 80 , 8.8 , 5 , 0 , 0 , 1 , 1 , 0 , 83.3 , 0.0 ,  , 0 , 0 , 1 , 0 , 0 
,양창섭,23삼, 5 , 15 , 28.2 , 5 , 2 , 71.4 , 56 , 12.5 , 5 , 0 , 0 , 2 , 0 , 0 , 71.4 ,  ,  , 0 , 0 , 0 , 0 , 2 
,이인복,23롯, 5 , 10 , 33.1 , 5 , 2 , 71.4 , 84 , 8.3 , 5 , 0 , 0 , 1 , 1 , 0 , 83.3 , 0.0 ,  , 0 , 0 , 0 , 0 , 4 
,김동혁,23키, 5 , 35 , 39.1 , 5 , 0 , 100.0 , 87 , 5.8 , 4 , 1 , 0 , 0 , 0 , 0 , 100.0 , 100.0 ,  , 0 , 0 , 2 , 0 , 0 
82,김진성,23L, 4 , 80 , 70.1 , 4 , 2 , 66.7 , 68 , 8.8 , 2 , 2 , 0 , 2 , 0 , 0 , 50.0 , 100.0 ,  , 0 , 0 , 0 , 0 , 0 
,김재윤,23K, 4 , 59 , 65.2 , 4 , 0 , 100.0 , 79 , 5.1 , 4 , 0 , 0 , 0 , 0 , 0 , 100.0 ,  ,  , 0 , 0 , 0 , 0 , 3 
,맥카티,23S, 4 , 24 , 130.0 , 4 , 5 , 44.4 , 187 , 4.8 , 3 , 1 , 0 , 4 , 1 , 0 , 42.9 , 50.0 ,  , 0 , 0 , 1 , 0 , 4 
,백정현,23삼, 4 , 18 , 100.2 , 4 , 1 , 80.0 , 144 , 3.5 , 3 , 0 , 1 , 1 , 0 , 0 , 75.0 ,  , 100.0 , 2 , 0 , 1 , 1 , 5 
,임창민,23키, 4 , 51 , 46.2 , 4 , 1 , 80.0 , 78 , 6.4 , 3 , 1 , 0 , 1 , 0 , 0 , 75.0 , 100.0 ,  , 0 , 0 , 0 , 0 , 0 
,김영규,23N, 4 , 63 , 61.2 , 4 , 0 , 100.0 , 74 , 5.4 , 3 , 1 , 0 , 0 , 0 , 0 , 100.0 , 100.0 ,  , 0 , 0 , 2 , 1 , 5 
,정해영,23K, 4 , 52 , 49.1 , 4 , 4 , 50.0 , 83 , 9.6 , 4 , 0 , 0 , 2 , 1 , 1 , 66.7 , 0.0 , 0.0 , 0 , 0 , 0 , 0 , 0 
,수아레즈,23삼, 4 , 19 , 108.0 , 4 , 2 , 66.7 , 197 , 3.1 , 3 , 1 , 0 , 2 , 0 , 0 , 60.0 , 100.0 ,  , 1 , 0 , 0 , 0 , 6 
,윤대경,23한, 4 , 47 , 47.2 , 4 , 3 , 57.1 , 64 , 10.9 , 4 , 0 , 0 , 3 , 0 , 0 , 57.1 ,  ,  , 0 , 0 , 0 , 0 , 2 
,이승현,23삼, 4 , 60 , 60.0 , 4 , 1 , 80.0 , 93 , 5.4 , 4 , 0 , 0 , 0 , 1 , 0 , 100.0 , 0.0 ,  , 0 , 0 , 0 , 0 , 2 
,김윤식,23L, 4 , 17 , 74.2 , 4 , 6 , 40.0 , 121 , 8.3 , 4 , 0 , 0 , 6 , 0 , 0 , 40.0 ,  ,  , 0 , 0 , 0 , 0 , 4 
,고우석,23L, 4 , 44 , 44.0 , 4 , 0 , 100.0 , 68 , 5.9 , 4 , 0 , 0 , 0 , 0 , 0 , 100.0 ,  ,  , 0 , 0 , 0 , 1 , 5 
,이준영,23K, 4 , 64 , 33.2 , 4 , 1 , 80.0 , 61 , 8.2 , 4 , 0 , 0 , 1 , 0 , 0 , 80.0 ,  ,  , 0 , 0 , 0 , 1 , 1 
,이정용,23L, 4 , 37 , 86.2 , 4 , 2 , 66.7 , 145 , 4.1 , 4 , 0 , 0 , 1 , 1 , 0 , 80.0 , 0.0 ,  , 0 , 0 , 0 , 1 , 3 
,이재익,23삼, 4 , 51 , 41.0 , 4 , 2 , 66.7 , 68 , 8.8 , 4 , 0 , 0 , 2 , 0 , 0 , 66.7 ,  ,  , 0 , 0 , 0 , 0 , 3 
,최동환,23L, 4 , 45 , 42.1 , 4 , 1 , 80.0 , 75 , 6.7 , 4 , 0 , 0 , 1 , 0 , 0 , 80.0 ,  ,  , 0 , 0 , 0 , 0 , 0 
,문승원,23S, 4 , 50 , 105.0 , 4 , 2 , 66.7 , 198 , 3.0 , 4 , 0 , 0 , 2 , 0 , 0 , 66.7 ,  ,  , 2 , 0 , 0 , 0 , 3 
,이용준,23N, 4 , 24 , 67.0 , 4 , 3 , 57.1 , 127 , 5.5 , 3 , 0 , 1 , 3 , 0 , 0 , 50.0 ,  , 100.0 , 0 , 0 , 0 , 1 , 1 
,고봉재,23두, 4 , 10 , 11.1 , 4 , 1 , 80.0 , 24 , 20.8 , 4 , 0 , 0 , 1 , 0 , 0 , 80.0 ,  ,  , 0 , 0 , 0 , 0 , 0 
,김건국,23K, 4 , 6 , 16.0 , 4 , 0 , 100.0 , 24 , 16.7 , 4 , 0 , 0 , 0 , 0 , 0 , 100.0 ,  ,  , 0 , 0 , 0 , 0 , 0 
,조이현,23K, 4 , 18 , 35.0 , 4 , 1 , 80.0 , 72 , 6.9 , 4 , 0 , 0 , 0 , 1 , 0 , 100.0 , 0.0 ,  , 0 , 0 , 1 , 0 , 1 
,임준섭,23S, 4 , 41 , 32.2 , 4 , 0 , 100.0 , 70 , 5.7 , 4 , 0 , 0 , 0 , 0 , 0 , 100.0 ,  ,  , 0 , 0 , 0 , 0 , 2 
,남지민,23한, 4 , 16 , 37.2 , 4 , 0 , 100.0 , 89 , 4.5 , 4 , 0 , 0 , 0 , 0 , 0 , 100.0 ,  ,  , 0 , 0 , 0 , 1 , 3 
,김민우,23한, 4 , 12 , 51.2 , 4 , 4 , 50.0 , 96 , 8.3 , 3 , 1 , 0 , 4 , 0 , 0 , 42.9 , 100.0 ,  , 1 , 0 , 0 , 1 , 5 
106,곽빈,23두, 3 , 23 , 127.1 , 3 , 4 , 42.9 , 168 , 4.2 , 3 , 0 , 0 , 4 , 0 , 0 , 42.9 ,  ,  , 1 , 0 , 1 , 1 , 4 
,박영현,23K, 3 , 68 , 75.1 , 3 , 1 , 75.0 , 93 , 4.3 , 3 , 0 , 0 , 1 , 0 , 0 , 75.0 ,  ,  , 0 , 0 , 2 , 1 , 1 
,류진욱,23N, 3 , 70 , 67.0 , 3 , 3 , 50.0 , 90 , 6.7 , 3 , 0 , 0 , 3 , 0 , 0 , 50.0 ,  ,  , 0 , 0 , 0 , 0 , 5 
,김명신,23두, 3 , 70 , 79.0 , 3 , 3 , 50.0 , 114 , 5.3 , 3 , 0 , 0 , 3 , 0 , 0 , 50.0 ,  ,  , 0 , 0 , 0 , 1 , 3 
,구창모,23N, 3 , 11 , 51.2 , 3 , 0 , 100.0 , 63 , 4.8 , 3 , 0 , 0 , 0 , 0 , 0 , 100.0 ,  ,  , 0 , 0 , 0 , 0 , 0 
,박치국,23두, 3 , 62 , 52.2 , 3 , 0 , 100.0 , 86 , 3.5 , 2 , 1 , 0 , 0 , 0 , 0 , 100.0 , 100.0 ,  , 0 , 1 , 0 , 0 , 2 
,심재민,23K롯, 3 , 33 , 47.2 , 3 , 1 , 75.0 , 92 , 4.4 , 3 , 0 , 0 , 1 , 0 , 0 , 75.0 ,  ,  , 0 , 0 , 0 , 1 , 1 
,이상동,23K, 3 , 36 , 40.2 , 3 , 1 , 75.0 , 62 , 6.5 , 3 , 0 , 0 , 1 , 0 , 0 , 75.0 ,  ,  , 0 , 0 , 0 , 0 , 1 
,김규연,23한, 3 , 23 , 19.2 , 3 , 0 , 100.0 , 32 , 9.4 , 3 , 0 , 0 , 0 , 0 , 0 , 100.0 ,  ,  , 0 , 0 , 0 , 1 , 2 
,장현식,23K, 3 , 56 , 51.0 , 3 , 3 , 50.0 , 84 , 7.1 , 3 , 0 , 0 , 1 , 1 , 1 , 75.0 , 0.0 , 0.0 , 0 , 1 , 0 , 1 , 1 
,김도규,23롯, 3 , 36 , 29.2 , 3 , 1 , 75.0 , 50 , 8.0 , 3 , 0 , 0 , 1 , 0 , 0 , 75.0 ,  ,  , 0 , 0 , 0 , 1 , 6 
,박정수,23두, 3 , 25 , 36.2 , 3 , 1 , 75.0 , 69 , 5.8 , 3 , 0 , 0 , 1 , 0 , 0 , 75.0 ,  ,  , 0 , 0 , 0 , 1 , 2 
,박준표,23K, 3 , 33 , 28.0 , 3 , 0 , 100.0 , 44 , 6.8 , 2 , 1 , 0 , 0 , 0 , 0 , 100.0 , 100.0 ,  , 0 , 0 , 0 , 0 , 1 
,최지광,23삼, 3 , 22 , 17.1 , 3 , 0 , 100.0 , 26 , 11.5 , 3 , 0 , 0 , 0 , 0 , 0 , 100.0 ,  ,  , 0 , 0 , 0 , 0 , 0 
,슐서,23K, 3 , 9 , 49.2 , 3 , 1 , 75.0 , 84 , 4.8 , 3 , 0 , 0 , 1 , 0 , 0 , 75.0 ,  ,  , 3 , 0 , 0 , 0 , 2 
,박명근,23L, 3 , 57 , 51.1 , 3 , 0 , 100.0 , 94 , 3.2 , 2 , 1 , 0 , 0 , 0 , 0 , 100.0 , 100.0 ,  , 0 , 0 , 0 , 1 , 1 
,이채호,23K, 3 , 25 , 24.2 , 3 , 1 , 75.0 , 36 , 11.1 , 2 , 1 , 0 , 1 , 0 , 0 , 66.7 , 100.0 ,  , 0 , 0 , 0 , 0 , 1 
,최이준,23롯, 3 , 28 , 29.0 , 3 , 1 , 75.0 , 60 , 6.7 , 3 , 0 , 0 , 1 , 0 , 0 , 75.0 ,  ,  , 0 , 0 , 0 , 0 , 4 
,장원준,23두, 3 , 11 , 41.0 , 3 , 3 , 50.0 , 74 , 8.1 , 3 , 0 , 0 , 3 , 0 , 0 , 50.0 ,  ,  , 0 , 0 , 0 , 1 , 2 
,윤명준,23롯, 3 , 21 , 19.1 , 3 , 1 , 75.0 , 44 , 9.1 , 3 , 0 , 0 , 1 , 0 , 0 , 75.0 ,  ,  , 0 , 0 , 0 , 1 , 5 
,이영하,23두, 3 , 36 , 39.1 , 3 , 1 , 75.0 , 73 , 5.5 , 3 , 0 , 0 , 1 , 0 , 0 , 75.0 ,  ,  , 1 , 0 , 0 , 1 , 2 
,이형범,23두, 3 , 23 , 27.2 , 3 , 0 , 100.0 , 60 , 5.0 , 3 , 0 , 0 , 0 , 0 , 0 , 100.0 ,  ,  , 0 , 0 , 0 , 0 , 2 
,허윤동,23삼, 3 , 7 , 10.2 , 3 , 0 , 100.0 , 32 , 9.4 , 3 , 0 , 0 , 0 , 0 , 0 , 100.0 ,  ,  , 0 , 0 , 0 , 0 , 0 
,송영진,23S, 3 , 17 , 47.1 , 3 , 2 , 60.0 , 94 , 5.3 , 3 , 0 , 0 , 1 , 0 , 1 , 75.0 ,  , 0.0 , 0 , 0 , 2 , 1 , 8 
,이지강,23L, 3 , 22 , 68.0 , 3 , 2 , 60.0 , 117 , 4.3 , 3 , 0 , 0 , 2 , 0 , 0 , 60.0 ,  ,  , 0 , 0 , 0 , 1 , 3 
,한승혁,23한, 3 , 21 , 36.1 , 3 , 3 , 50.0 , 78 , 7.7 , 3 , 0 , 0 , 3 , 0 , 0 , 50.0 ,  ,  , 1 , 0 , 0 , 0 , 4 
,강재민,23한, 3 , 43 , 43.1 , 3 , 3 , 50.0 , 60 , 10.0 , 3 , 0 , 0 , 3 , 0 , 0 , 50.0 ,  ,  , 0 , 0 , 0 , 0 , 0 
,황동하,23K, 3 , 13 , 31.1 , 3 , 2 , 60.0 , 57 , 8.8 , 3 , 0 , 0 , 2 , 0 , 0 , 60.0 ,  ,  , 0 , 0 , 0 , 1 , 1 
,강효종,23L, 3 , 7 , 21.2 , 3 , 1 , 75.0 , 49 , 8.2 , 3 , 0 , 0 , 1 , 0 , 0 , 75.0 ,  ,  , 0 , 0 , 1 , 1 , 0 
,소형준,23K, 3 , 3 , 11.0 , 3 , 0 , 100.0 , 35 , 8.6 , 3 , 0 , 0 , 0 , 0 , 0 , 100.0 ,  ,  , 1 , 0 , 0 , 0 , 2 
,주승우,23키, 3 , 11 , 16.0 , 3 , 0 , 100.0 , 46 , 6.5 , 2 , 1 , 0 , 0 , 0 , 0 , 100.0 , 100.0 ,  , 0 , 0 , 0 , 0 , 3 
,이상민,23삼, 3 , 23 , 18.0 , 3 , 0 , 100.0 , 34 , 8.8 , 2 , 1 , 0 , 0 , 0 , 0 , 100.0 , 100.0 ,  , 0 , 0 , 0 , 0 , 0 
,산체스,23K, 3 , 12 , 63.2 , 3 , 1 , 75.0 , 101 , 4.0 , 3 , 0 , 0 , 1 , 0 , 0 , 75.0 ,  ,  , 0 , 0 , 1 , 0 , 1 
,황동재,23삼, 3 , 7 , 31.2 , 3 , 1 , 75.0 , 65 , 6.2 , 3 , 0 , 0 , 1 , 0 , 0 , 75.0 ,  ,  , 0 , 0 , 0 , 0 , 0 
,김민,23K, 3 , 16 , 29.0 , 3 , 0 , 100.0 , 69 , 4.4 , 3 , 0 , 0 , 0 , 0 , 0 , 100.0 ,  ,  , 1 , 0 , 0 , 0 , 4 
,최채흥,23삼, 3 , 15 , 63.1 , 3 , 1 , 75.0 , 117 , 3.4 , 2 , 1 , 0 , 1 , 0 , 0 , 66.7 , 100.0 ,  , 0 , 0 , 1 , 0 , 1 
142,뷰캐넌,23삼, 2 , 30 , 188.0 , 2 , 1 , 66.7 , 275 , 1.1 , 2 , 0 , 0 , 1 , 0 , 0 , 66.7 ,  ,  , 1 , 0 , 1 , 0 , 7 
,양현종,23K, 2 , 29 , 171.0 , 2 , 5 , 28.6 , 258 , 2.7 , 2 , 0 , 0 , 4 , 1 , 0 , 33.3 , 0.0 ,  , 1 , 0 , 0 , 2 , 5 
,오승환,23삼, 2 , 58 , 62.2 , 2 , 1 , 66.7 , 80 , 3.8 , 1 , 1 , 0 , 1 , 0 , 0 , 50.0 , 100.0 ,  , 0 , 0 , 0 , 0 , 0 
,김동주,23두, 2 , 18 , 78.1 , 2 , 9 , 18.2 , 123 , 8.9 , 2 , 0 , 0 , 9 , 0 , 0 , 18.2 ,  ,  , 0 , 0 , 1 , 0 , 4 
,구승민,23롯, 2 , 67 , 63.2 , 2 , 3 , 40.0 , 109 , 4.6 , 2 , 0 , 0 , 2 , 0 , 1 , 50.0 ,  , 0.0 , 0 , 0 , 0 , 0 , 2 
,주권,23K, 2 , 42 , 47.0 , 2 , 4 , 33.3 , 74 , 8.1 , 2 , 0 , 0 , 4 , 0 , 0 , 33.3 ,  ,  , 1 , 0 , 0 , 0 , 0 
,고효준,23S, 2 , 73 , 58.0 , 2 , 2 , 50.0 , 104 , 3.9 , 2 , 0 , 0 , 2 , 0 , 0 , 50.0 ,  ,  , 1 , 0 , 0 , 1 , 4 
,신정락,23롯, 2 , 34 , 29.0 , 2 , 0 , 100.0 , 46 , 4.4 , 2 , 0 , 0 , 0 , 0 , 0 , 100.0 ,  ,  , 0 , 0 , 0 , 0 , 0 
,우규민,23삼, 2 , 56 , 43.0 , 2 , 2 , 50.0 , 67 , 6.0 , 2 , 0 , 0 , 1 , 0 , 1 , 66.7 ,  , 0.0 , 1 , 0 , 0 , 0 , 0 
,이민우,23한, 2 , 17 , 13.2 , 2 , 1 , 66.7 , 18 , 16.7 , 2 , 0 , 0 , 1 , 0 , 0 , 66.7 ,  ,  , 0 , 0 , 0 , 0 , 1 
,정우람,23한, 2 , 52 , 40.1 , 2 , 1 , 66.7 , 70 , 4.3 , 2 , 0 , 0 , 0 , 1 , 0 , 100.0 , 0.0 ,  , 0 , 0 , 0 , 1 , 3 
,진해수,23L, 2 , 19 , 14.2 , 2 , 0 , 100.0 , 34 , 5.9 , 2 , 0 , 0 , 0 , 0 , 0 , 100.0 ,  ,  , 0 , 0 , 0 , 0 , 3 
,김유신,23K, 2 , 27 , 30.1 , 2 , 1 , 66.7 , 59 , 5.1 , 2 , 0 , 0 , 0 , 1 , 0 , 100.0 , 0.0 ,  , 0 , 1 , 0 , 0 , 0 
,박승주,23키, 2 , 18 , 18.0 , 2 , 0 , 100.0 , 39 , 5.1 , 2 , 0 , 0 , 0 , 0 , 0 , 100.0 ,  ,  , 0 , 0 , 0 , 0 , 5 
,박신지,23두, 2 , 15 , 26.0 , 2 , 0 , 100.0 , 54 , 3.7 , 2 , 0 , 0 , 0 , 0 , 0 , 100.0 ,  ,  , 0 , 0 , 0 , 0 , 2 
,박세진,23K, 2 , 16 , 11.2 , 2 , 0 , 100.0 , 37 , 5.4 , 2 , 0 , 0 , 0 , 0 , 0 , 100.0 ,  ,  , 0 , 0 , 0 , 0 , 2 
,오석주,23L, 2 , 9 , 10.0 , 2 , 0 , 100.0 , 13 , 15.4 , 2 , 0 , 0 , 0 , 0 , 0 , 100.0 ,  ,  , 0 , 0 , 0 , 0 , 2 
,김영현,23K, 2 , 31 , 33.0 , 2 , 1 , 66.7 , 50 , 6.0 , 1 , 1 , 0 , 1 , 0 , 0 , 50.0 , 100.0 ,  , 0 , 0 , 0 , 0 , 2 
,최충연,23삼, 2 , 7 , 9.1 , 2 , 1 , 66.7 , 23 , 13.0 , 2 , 0 , 0 , 1 , 0 , 0 , 66.7 ,  ,  , 0 , 0 , 1 , 0 , 0 
,김태오,23K, 2 , 5 , 7.1 , 2 , 0 , 100.0 , 16 , 12.5 , 1 , 1 , 0 , 0 , 0 , 0 , 100.0 , 100.0 ,  , 0 , 0 , 0 , 0 , 0 
,이준호,23N, 2 , 17 , 31.2 , 2 , 0 , 100.0 , 53 , 3.8 , 2 , 0 , 0 , 0 , 0 , 0 , 100.0 ,  ,  , 0 , 0 , 0 , 0 , 2 
,곽도규,23K, 2 , 14 , 11.2 , 2 , 0 , 100.0 , 27 , 7.4 , 1 , 1 , 0 , 0 , 0 , 0 , 100.0 , 100.0 ,  , 0 , 0 , 0 , 0 , 1 
,노건우,23삼, 2 , 16 , 12.1 , 2 , 0 , 100.0 , 28 , 7.1 , 2 , 0 , 0 , 0 , 0 , 0 , 100.0 ,  ,  , 0 , 0 , 0 , 0 , 1 
,양현,23키, 2 , 54 , 57.0 , 2 , 2 , 50.0 , 118 , 3.4 , 2 , 0 , 0 , 2 , 0 , 0 , 50.0 ,  ,  , 1 , 0 , 1 , 0 , 0 
,정구범,23N, 2 , 4 , 12.2 , 2 , 1 , 66.7 , 27 , 11.1 , 2 , 0 , 0 , 1 , 0 , 0 , 66.7 ,  ,  , 0 , 0 , 0 , 0 , 0 
,김진욱,23롯, 2 , 50 , 36.1 , 2 , 0 , 100.0 , 70 , 2.9 , 2 , 0 , 0 , 0 , 0 , 0 , 100.0 ,  ,  , 0 , 0 , 0 , 1 , 3 
,정성곤,23S, 2 , 6 , 4.1 , 2 , 0 , 100.0 , 16 , 12.5 , 1 , 1 , 0 , 0 , 0 , 0 , 100.0 , 100.0 ,  , 0 , 0 , 0 , 0 , 0 
,원종현,23키, 2 , 20 , 18.2 , 2 , 1 , 66.7 , 34 , 8.8 , 2 , 0 , 0 , 1 , 0 , 0 , 66.7 ,  ,  , 0 , 0 , 0 , 0 , 2 
,김재열,23K, 2 , 9 , 11.2 , 2 , 0 , 100.0 , 40 , 5.0 , 0 , 2 , 0 , 0 , 0 , 0 ,  , 100.0 ,  , 0 , 0 , 0 , 0 , 0 
171,주현상,23한, 1 , 55 , 59.2 , 1 , 3 , 25.0 , 58 , 6.9 , 1 , 0 , 0 , 3 , 0 , 0 , 25.0 ,  ,  , 0 , 0 , 0 , 0 , 0 
,문동주,23한, 1 , 23 , 118.2 , 1 , 3 , 25.0 , 175 , 2.3 , 0 , 0 , 1 , 3 , 0 , 0 , 0.0 ,  , 100.0 , 0 , 0 , 1 , 1 , 5 
,윌커슨,23롯, 1 , 13 , 79.2 , 1 , 2 , 33.3 , 105 , 2.9 , 1 , 0 , 0 , 2 , 0 , 0 , 33.3 ,  ,  , 0 , 0 , 1 , 1 , 3 
,백승현,23L, 1 , 42 , 40.0 , 1 , 0 , 100.0 , 57 , 1.8 , 1 , 0 , 0 , 0 , 0 , 0 , 100.0 ,  ,  , 0 , 0 , 0 , 1 , 1 
,태너,23N, 1 , 11 , 64.2 , 1 , 0 , 100.0 , 81 , 1.2 , 1 , 0 , 0 , 0 , 0 , 0 , 100.0 ,  ,  , 0 , 0 , 0 , 0 , 0 
,김상수,23롯, 1 , 66 , 52.0 , 1 , 5 , 16.7 , 82 , 7.3 , 1 , 0 , 0 , 5 , 0 , 0 , 16.7 ,  ,  , 0 , 0 , 0 , 0 , 1 
,이용찬,23N, 1 , 60 , 61.0 , 1 , 0 , 100.0 , 81 , 1.2 , 1 , 0 , 0 , 0 , 0 , 0 , 100.0 ,  ,  , 2 , 0 , 0 , 1 , 4 
,정철원,23두, 1 , 67 , 72.2 , 1 , 0 , 100.0 , 113 , 0.9 , 1 , 0 , 0 , 0 , 0 , 0 , 100.0 ,  ,  , 0 , 0 , 1 , 1 , 6 
,김재웅,23키, 1 , 67 , 59.2 , 1 , 3 , 25.0 , 87 , 4.6 , 1 , 0 , 0 , 2 , 1 , 0 , 33.3 , 0.0 ,  , 1 , 0 , 0 , 0 , 0 
,장시환,23한, 1 , 39 , 34.2 , 1 , 1 , 50.0 , 65 , 3.1 , 1 , 0 , 0 , 1 , 0 , 0 , 50.0 ,  ,  , 0 , 0 , 0 , 0 , 3 
,조민석,23N, 1 , 35 , 31.0 , 1 , 3 , 25.0 , 57 , 7.0 , 1 , 0 , 0 , 2 , 1 , 0 , 33.3 , 0.0 ,  , 0 , 0 , 0 , 0 , 1 
,박민호,23S, 1 , 10 , 10.0 , 1 , 0 , 100.0 , 20 , 5.0 , 1 , 0 , 0 , 0 , 0 , 0 , 100.0 ,  ,  , 0 , 0 , 0 , 0 , 0 
,문용익,23삼, 1 , 14 , 13.0 , 1 , 0 , 100.0 , 24 , 4.2 , 1 , 0 , 0 , 0 , 0 , 0 , 100.0 ,  ,  , 0 , 0 , 0 , 0 , 5 
,이병헌,23두, 1 , 36 , 27.0 , 1 , 1 , 50.0 , 50 , 4.0 , 1 , 0 , 0 , 1 , 0 , 0 , 50.0 ,  ,  , 0 , 0 , 0 , 0 , 3 
,김태현,23N, 1 , 16 , 20.1 , 1 , 1 , 50.0 , 34 , 5.9 , 1 , 0 , 0 , 1 , 0 , 0 , 50.0 ,  ,  , 0 , 0 , 0 , 0 , 0 
,이승현,23삼, 1 , 48 , 43.1 , 1 , 3 , 25.0 , 83 , 4.8 , 1 , 0 , 0 , 2 , 0 , 1 , 33.3 ,  , 0.0 , 0 , 0 , 0 , 1 , 2 
,이민석,23롯, 1 , 1 , 1.1 , 1 , 0 , 100.0 , 1 , 100.0 , 1 , 0 , 0 , 0 , 0 , 0 , 100.0 ,  ,  , 0 , 0 , 0 , 0 , 0 
,최지강,23두, 1 , 25 , 22.0 , 1 , 0 , 100.0 , 43 , 2.3 , 1 , 0 , 0 , 0 , 0 , 0 , 100.0 ,  ,  , 1 , 0 , 0 , 1 , 0 
,홍원표,23삼, 1 , 3 , 3.2 , 1 , 0 , 100.0 , 5 , 20.0 , 1 , 0 , 0 , 0 , 0 , 0 , 100.0 ,  ,  , 0 , 0 , 0 , 0 , 0 
,하준호,23K, 1 , 12 , 13.0 , 1 , 0 , 100.0 , 32 , 3.1 , 1 , 0 , 0 , 0 , 0 , 0 , 100.0 ,  ,  , 0 , 0 , 0 , 0 , 4 
,조현우,23K, 1 , 5 , 3.0 , 1 , 0 , 100.0 , 8 , 12.5 , 1 , 0 , 0 , 0 , 0 , 0 , 100.0 ,  ,  , 0 , 0 , 0 , 0 , 1 
,김민규,23두, 1 , 6 , 8.1 , 1 , 0 , 100.0 , 14 , 7.1 , 1 , 0 , 0 , 0 , 0 , 0 , 100.0 ,  ,  , 0 , 0 , 0 , 0 , 2 
,한두솔,23S, 1 , 1 , 1.0 , 1 , 0 , 100.0 , 3 , 33.3 , 1 , 0 , 0 , 0 , 0 , 0 , 100.0 ,  ,  , 0 , 0 , 0 , 0 , 0 
,성동현,23L, 1 , 1 , 1.0 , 1 , 0 , 100.0 , 3 , 33.3 , 1 , 0 , 0 , 0 , 0 , 0 , 100.0 ,  ,  , 0 , 0 , 0 , 0 , 0 
,김준형,23키, 1 , 8 , 7.2 , 1 , 0 , 100.0 , 13 , 7.7 , 1 , 0 , 0 , 0 , 0 , 0 , 100.0 ,  ,  , 0 , 0 , 0 , 0 , 0 
,윤석원,23키, 1 , 21 , 24.0 , 1 , 1 , 50.0 , 44 , 4.6 , 1 , 0 , 0 , 1 , 0 , 0 , 50.0 ,  ,  , 0 , 0 , 0 , 0 , 1 
,김민수,23K, 1 , 14 , 13.0 , 1 , 0 , 100.0 , 23 , 4.4 , 1 , 0 , 0 , 0 , 0 , 0 , 100.0 ,  ,  , 0 , 0 , 0 , 0 , 0 
,조성훈,23S, 1 , 2 , 7.0 , 1 , 1 , 50.0 , 17 , 11.8 , 1 , 0 , 0 , 0 , 0 , 1 , 100.0 ,  , 0.0 , 0 , 0 , 0 , 0 , 0 
,진승현,23롯, 1 , 24 , 27.2 , 1 , 1 , 50.0 , 54 , 3.7 , 1 , 0 , 0 , 1 , 0 , 0 , 50.0 ,  ,  , 0 , 0 , 0 , 1 , 1 
,장지수,23한, 1 , 1 , 2.0 , 1 , 0 , 100.0 , 7 , 14.3 , 1 , 0 , 0 , 0 , 0 , 0 , 100.0 ,  ,  , 0 , 0 , 0 , 0 , 1 
,이민호,23L, 1 , 5 , 19.2 , 1 , 0 , 100.0 , 41 , 2.4 , 1 , 0 , 0 , 0 , 0 , 0 , 100.0 ,  ,  , 0 , 0 , 0 , 0 , 0 
,김재영,23한, 1 , 6 , 8.0 , 1 , 0 , 100.0 , 16 , 6.3 , 1 , 0 , 0 , 0 , 0 , 0 , 100.0 ,  ,  , 0 , 0 , 0 , 0 , 0 
,장필준,23삼, 1 , 17 , 19.1 , 1 , 1 , 50.0 , 43 , 4.7 , 1 , 0 , 0 , 1 , 0 , 0 , 50.0 ,  ,  , 0 , 0 , 0 , 0 , 0 
,이종민,23키, 1 , 11 , 13.2 , 1 , 0 , 100.0 , 36 , 2.8 , 1 , 0 , 0 , 0 , 0 , 0 , 100.0 ,  ,  , 0 , 0 , 0 , 0 , 0 
,김서현,23한, 1 , 20 , 22.1 , 1 , 2 , 33.3 , 59 , 5.1 , 1 , 0 , 0 , 2 , 0 , 0 , 33.3 ,  ,  , 0 , 0 , 1 , 0 , 3 
,하영민,23키, 1 , 57 , 52.1 , 1 , 2 , 33.3 , 108 , 2.8 , 1 , 0 , 0 , 1 , 1 , 0 , 50.0 , 0.0 ,  , 0 , 0 , 0 , 1 , 6 
,최영환,23롯, 1 , 8 , 10.0 , 1 , 0 , 100.0 , 33 , 3.0 , 1 , 0 , 0 , 0 , 0 , 0 , 100.0 ,  ,  , 0 , 0 , 0 , 0 , 0 
208,김진호,23N, 0 , 19 , 16.1 , 0 , 0 ,  , 28 , 0.0 , 0 , 0 , 0 , 0 , 0 , 0 ,  ,  ,  , 0 , 0 , 0 , 0 , 3 
,이호성,23삼, 0 , 5 , 17.0 , 0 , 1 , 0.0 , 22 , 4.6 , 0 , 0 , 0 , 1 , 0 , 0 , 0.0 ,  ,  , 1 , 0 , 0 , 0 , 1 
,윤중현,23K, 0 , 31 , 28.0 , 0 , 0 ,  , 43 , 0.0 , 0 , 0 , 0 , 0 , 0 , 0 ,  ,  ,  , 0 , 0 , 0 , 1 , 0 
,조영건,23키, 0 , 6 , 7.2 , 0 , 1 , 0.0 , 8 , 12.5 , 0 , 0 , 0 , 1 , 0 , 0 , 0.0 ,  ,  , 0 , 0 , 0 , 0 , 0 
,석상호,23롯, 0 , 5 , 5.1 , 0 , 0 ,  , 8 , 0.0 , 0 , 0 , 0 , 0 , 0 , 0 ,  ,  ,  , 0 , 0 , 0 , 0 , 1 
,강건,23K, 0 , 4 , 6.2 , 0 , 0 ,  , 10 , 0.0 , 0 , 0 , 0 , 0 , 0 , 0 ,  ,  ,  , 0 , 0 , 0 , 1 , 1 
,김강률,23두, 0 , 32 , 25.2 , 0 , 0 ,  , 43 , 0.0 , 0 , 0 , 0 , 0 , 0 , 0 ,  ,  ,  , 0 , 0 , 0 , 0 , 2 
,이상규,23L, 0 , 8 , 7.2 , 0 , 0 ,  , 14 , 0.0 , 0 , 0 , 0 , 0 , 0 , 0 ,  ,  ,  , 0 , 0 , 0 , 0 , 1 
,백승우,23두, 0 , 6 , 4.0 , 0 , 0 ,  , 7 , 0.0 , 0 , 0 , 0 , 0 , 0 , 0 ,  ,  ,  , 0 , 0 , 0 , 0 , 0 
,윤정현,23키, 0 , 5 , 6.0 , 0 , 0 ,  , 11 , 0.0 , 0 , 0 , 0 , 0 , 0 , 0 ,  ,  ,  , 0 , 0 , 0 , 1 , 1 
,이진하,23롯, 0 , 9 , 8.0 , 0 , 0 ,  , 10 , 0.0 , 0 , 0 , 0 , 0 , 0 , 0 ,  ,  ,  , 0 , 0 , 0 , 0 , 1 
,김승현,23K, 0 , 10 , 12.2 , 0 , 0 ,  , 24 , 0.0 , 0 , 0 , 0 , 0 , 0 , 0 ,  ,  ,  , 0 , 0 , 0 , 0 , 1 
,전용주,23K, 0 , 15 , 10.1 , 0 , 0 ,  , 13 , 0.0 , 0 , 0 , 0 , 0 , 0 , 0 ,  ,  ,  , 0 , 0 , 0 , 0 , 4 
,이재희,23삼, 0 , 2 , 8.0 , 0 , 0 ,  , 8 , 0.0 , 0 , 0 , 0 , 0 , 0 , 0 ,  ,  ,  , 0 , 0 , 0 , 0 , 1 
,전사민,23N, 0 , 9 , 17.0 , 0 , 1 , 0.0 , 37 , 2.7 , 0 , 0 , 0 , 0 , 1 , 0 ,  , 0.0 ,  , 0 , 0 , 0 , 0 , 1 
,이선우,23K, 0 , 22 , 37.1 , 0 , 0 ,  , 67 , 0.0 , 0 , 0 , 0 , 0 , 0 , 0 ,  ,  ,  , 0 , 0 , 0 , 0 , 0 
,김창훈,23롯, 0 , 3 , 4.1 , 0 , 0 ,  , 9 , 0.0 , 0 , 0 , 0 , 0 , 0 , 0 ,  ,  ,  , 0 , 0 , 0 , 0 , 0 
,한재승,23N, 0 , 11 , 9.2 , 0 , 0 ,  , 17 , 0.0 , 0 , 0 , 0 , 0 , 0 , 0 ,  ,  ,  , 0 , 0 , 0 , 1 , 1 
,송은범,23L, 0 , 4 , 3.2 , 0 , 0 ,  , 10 , 0.0 , 0 , 0 , 0 , 0 , 0 , 0 ,  ,  ,  , 0 , 0 , 0 , 0 , 0 
,이상영,23L, 0 , 6 , 11.0 , 0 , 0 ,  , 27 , 0.0 , 0 , 0 , 0 , 0 , 0 , 0 ,  ,  ,  , 1 , 0 , 0 , 0 , 0 
,윤호솔,23L, 0 , 4 , 3.2 , 0 , 0 ,  , 6 , 0.0 , 0 , 0 , 0 , 0 , 0 , 0 ,  ,  ,  , 0 , 0 , 0 , 0 , 0 
,김정운,23K, 0 , 5 , 7.0 , 0 , 0 ,  , 16 , 0.0 , 0 , 0 , 0 , 0 , 0 , 0 ,  ,  ,  , 0 , 0 , 0 , 0 , 0 
,이승호,23키, 0 , 4 , 5.0 , 0 , 0 ,  , 8 , 0.0 , 0 , 0 , 0 , 0 , 0 , 0 ,  ,  ,  , 0 , 0 , 0 , 0 , 0 
,김강현,23롯, 0 , 2 , 3.0 , 0 , 0 ,  , 4 , 0.0 , 0 , 0 , 0 , 0 , 0 , 0 ,  ,  ,  , 0 , 0 , 0 , 0 , 0 
,서동민,23S, 0 , 2 , 1.0 , 0 , 0 ,  , 3 , 0.0 , 0 , 0 , 0 , 0 , 0 , 0 ,  ,  ,  , 0 , 0 , 0 , 0 , 0 
,박영완,23롯, 0 , 1 , 1.0 , 0 , 0 ,  , 1 , 0.0 , 0 , 0 , 0 , 0 , 0 , 0 ,  ,  ,  , 0 , 0 , 0 , 0 , 0 
,하준수,23N, 0 , 1 , 1.0 , 0 , 0 ,  , 2 , 0.0 , 0 , 0 , 0 , 0 , 0 , 0 ,  ,  ,  , 0 , 0 , 0 , 0 , 0 
,송승기,23L, 0 , 1 , 1.0 , 0 , 0 ,  , 2 , 0.0 , 0 , 0 , 0 , 0 , 0 , 0 ,  ,  ,  , 0 , 0 , 0 , 0 , 0 
,김태욱,23롯, 0 , 1 , 1.0 , 0 , 0 ,  , 0 ,  , 0 , 0 , 0 , 0 , 0 , 0 ,  ,  ,  , 0 , 0 , 0 , 0 , 0 
,유승철,23K, 0 , 1 , 1.0 , 0 , 0 ,  , 2 , 0.0 , 0 , 0 , 0 , 0 , 0 , 0 ,  ,  ,  , 0 , 0 , 0 , 0 , 0 
,류원석,23한, 0 , 1 , 2.0 , 0 , 0 ,  , 2 , 0.0 , 0 , 0 , 0 , 0 , 0 , 0 ,  ,  ,  , 0 , 0 , 0 , 0 , 1 
,심창민,23N, 0 , 5 , 3.1 , 0 , 0 ,  , 8 , 0.0 , 0 , 0 , 0 , 0 , 0 , 0 ,  ,  ,  , 1 , 0 , 0 , 1 , 0 
,이우석,23N, 0 , 1 , 0.2 , 0 , 0 ,  , 1 , 0.0 , 0 , 0 , 0 , 0 , 0 , 0 ,  ,  ,  , 0 , 0 , 0 , 0 , 0 
,손주영,23L, 0 , 3 , 8.2 , 0 , 1 , 0.0 , 28 , 3.6 , 0 , 0 , 0 , 1 , 0 , 0 , 0.0 ,  ,  , 0 , 0 , 1 , 0 , 0 
,김주한,23S, 0 , 1 , 0.0 , 0 , 0 ,  , 2 , 0.0 , 0 , 0 , 0 , 0 , 0 , 0 ,  ,  ,  , 0 , 0 , 0 , 0 , 0 
,홍성민,23키, 0 , 2 , 2.0 , 0 , 0 ,  , 7 , 0.0 , 0 , 0 , 0 , 0 , 0 , 0 ,  ,  ,  , 0 , 0 , 0 , 0 , 1 
,박권후,23삼, 0 , 4 , 2.2 , 0 , 0 ,  , 4 , 0.0 , 0 , 0 , 0 , 0 , 0 , 0 ,  ,  ,  , 0 , 0 , 1 , 0 , 0 
,이기순,23S, 0 , 2 , 3.0 , 0 , 0 ,  , 6 , 0.0 , 0 , 0 , 0 , 0 , 0 , 0 ,  ,  ,  , 0 , 0 , 0 , 0 , 0 
,채지선,23LN, 0 , 3 , 3.1 , 0 , 0 ,  , 9 , 0.0 , 0 , 0 , 0 , 0 , 0 , 0 ,  ,  ,  , 0 , 0 , 0 , 0 , 1 
,양지율,23키, 0 , 1 , 0.2 , 0 , 0 ,  , 4 , 0.0 , 0 , 0 , 0 , 0 , 0 , 0 ,  ,  ,  , 0 , 0 , 0 , 0 , 0 
,김영준,23L, 0 , 1 , 0.1 , 0 , 0 ,  , 2 , 0.0 , 0 , 0 , 0 , 0 , 0 , 0 ,  ,  ,  , 0 , 1 , 0 , 0 , 0 
,임지민,23N, 0 , 2 , 1.1 , 0 , 0 ,  , 6 , 0.0 , 0 , 0 , 0 , 0 , 0 , 0 ,  ,  ,  , 0 , 0 , 0 , 0 , 2 
,송윤준,23한, 0 , 4 , 4.1 , 0 , 0 ,  , 6 , 0.0 , 0 , 0 , 0 , 0 , 0 , 0 ,  ,  ,  , 0 , 0 , 1 , 0 , 0 
,스미스,23한, 0 , 1 , 2.2 , 0 , 0 ,  , 5 , 0.0 , 0 , 0 , 0 , 0 , 0 , 0 ,  ,  ,  , 0 , 0 , 0 , 0 , 0 
,정성종,23롯, 0 , 12 , 22.0 , 0 , 0 ,  , 37 , 0.0 , 0 , 0 , 0 , 0 , 0 , 0 ,  ,  ,  , 0 , 0 , 0 , 0 , 1 
,배재준,23L, 0 , 1 , 1.0 , 0 , 0 ,  , 4 , 0.0 , 0 , 0 , 0 , 0 , 0 , 0 ,  ,  ,  , 0 , 0 , 0 , 0 , 1 
,서상준,23S, 0 , 2 , 2.0 , 0 , 0 ,  , 8 , 0.0 , 0 , 0 , 0 , 0 , 0 , 0 ,  ,  ,  , 0 , 0 , 0 , 0 , 1 
,우강훈,23롯, 0 , 3 , 6.0 , 0 , 0 ,  , 14 , 0.0 , 0 , 0 , 0 , 0 , 0 , 0 ,  ,  ,  , 0 , 0 , 0 , 0 , 0 
,신헌민,23S, 0 , 11 , 12.0 , 0 , 0 ,  , 33 , 0.0 , 0 , 0 , 0 , 0 , 0 , 0 ,  ,  ,  , 0 , 0 , 0 , 0 , 0 
,장세진,23롯, 0 , 2 , 1.1 , 0 , 0 ,  , 3 , 0.0 , 0 , 0 , 0 , 0 , 0 , 0 ,  ,  ,  , 0 , 0 , 0 , 0 , 0 
,박진,23롯, 0 , 4 , 5.0 , 0 , 0 ,  , 13 , 0.0 , 0 , 0 , 0 , 0 , 0 , 0 ,  ,  ,  , 0 , 0 , 1 , 0 , 1 
,김정우,23두, 0 , 7 , 6.2 , 0 , 1 , 0.0 , 18 , 5.6 , 0 , 0 , 0 , 1 , 0 , 0 , 0.0 ,  ,  , 0 , 0 , 0 , 0 , 0 
,김호준,23두, 0 , 3 , 3.0 , 0 , 0 ,  , 6 , 0.0 , 0 , 0 , 0 , 0 , 0 , 0 ,  ,  ,  , 0 , 0 , 0 , 0 , 1 
,김서준,23삼, 0 , 8 , 7.2 , 0 , 0 ,  , 20 , 0.0 , 0 , 0 , 0 , 0 , 0 , 0 ,  ,  ,  , 0 , 0 , 0 , 1 , 3 
,오상원,23키, 0 , 11 , 15.0 , 0 , 0 ,  , 33 , 0.0 , 0 , 0 , 0 , 0 , 0 , 0 ,  ,  ,  , 0 , 0 , 0 , 1 , 0 
,윤산흠,23한, 0 , 5 , 3.0 , 0 , 0 ,  , 9 , 0.0 , 0 , 0 , 0 , 0 , 0 , 0 ,  ,  ,  , 0 , 0 , 0 , 0 , 0 
,류희운,23한, 0 , 3 , 4.0 , 0 , 0 ,  , 7 , 0.0 , 0 , 0 , 0 , 0 , 0 , 0 ,  ,  ,  , 0 , 0 , 0 , 0 , 0 
,제환유,23두, 0 , 1 , 2.0 , 0 , 0 ,  , 10 , 0.0 , 0 , 0 , 0 , 0 , 0 , 0 ,  ,  ,  , 0 , 0 , 0 , 0 , 1 
,나원탁,23롯, 0 , 1 , 0.2 , 0 , 0 ,  , 3 , 0.0 , 0 , 0 , 0 , 0 , 0 , 0 ,  ,  ,  , 0 , 0 , 0 , 0 , 0 
,박세웅,23삼, 0 , 2 , 0.2 , 0 , 0 ,  , 3 , 0.0 , 0 , 0 , 0 , 0 , 0 , 0 ,  ,  ,  , 0 , 0 , 0 , 0 , 0 
,김주온,23S, 0 , 1 , 0.1 , 0 , 0 ,  , 4 , 0.0 , 0 , 0 , 0 , 0 , 0 , 0 ,  ,  ,  , 0 , 0 , 0 , 0 , 1 
,김시현,23삼, 0 , 2 , 3.0 , 0 , 0 ,  , 8 , 0.0 , 0 , 0 , 0 , 0 , 0 , 0 ,  ,  ,  , 0 , 0 , 0 , 0 , 0 
,이승진,23두, 0 , 1 , 0.2 , 0 , 0 ,  , 6 , 0.0 , 0 , 0 , 0 , 0 , 0 , 0 ,  ,  ,  , 0 , 0 , 0 , 0 , 0 
,김유성,23두, 0 , 7 , 6.1 , 0 , 0 ,  , 18 , 0.0 , 0 , 0 , 0 , 0 , 0 , 0 ,  ,  ,  , 0 , 0 , 0 , 0 , 3 
,배민서,23N, 0 , 6 , 6.2 , 0 , 0 ,  , 15 , 0.0 , 0 , 0 , 0 , 0 , 0 , 0 ,  ,  ,  , 0 , 0 , 0 , 0 , 1 
,김건희,23키, 0 , 3 , 2.0 , 0 , 0 ,  , 6 , 0.0 , 0 , 0 , 0 , 0 , 0 , 0 ,  ,  ,  , 0 , 0 , 0 , 0 , 0 
,이충호,23한, 0 , 11 , 8.2 , 0 , 0 ,  , 16 , 0.0 , 0 , 0 , 0 , 0 , 0 , 0 ,  ,  ,  , 0 , 0 , 0 , 1 , 0 
,김대현,23L, 0 , 5 , 3.1 , 0 , 0 ,  , 13 , 0.0 , 0 , 0 , 0 , 0 , 0 , 0 ,  ,  ,  , 0 , 0 , 0 , 0 , 1 
,이원재,23두, 0 , 1 , 1.0 , 0 , 0 ,  , 6 , 0.0 , 0 , 0 , 0 , 0 , 0 , 0 ,  ,  ,  , 0 , 0 , 0 , 0 , 0 
,최성훈,23L, 0 , 5 , 3.0 , 0 , 0 ,  , 9 , 0.0 , 0 , 0 , 0 , 0 , 0 , 0 ,  ,  ,  , 0 , 0 , 0 , 0 , 0 
,박윤철,23한, 0 , 3 , 3.1 , 0 , 0 ,  , 9 , 0.0 , 0 , 0 , 0 , 0 , 0 , 0 ,  ,  ,  , 0 , 0 , 0 , 0 , 1 
,박준영,23한, 0 , 4 , 4.1 , 0 , 0 ,  , 10 , 0.0 , 0 , 0 , 0 , 0 , 0 , 0 ,  ,  ,  , 0 , 0 , 0 , 0 , 1 
,딜런,23두, 0 , 2 , 9.0 , 0 , 0 ,  , 22 , 0.0 , 0 , 0 , 0 , 0 , 0 , 0 ,  ,  ,  , 0 , 0 , 0 , 0 , 1 
,이영준,23키, 0 , 2 , 1.2 , 0 , 0 ,  , 6 , 0.0 , 0 , 0 , 0 , 0 , 0 , 0 ,  ,  ,  , 0 , 0 , 0 , 0 , 1 
,문경찬,23롯, 0 , 2 , 2.0 , 0 , 0 ,  , 4 , 0.0 , 0 , 0 , 0 , 0 , 0 , 0 ,  ,  ,  , 0 , 0 , 0 , 0 , 0 
,이태연,23롯, 0 , 15 , 5.2 , 0 , 0 ,  , 21 , 0.0 , 0 , 0 , 0 , 0 , 0 , 0 ,  ,  ,  , 0 , 0 , 0 , 0 , 0 
,변시원,23키, 0 , 4 , 2.1 , 0 , 0 ,  , 11 , 0.0 , 0 , 0 , 0 , 0 , 0 , 0 ,  ,  ,  , 0 , 0 , 0 , 0 , 0 
,최하늘,23삼, 0 , 3 , 6.1 , 0 , 0 ,  , 20 , 0.0 , 0 , 0 , 0 , 0 , 0 , 0 ,  ,  ,  , 0 , 0 , 0 , 0 , 0 