순,이름,팀/포지션,정렬용,출장,이닝,타자,투구,P/PA,S루킹,S헛스윙,S파울,S타격,투구비율S%,투구비율B%,배트적극성전체%,배트적극성초구%,헛스윙%,SwStr%,2S후커트%,2S후선구%,스윙삼진,루킹삼진,LSO%,배팅찬스N,배팅찬스스윙,배팅찬스W%
1,이우석,23N, 2.50 , 1 , 0.2 , 2 , 5 , 2.50 , 0.0 , 0.0 , 0.0 , 100.0 , 20.0 , 80.0 , 20.0 , 50.0 , 0.0 , 0.0 ,  ,  , 0 , 0 ,  , 1 , 0 , 0.0 
2,김주온,23S, 2.80 , 1 , 0.1 , 5 , 14 , 2.80 , 25.0 , 12.5 , 37.5 , 25.0 , 57.1 , 42.9 , 42.9 , 20.0 , 16.7 , 8.3 , 50.0 , 0.0 , 1 , 0 , 0.0 , 3 , 0 , 0.0 
3,문경찬,23롯, 3.00 , 2 , 2.0 , 12 , 36 , 3.00 , 37.0 , 11.1 , 14.8 , 37.0 , 75.0 , 25.0 , 47.2 , 25.0 , 17.7 , 11.5 , 71.4 , 12.5 , 2 , 0 , 0.0 , 0 , 0 ,  
4,송은범,23L, 3.18 , 4 , 3.2 , 17 , 54 , 3.18 , 24.1 , 17.2 , 17.2 , 41.4 , 53.7 , 46.3 , 40.7 , 11.8 , 22.7 , 11.9 , 50.0 , 20.0 , 2 , 0 , 0.0 , 37 , 1 , 2.7 
5,김창훈,23롯, 3.29 , 3 , 4.1 , 17 , 56 , 3.29 , 36.1 , 8.3 , 13.9 , 41.7 , 64.3 , 35.7 , 41.1 , 35.3 , 13.0 , 7.3 , 88.9 , 40.0 , 0 , 1 , 100.0 , 35 , 2 , 5.7 
6,성동현,23L, 3.33 , 1 , 1.0 , 6 , 20 , 3.33 , 25.0 , 25.0 , 16.7 , 33.3 , 60.0 , 40.0 , 45.0 , 50.0 , 33.3 , 18.8 , 66.7 , 0.0 , 1 , 0 , 0.0 , 12 , 0 , 0.0 
7,류희운,23한, 3.40 , 3 , 4.0 , 20 , 68 , 3.40 , 39.5 , 9.3 , 18.6 , 32.6 , 63.2 , 36.8 , 38.2 , 30.0 , 15.4 , 7.4 , 55.6 , 47.1 , 2 , 2 , 50.0 , 24 , 2 , 8.3 
,이영준,23키, 3.40 , 2 , 1.2 , 10 , 34 , 3.40 , 19.1 , 4.8 , 33.3 , 42.9 , 61.8 , 38.2 , 50.0 , 40.0 , 5.9 , 4.0 , 100.0 , 44.4 , 0 , 0 ,  , 0 , 0 ,  
9,조이현,23K, 3.44 , 18 , 35.0 , 170 , 585 , 3.44 , 22.5 , 10.9 , 30.1 , 36.6 , 67.7 , 32.3 , 52.5 , 34.7 , 14.0 , 9.8 , 85.8 , 26.8 , 13 , 4 , 23.5 , 125 , 13 , 10.4 
10,고영표,23K, 3.48 , 28 , 174.2 , 706 , 2453 , 3.48 , 27.1 , 15.1 , 26.0 , 31.8 , 72.4 , 27.6 , 52.8 , 34.6 , 20.7 , 14.2 , 79.0 , 26.4 , 94 , 20 , 17.5 , 435 , 34 , 7.8 
11,주권,23K, 3.48 , 42 , 47.0 , 205 , 714 , 3.48 , 22.7 , 15.2 , 25.2 , 36.9 , 63.5 , 36.6 , 49.0 , 37.1 , 19.7 , 12.6 , 85.3 , 41.1 , 15 , 2 , 11.8 , 148 , 13 , 8.8 
12,이선우,23K, 3.49 , 22 , 37.1 , 169 , 589 , 3.49 , 32.2 , 8.3 , 25.2 , 34.3 , 65.4 , 34.6 , 44.3 , 24.9 , 12.3 , 7.0 , 76.7 , 34.0 , 15 , 9 , 37.5 , 130 , 13 , 10.0 
13,전사민,23N, 3.49 , 9 , 17.0 , 81 , 283 , 3.49 , 36.8 , 6.1 , 20.9 , 36.2 , 57.6 , 42.4 , 36.4 , 32.1 , 9.7 , 4.5 , 82.9 , 50.7 , 1 , 5 , 83.3 , 86 , 8 , 9.3 
14,박준표,23K, 3.50 , 33 , 28.0 , 118 , 413 , 3.50 , 28.8 , 7.2 , 27.7 , 36.4 , 63.9 , 36.1 , 45.5 , 24.6 , 10.1 , 6.0 , 80.3 , 26.7 , 7 , 6 , 46.2 , 142 , 15 , 10.6 
,정성종,23롯, 3.50 , 12 , 22.0 , 98 , 343 , 3.50 , 22.8 , 12.4 , 27.5 , 37.3 , 56.3 , 43.7 , 43.4 , 30.6 , 16.1 , 8.9 , 79.1 , 42.7 , 8 , 2 , 20.0 , 91 , 7 , 7.7 
,김민수,23K, 3.50 , 14 , 13.0 , 58 , 203 , 3.50 , 30.3 , 6.8 , 25.8 , 37.1 , 65.0 , 35.0 , 45.3 , 31.0 , 9.8 , 5.8 , 89.5 , 32.1 , 3 , 1 , 25.0 , 53 , 5 , 9.4 
17,채지선,23LN, 3.53 , 3 , 3.1 , 17 , 60 , 3.53 , 29.0 , 12.9 , 22.6 , 35.5 , 51.7 , 48.3 , 36.7 , 17.7 , 18.2 , 8.2 , 71.4 , 22.2 , 2 , 0 , 0.0 , 27 , 1 , 3.7 
18,이충호,23한, 3.54 , 11 , 8.2 , 41 , 145 , 3.54 , 28.7 , 16.1 , 23.0 , 32.2 , 60.0 , 40.0 , 42.8 , 14.6 , 22.6 , 12.0 , 61.1 , 41.9 , 6 , 1 , 14.3 , 41 , 3 , 7.3 
19,하준호,23K, 3.54 , 12 , 13.0 , 65 , 230 , 3.54 , 29.3 , 11.4 , 23.6 , 35.8 , 53.5 , 46.5 , 37.8 , 16.9 , 16.1 , 7.5 , 77.8 , 44.9 , 6 , 0 , 0.0 , 96 , 10 , 10.4 
20,윤중현,23K, 3.54 , 31 , 28.0 , 115 , 407 , 3.54 , 27.6 , 10.2 , 23.2 , 39.0 , 60.4 , 39.6 , 43.7 , 30.4 , 14.0 , 8.0 , 85.5 , 40.2 , 5 , 3 , 37.5 , 184 , 15 , 8.2 
21,이채호,23K, 3.55 , 25 , 24.2 , 110 , 390 , 3.55 , 28.6 , 8.3 , 27.4 , 35.7 , 64.6 , 35.4 , 46.2 , 28.2 , 11.7 , 7.0 , 88.1 , 33.7 , 7 , 1 , 12.5 , 102 , 8 , 7.8 
22,이형범,23두, 3.55 , 23 , 27.2 , 134 , 476 , 3.55 , 23.2 , 10.8 , 31.4 , 34.6 , 64.3 , 35.7 , 49.4 , 29.9 , 14.0 , 8.9 , 84.0 , 36.7 , 9 , 4 , 30.8 , 150 , 15 , 10.0 
23,박민호,23S, 3.55 , 10 , 10.0 , 47 , 167 , 3.55 , 25.0 , 9.3 , 28.7 , 37.0 , 64.7 , 35.3 , 48.5 , 27.7 , 12.4 , 7.9 , 86.2 , 46.3 , 2 , 2 , 50.0 , 5 , 1 , 20.0 
24,박신지,23두, 3.56 , 15 , 26.0 , 129 , 459 , 3.56 , 28.0 , 14.0 , 21.0 , 36.9 , 59.0 , 41.0 , 42.5 , 28.7 , 19.5 , 10.6 , 73.7 , 42.4 , 12 , 3 , 20.0 , 159 , 14 , 8.8 
25,정해영,23K, 3.58 , 52 , 49.1 , 218 , 780 , 3.58 , 24.6 , 13.0 , 28.5 , 33.9 , 63.1 , 36.9 , 47.6 , 37.2 , 17.3 , 10.4 , 75.4 , 34.7 , 17 , 13 , 43.3 , 177 , 14 , 7.9 
26,변시원,23키, 3.58 , 4 , 2.1 , 19 , 68 , 3.58 , 23.5 , 17.7 , 26.5 , 32.4 , 50.0 , 50.0 , 38.2 , 31.6 , 23.1 , 10.5 , 66.7 , 50.0 , 2 , 0 , 0.0 , 25 , 3 , 12.0 
27,김민,23K, 3.59 , 16 , 29.0 , 145 , 520 , 3.59 , 29.5 , 12.4 , 25.4 , 32.7 , 60.6 , 39.4 , 42.7 , 30.3 , 17.6 , 9.4 , 74.7 , 35.3 , 18 , 4 , 18.2 , 197 , 14 , 7.1 
28,정찬헌,23키, 3.60 , 14 , 72.0 , 295 , 1061 , 3.60 , 33.8 , 7.7 , 23.5 , 35.0 , 66.1 , 33.9 , 43.7 , 20.0 , 11.6 , 6.6 , 81.3 , 30.2 , 25 , 10 , 28.6 , 388 , 18 , 4.6 
29,양현,23키, 3.60 , 54 , 57.0 , 262 , 943 , 3.60 , 27.1 , 7.5 , 28.0 , 37.4 , 63.7 , 36.3 , 46.5 , 26.0 , 10.3 , 6.3 , 89.7 , 29.7 , 11 , 5 , 31.3 , 282 , 31 , 11.0 
30,송승기,23L, 3.60 , 1 , 1.0 , 5 , 18 , 3.60 , 18.2 , 0.0 , 45.5 , 36.4 , 61.1 , 38.9 , 50.0 , 40.0 , 0.0 , 0.0 , 100.0 , 50.0 , 0 , 0 ,  , 1 , 1 , 100.0 
31,윤명준,23롯, 3.60 , 21 , 19.1 , 98 , 353 , 3.60 , 26.3 , 14.6 , 24.9 , 34.3 , 60.3 , 39.7 , 44.5 , 25.5 , 19.8 , 11.1 , 79.3 , 37.7 , 4 , 7 , 63.6 , 77 , 11 , 14.3 
32,박정수,23두, 3.61 , 25 , 36.2 , 165 , 596 , 3.61 , 26.3 , 17.0 , 23.7 , 33.0 , 57.4 , 42.6 , 42.3 , 27.9 , 23.0 , 12.0 , 62.5 , 35.5 , 20 , 8 , 28.6 , 222 , 22 , 9.9 
33,쿠에바스,23K, 3.62 , 18 , 114.1 , 460 , 1666 , 3.62 , 28.4 , 18.0 , 23.4 , 30.3 , 66.2 , 33.8 , 47.4 , 31.7 , 25.1 , 14.9 , 68.6 , 31.8 , 75 , 25 , 25.0 , 465 , 33 , 7.1 
34,김재영,23한, 3.63 , 6 , 8.0 , 40 , 145 , 3.63 , 25.8 , 10.8 , 30.1 , 33.3 , 64.1 , 35.9 , 47.6 , 25.0 , 14.5 , 8.8 , 79.2 , 20.0 , 3 , 2 , 40.0 , 39 , 4 , 10.3 
35,송윤준,23한, 3.63 , 4 , 4.1 , 19 , 69 , 3.63 , 36.4 , 18.2 , 13.6 , 31.8 , 63.8 , 36.2 , 40.6 , 21.1 , 28.6 , 14.6 , 75.0 , 42.9 , 3 , 0 , 0.0 , 13 , 0 , 0.0 
36,문성현,23키, 3.63 , 32 , 28.1 , 134 , 487 , 3.63 , 29.7 , 12.1 , 28.4 , 29.7 , 62.8 , 37.2 , 44.2 , 31.3 , 17.2 , 9.3 , 77.7 , 29.9 , 11 , 10 , 47.6 , 70 , 9 , 12.9 
37,김서준,23삼, 3.64 , 8 , 7.2 , 39 , 142 , 3.64 , 29.0 , 6.6 , 26.3 , 38.2 , 53.5 , 46.5 , 38.0 , 18.0 , 9.3 , 4.4 , 86.7 , 37.5 , 0 , 2 , 100.0 , 53 , 7 , 13.2 
38,남지민,23한, 3.65 , 16 , 37.2 , 186 , 678 , 3.65 , 25.8 , 9.9 , 31.3 , 33.1 , 64.2 , 35.8 , 47.6 , 33.3 , 13.3 , 8.1 , 81.8 , 35.4 , 16 , 7 , 30.4 , 170 , 12 , 7.1 
39,손동현,23K, 3.65 , 64 , 73.2 , 301 , 1100 , 3.65 , 27.0 , 12.2 , 27.4 , 33.4 , 65.0 , 35.0 , 47.5 , 29.6 , 16.7 , 10.1 , 78.9 , 36.2 , 31 , 9 , 22.5 , 246 , 21 , 8.5 
40,후라도,23키, 3.67 , 30 , 183.2 , 763 , 2797 , 3.67 , 29.9 , 14.0 , 26.4 , 29.8 , 67.9 , 32.1 , 47.6 , 31.3 , 19.9 , 11.9 , 73.7 , 32.7 , 113 , 34 , 23.1 , 712 , 40 , 5.6 
41,김건국,23K, 3.67 , 6 , 16.0 , 70 , 257 , 3.67 , 29.5 , 11.5 , 25.3 , 33.7 , 64.6 , 35.4 , 45.5 , 22.9 , 16.2 , 9.5 , 81.3 , 34.3 , 8 , 1 , 11.1 , 63 , 5 , 7.9 
42,심재민,23K롯, 3.67 , 33 , 47.2 , 218 , 801 , 3.67 , 29.4 , 12.7 , 24.1 , 33.8 , 62.8 , 37.2 , 44.3 , 28.0 , 18.0 , 10.1 , 77.5 , 35.2 , 22 , 7 , 24.1 , 288 , 22 , 7.6 
43,켈리,23L, 3.68 , 30 , 178.2 , 746 , 2743 , 3.68 , 27.3 , 13.3 , 28.4 , 31.0 , 67.2 , 32.8 , 48.9 , 29.8 , 18.3 , 11.3 , 76.1 , 29.0 , 104 , 25 , 19.4 , 767 , 60 , 7.8 
44,슐서,23K, 3.69 , 9 , 49.2 , 221 , 815 , 3.69 , 22.5 , 14.9 , 30.2 , 32.5 , 65.0 , 35.0 , 50.4 , 32.6 , 19.2 , 12.3 , 77.1 , 33.8 , 29 , 6 , 17.1 , 288 , 25 , 8.7 
,김호준,23두, 3.69 , 3 , 3.0 , 16 , 59 , 3.69 , 10.3 , 20.7 , 34.5 , 34.5 , 49.2 , 50.9 , 44.1 , 31.3 , 23.1 , 12.2 , 60.0 , 16.7 , 2 , 0 , 0.0 , 23 , 3 , 13.0 
46,이태양,23한, 3.70 , 50 , 100.1 , 422 , 1560 , 3.70 , 26.2 , 12.5 , 30.0 , 31.4 , 66.7 , 33.3 , 49.2 , 29.9 , 16.9 , 10.5 , 77.6 , 33.4 , 56 , 16 , 22.2 , 393 , 29 , 7.4 
47,원종현,23키, 3.70 , 20 , 18.2 , 87 , 322 , 3.70 , 27.9 , 17.7 , 24.7 , 29.8 , 66.8 , 33.2 , 48.1 , 23.0 , 24.5 , 14.7 , 74.2 , 32.7 , 13 , 4 , 23.5 , 55 , 7 , 12.7 
48,최충연,23삼, 3.70 , 7 , 9.1 , 47 , 174 , 3.70 , 22.3 , 21.4 , 28.2 , 28.2 , 59.2 , 40.8 , 46.0 , 34.0 , 27.5 , 15.2 , 73.3 , 33.3 , 5 , 3 , 37.5 , 61 , 7 , 11.5 
49,조현우,23K, 3.71 , 5 , 3.0 , 17 , 63 , 3.71 , 35.0 , 7.5 , 22.5 , 35.0 , 63.5 , 36.5 , 41.3 , 23.5 , 11.5 , 6.1 , 88.9 , 35.7 , 1 , 0 , 0.0 , 2 , 0 , 0.0 
50,김영규,23N, 3.71 , 63 , 61.2 , 247 , 916 , 3.71 , 26.6 , 15.3 , 27.7 , 30.4 , 62.8 , 37.2 , 46.1 , 34.8 , 20.9 , 11.9 , 69.2 , 36.3 , 32 , 16 , 33.3 , 152 , 14 , 9.2 
51,이정용,23L, 3.72 , 37 , 86.2 , 382 , 1420 , 3.72 , 27.0 , 9.9 , 30.1 , 33.0 , 66.4 , 33.6 , 48.5 , 30.6 , 13.5 , 8.4 , 82.4 , 31.5 , 35 , 15 , 30.0 , 399 , 42 , 10.5 
52,유영찬,23L, 3.72 , 67 , 68.0 , 305 , 1134 , 3.72 , 23.0 , 17.8 , 28.9 , 30.3 , 59.0 , 41.0 , 45.4 , 27.5 , 23.1 , 12.8 , 70.5 , 37.3 , 46 , 9 , 16.4 , 366 , 33 , 9.0 
53,신정락,23롯, 3.72 , 34 , 29.0 , 128 , 476 , 3.72 , 35.8 , 12.4 , 23.1 , 28.8 , 62.8 , 37.2 , 40.3 , 20.3 , 19.3 , 9.5 , 67.5 , 35.2 , 20 , 8 , 28.6 , 108 , 9 , 8.3 
54,최원태,23키L, 3.72 , 26 , 146.2 , 632 , 2352 , 3.72 , 24.5 , 14.7 , 30.8 , 29.9 , 65.5 , 34.5 , 49.5 , 31.8 , 19.5 , 12.0 , 74.3 , 33.4 , 98 , 20 , 17.0 , 547 , 42 , 7.7 
55,김윤식,23L, 3.73 , 17 , 74.2 , 320 , 1192 , 3.73 , 29.8 , 11.1 , 25.7 , 33.4 , 62.8 , 37.3 , 44.0 , 24.4 , 15.8 , 8.8 , 78.3 , 38.7 , 30 , 12 , 28.6 , 434 , 30 , 6.9 
56,석상호,23롯, 3.73 , 5 , 5.1 , 22 , 82 , 3.73 , 31.8 , 20.5 , 15.9 , 31.8 , 53.7 , 46.3 , 36.6 , 18.2 , 30.0 , 13.2 , 25.0 , 38.5 , 3 , 3 , 50.0 , 27 , 4 , 14.8 
57,메디나,23K, 3.73 , 12 , 58.0 , 269 , 1003 , 3.73 , 31.2 , 13.4 , 24.0 , 31.4 , 61.9 , 38.1 , 42.6 , 29.0 , 19.4 , 10.3 , 77.6 , 32.4 , 26 , 10 , 27.8 , 277 , 33 , 11.9 
58,홍원표,23삼, 3.73 , 3 , 3.2 , 15 , 56 , 3.73 , 31.3 , 6.3 , 25.0 , 37.5 , 57.1 , 42.9 , 39.3 , 13.3 , 9.1 , 4.6 , 85.7 , 12.5 , 1 , 0 , 0.0 , 57 , 4 , 7.0 
59,배민서,23N, 3.74 , 6 , 6.2 , 34 , 127 , 3.74 , 14.9 , 17.6 , 31.1 , 36.5 , 58.3 , 41.7 , 49.6 , 29.4 , 20.6 , 13.0 , 79.0 , 32.1 , 4 , 0 , 0.0 , 66 , 9 , 13.6 
,홍정우,23삼, 3.74 , 36 , 36.0 , 166 , 620 , 3.74 , 26.2 , 12.2 , 28.5 , 33.2 , 58.4 , 41.6 , 43.1 , 28.3 , 16.5 , 8.8 , 75.8 , 40.9 , 20 , 2 , 9.1 , 198 , 21 , 10.6 
61,최성영,23N, 3.74 , 18 , 66.2 , 303 , 1133 , 3.74 , 30.8 , 12.4 , 24.3 , 32.5 , 61.9 , 38.1 , 42.8 , 24.4 , 17.9 , 9.6 , 80.0 , 34.4 , 28 , 10 , 26.3 , 460 , 28 , 6.1 
62,김동혁,23키, 3.74 , 35 , 39.1 , 192 , 718 , 3.74 , 25.8 , 12.0 , 30.2 , 32.0 , 62.7 , 37.3 , 46.5 , 31.8 , 16.2 , 9.4 , 81.0 , 36.4 , 18 , 6 , 25.0 , 138 , 12 , 8.7 
63,조영건,23키, 3.74 , 6 , 7.2 , 27 , 101 , 3.74 , 19.4 , 17.9 , 35.8 , 26.9 , 66.3 , 33.7 , 53.5 , 40.7 , 22.2 , 14.5 , 68.2 , 33.3 , 6 , 1 , 14.3 , 36 , 2 , 5.6 
64,문승원,23S, 3.74 , 50 , 105.0 , 479 , 1793 , 3.74 , 27.6 , 14.1 , 25.5 , 32.9 , 63.3 , 36.7 , 45.8 , 30.9 , 19.5 , 11.3 , 79.4 , 36.7 , 52 , 13 , 20.0 , 512 , 45 , 8.8 
65,김태현,23N, 3.74 , 16 , 20.1 , 90 , 337 , 3.74 , 22.2 , 17.2 , 29.3 , 31.3 , 58.8 , 41.3 , 45.7 , 32.2 , 22.1 , 12.4 , 74.1 , 29.9 , 13 , 1 , 7.1 , 122 , 8 , 6.6 
66,최하늘,23삼, 3.75 , 3 , 6.1 , 40 , 150 , 3.75 , 23.5 , 9.4 , 31.8 , 35.3 , 56.7 , 43.3 , 43.3 , 15.0 , 12.3 , 6.7 , 87.5 , 33.3 , 3 , 0 , 0.0 , 42 , 5 , 11.9 
67,김영현,23K, 3.75 , 31 , 33.0 , 150 , 563 , 3.75 , 25.9 , 21.8 , 26.5 , 25.9 , 64.5 , 35.5 , 47.8 , 31.3 , 29.4 , 16.8 , 66.0 , 36.8 , 25 , 10 , 28.6 , 126 , 10 , 7.9 
68,이상동,23K, 3.75 , 36 , 40.2 , 179 , 672 , 3.75 , 21.4 , 20.1 , 32.0 , 26.5 , 68.0 , 32.0 , 53.4 , 35.8 , 25.6 , 16.7 , 72.6 , 28.8 , 37 , 6 , 14.0 , 118 , 15 , 12.7 
69,반즈,23롯, 3.76 , 30 , 170.1 , 734 , 2757 , 3.76 , 31.5 , 17.2 , 22.8 , 28.5 , 65.6 , 34.4 , 44.9 , 29.3 , 25.1 , 13.9 , 71.9 , 34.0 , 112 , 35 , 23.8 , 809 , 56 , 6.9 
70,산체스,23K, 3.76 , 12 , 63.2 , 285 , 1071 , 3.76 , 27.2 , 17.5 , 26.8 , 28.5 , 67.9 , 32.1 , 49.4 , 31.6 , 24.0 , 14.7 , 73.6 , 28.1 , 48 , 11 , 18.6 , 241 , 21 , 8.7 
71,문용익,23삼, 3.76 , 14 , 13.0 , 59 , 222 , 3.76 , 30.2 , 17.2 , 24.1 , 28.5 , 52.3 , 47.8 , 36.5 , 20.3 , 24.7 , 10.6 , 61.3 , 34.0 , 9 , 3 , 25.0 , 98 , 10 , 10.2 
72,장원준,23두, 3.77 , 11 , 41.0 , 183 , 689 , 3.77 , 30.6 , 12.7 , 22.9 , 33.8 , 62.7 , 37.3 , 43.5 , 22.4 , 18.3 , 10.1 , 78.1 , 36.7 , 21 , 3 , 12.5 , 287 , 13 , 4.5 
,김선기,23키, 3.77 , 17 , 43.2 , 200 , 753 , 3.77 , 30.8 , 10.0 , 26.9 , 32.3 , 63.8 , 36.3 , 44.1 , 28.0 , 14.5 , 8.0 , 78.2 , 33.8 , 20 , 9 , 31.0 , 236 , 11 , 4.7 
74,곽도규,23K, 3.77 , 14 , 11.2 , 61 , 230 , 3.77 , 43.1 , 14.6 , 15.4 , 26.9 , 56.5 , 43.5 , 32.2 , 18.0 , 25.7 , 9.7 , 53.3 , 40.0 , 11 , 3 , 21.4 , 73 , 5 , 6.9 
75,양현종,23K, 3.77 , 29 , 171.0 , 729 , 2751 , 3.77 , 26.1 , 14.4 , 29.2 , 30.3 , 65.6 , 34.4 , 48.5 , 31.3 , 19.4 , 11.8 , 75.0 , 33.1 , 107 , 26 , 19.6 , 678 , 47 , 6.9 
76,이용찬,23N, 3.78 , 60 , 61.0 , 254 , 959 , 3.78 , 25.9 , 18.0 , 28.3 , 27.9 , 67.8 , 32.2 , 50.3 , 32.3 , 24.3 , 15.0 , 75.0 , 28.7 , 42 , 9 , 17.7 , 216 , 12 , 5.6 
77,하영민,23키, 3.78 , 57 , 52.1 , 247 , 933 , 3.78 , 23.5 , 20.0 , 27.2 , 29.3 , 62.2 , 37.8 , 47.6 , 28.7 , 26.1 , 15.2 , 68.7 , 31.5 , 46 , 5 , 9.8 , 242 , 33 , 13.6 
78,이원재,23두, 3.78 , 1 , 1.0 , 9 , 34 , 3.78 , 53.3 , 0.0 , 6.7 , 40.0 , 44.1 , 55.9 , 20.6 , 0.0 , 0.0 , 0.0 , 100.0 , 60.0 , 0 , 0 ,  , 5 , 0 , 0.0 
79,전상현,23K, 3.78 , 64 , 58.2 , 250 , 945 , 3.78 , 28.5 , 16.1 , 26.3 , 29.0 , 63.1 , 36.9 , 45.1 , 33.6 , 22.5 , 12.4 , 71.3 , 32.6 , 34 , 16 , 32.0 , 242 , 19 , 7.9 
80,최동환,23L, 3.78 , 45 , 42.1 , 189 , 715 , 3.78 , 18.5 , 14.4 , 34.8 , 32.4 , 64.3 , 35.7 , 52.5 , 40.2 , 17.6 , 11.7 , 85.8 , 29.5 , 18 , 2 , 10.0 , 151 , 15 , 9.9 
81,제환유,23두, 3.79 , 1 , 2.0 , 14 , 53 , 3.79 , 40.7 , 11.1 , 18.5 , 29.6 , 50.9 , 49.1 , 30.2 , 21.4 , 18.8 , 6.7 , 60.0 , 54.6 , 1 , 1 , 50.0 , 11 , 2 , 18.2 
,이인복,23롯, 3.79 , 10 , 33.1 , 168 , 636 , 3.79 , 24.2 , 10.1 , 31.6 , 34.1 , 63.7 , 36.3 , 48.3 , 29.2 , 13.4 , 8.2 , 87.2 , 33.5 , 12 , 3 , 20.0 , 178 , 15 , 8.4 
83,최원준,23두, 3.79 , 26 , 107.2 , 465 , 1763 , 3.79 , 25.9 , 12.7 , 30.2 , 31.2 , 64.3 , 35.7 , 47.7 , 32.5 , 17.1 , 10.2 , 77.5 , 38.6 , 58 , 13 , 18.3 , 360 , 26 , 7.2 
84,백정현,23삼, 3.79 , 18 , 100.2 , 419 , 1589 , 3.79 , 27.7 , 13.1 , 26.6 , 32.6 , 63.4 , 36.6 , 45.8 , 25.5 , 18.1 , 10.5 , 79.0 , 36.2 , 51 , 10 , 16.4 , 377 , 30 , 8.0 
85,김태훈,23키삼, 3.79 , 71 , 63.1 , 306 , 1161 , 3.79 , 25.9 , 13.5 , 29.3 , 31.3 , 60.6 , 39.5 , 44.9 , 32.0 , 18.2 , 10.1 , 79.8 , 35.6 , 30 , 10 , 25.0 , 324 , 25 , 7.7 
86,윤석원,23키, 3.80 , 21 , 24.0 , 110 , 418 , 3.80 , 27.6 , 6.5 , 29.9 , 36.0 , 62.4 , 37.6 , 45.2 , 23.6 , 9.0 , 5.3 , 90.0 , 28.6 , 5 , 3 , 37.5 , 110 , 11 , 10.0 
,허윤동,23삼, 3.80 , 7 , 10.2 , 60 , 228 , 3.80 , 27.4 , 16.3 , 26.7 , 29.6 , 59.2 , 40.8 , 43.0 , 30.0 , 22.5 , 11.7 , 80.0 , 50.8 , 7 , 1 , 12.5 , 64 , 7 , 10.9 
88,뷰캐넌,23삼, 3.81 , 30 , 188.0 , 784 , 2984 , 3.81 , 26.6 , 14.0 , 29.9 , 29.6 , 67.5 , 32.5 , 49.6 , 31.1 , 19.0 , 11.8 , 77.5 , 32.5 , 106 , 33 , 23.7 , 652 , 46 , 7.1 
89,최이준,23롯, 3.82 , 28 , 29.0 , 143 , 546 , 3.82 , 29.9 , 11.8 , 25.8 , 32.5 , 57.5 , 42.5 , 40.3 , 26.6 , 16.8 , 8.3 , 74.0 , 33.6 , 13 , 7 , 35.0 , 219 , 22 , 10.1 
90,태너,23N, 3.82 , 11 , 64.2 , 265 , 1012 , 3.82 , 24.6 , 14.8 , 30.8 , 29.9 , 67.5 , 32.5 , 50.9 , 33.2 , 19.6 , 12.5 , 78.7 , 34.1 , 44 , 3 , 6.4 , 279 , 20 , 7.2 
91,정우영,23L, 3.82 , 60 , 51.2 , 245 , 936 , 3.82 , 38.6 , 7.8 , 24.0 , 29.7 , 62.0 , 38.0 , 38.0 , 15.5 , 12.6 , 5.9 , 74.9 , 36.8 , 18 , 23 , 56.1 , 328 , 18 , 5.5 
92,장민재,23한, 3.82 , 25 , 69.0 , 308 , 1177 , 3.82 , 32.0 , 15.7 , 23.0 , 29.3 , 63.8 , 36.2 , 43.4 , 25.7 , 23.1 , 12.3 , 71.8 , 34.5 , 49 , 12 , 19.7 , 287 , 24 , 8.4 
93,신헌민,23S, 3.82 , 11 , 12.0 , 62 , 237 , 3.82 , 30.6 , 4.9 , 31.3 , 33.3 , 60.8 , 39.2 , 42.2 , 22.6 , 7.0 , 3.7 , 81.8 , 31.3 , 2 , 6 , 75.0 , 100 , 7 , 7.0 
94,이호성,23삼, 3.83 , 5 , 17.0 , 71 , 272 , 3.83 , 28.4 , 12.3 , 27.1 , 32.3 , 57.0 , 43.0 , 40.8 , 23.9 , 17.1 , 8.6 , 68.4 , 33.3 , 8 , 3 , 27.3 , 136 , 10 , 7.4 
95,서동민,23S, 3.83 , 2 , 1.0 , 6 , 23 , 3.83 , 11.1 , 33.3 , 33.3 , 22.2 , 39.1 , 60.9 , 34.8 , 50.0 , 37.5 , 14.3 , 66.7 , 25.0 , 1 , 0 , 0.0 , 3 , 0 , 0.0 
,배재준,23L, 3.83 , 1 , 1.0 , 6 , 23 , 3.83 , 35.7 , 14.3 , 14.3 , 35.7 , 60.9 , 39.1 , 39.1 , 16.7 , 22.2 , 11.1 , 100.0 , 40.0 , 0 , 0 ,  , 1 , 0 , 0.0 
97,김재윤,23K, 3.84 , 59 , 65.2 , 262 , 1005 , 3.84 , 22.5 , 13.6 , 37.3 , 26.6 , 70.3 , 29.8 , 54.4 , 39.3 , 17.6 , 11.8 , 76.2 , 28.6 , 46 , 14 , 23.3 , 214 , 9 , 4.2 
98,김유신,23K, 3.84 , 27 , 30.1 , 141 , 541 , 3.84 , 27.7 , 11.4 , 28.0 , 32.9 , 60.1 , 39.9 , 43.4 , 24.8 , 15.7 , 8.5 , 87.5 , 30.4 , 9 , 3 , 25.0 , 268 , 15 , 5.6 
99,페냐,23한, 3.84 , 32 , 177.1 , 751 , 2886 , 3.84 , 26.9 , 18.9 , 25.2 , 29.1 , 62.8 , 37.2 , 46.0 , 30.2 , 25.9 , 14.5 , 70.6 , 35.6 , 129 , 18 , 12.2 , 861 , 61 , 7.1 
100,이재익,23삼, 3.85 , 51 , 41.0 , 181 , 696 , 3.85 , 34.2 , 10.2 , 24.3 , 31.3 , 63.4 , 36.6 , 41.7 , 20.4 , 15.5 , 8.1 , 80.3 , 38.4 , 19 , 7 , 26.9 , 252 , 17 , 6.8 
101,알칸타라,23두, 3.85 , 31 , 192.0 , 777 , 2988 , 3.85 , 27.6 , 14.7 , 29.7 , 28.1 , 68.5 , 31.5 , 49.6 , 28.1 , 20.3 , 12.5 , 75.6 , 32.3 , 126 , 36 , 22.2 , 604 , 53 , 8.8 
,요키시,23키, 3.85 , 12 , 65.2 , 286 , 1100 , 3.85 , 27.5 , 14.0 , 28.0 , 30.5 , 64.9 , 35.1 , 47.1 , 26.2 , 19.3 , 11.3 , 75.8 , 33.8 , 37 , 14 , 27.5 , 180 , 18 , 10.0 
103,김재웅,23키, 3.85 , 67 , 59.2 , 250 , 962 , 3.85 , 30.6 , 15.5 , 23.0 , 30.9 , 60.5 , 39.5 , 42.0 , 26.8 , 22.3 , 11.5 , 69.9 , 37.8 , 31 , 15 , 32.6 , 287 , 21 , 7.3 
104,안우진,23키, 3.85 , 24 , 150.2 , 608 , 2342 , 3.85 , 24.7 , 21.4 , 27.2 , 26.7 , 64.8 , 35.2 , 48.8 , 34.7 , 28.5 , 16.8 , 64.1 , 34.1 , 136 , 28 , 17.1 , 598 , 51 , 8.5 
,임기영,23K, 3.85 , 64 , 82.0 , 324 , 1248 , 3.85 , 26.8 , 17.2 , 26.6 , 29.5 , 65.8 , 34.2 , 48.2 , 25.9 , 23.5 , 14.0 , 76.3 , 32.4 , 51 , 6 , 10.5 , 378 , 24 , 6.4 
,이상영,23L, 3.85 , 6 , 11.0 , 54 , 208 , 3.85 , 36.7 , 11.9 , 15.6 , 35.8 , 52.4 , 47.6 , 33.2 , 13.0 , 18.8 , 7.7 , 83.3 , 47.8 , 3 , 1 , 25.0 , 68 , 6 , 8.8 
107,벤자민,23K, 3.85 , 29 , 160.0 , 684 , 2636 , 3.85 , 30.2 , 14.5 , 28.1 , 27.2 , 66.9 , 33.1 , 46.7 , 32.2 , 20.8 , 11.9 , 71.6 , 34.1 , 100 , 57 , 36.3 , 517 , 49 , 9.5 
108,강건,23K, 3.86 , 4 , 6.2 , 28 , 108 , 3.86 , 33.9 , 15.4 , 24.6 , 26.2 , 60.2 , 39.8 , 39.8 , 28.6 , 23.3 , 11.0 , 46.7 , 42.3 , 4 , 4 , 50.0 , 60 , 6 , 10.0 
109,백승건,23S, 3.86 , 25 , 38.0 , 170 , 656 , 3.86 , 32.5 , 15.1 , 21.2 , 31.2 , 60.5 , 39.5 , 40.9 , 27.7 , 22.4 , 11.3 , 71.8 , 38.7 , 22 , 7 , 24.1 , 237 , 20 , 8.4 
110,황동하,23K, 3.87 , 13 , 31.1 , 149 , 576 , 3.87 , 32.9 , 11.9 , 23.2 , 32.1 , 58.5 , 41.5 , 39.2 , 19.5 , 17.7 , 8.6 , 77.4 , 38.2 , 16 , 3 , 15.8 , 227 , 21 , 9.3 
111,플럿코,23L, 3.87 , 21 , 123.1 , 510 , 1972 , 3.87 , 26.5 , 14.7 , 29.8 , 29.0 , 65.6 , 34.4 , 48.2 , 31.2 , 20.0 , 11.9 , 75.4 , 31.7 , 80 , 21 , 20.8 , 582 , 41 , 7.0 
112,최승용,23두, 3.87 , 34 , 111.0 , 479 , 1853 , 3.87 , 29.5 , 11.8 , 29.1 , 29.6 , 65.4 , 34.7 , 46.1 , 29.4 , 16.7 , 9.6 , 77.0 , 34.9 , 62 , 20 , 24.4 , 320 , 25 , 7.8 
113,서진용,23S, 3.87 , 69 , 72.2 , 322 , 1247 , 3.87 , 28.2 , 17.8 , 26.2 , 27.9 , 59.5 , 40.5 , 42.7 , 27.6 , 24.8 , 12.7 , 68.2 , 38.5 , 53 , 10 , 15.9 , 462 , 33 , 7.1 
,이우찬,23L, 3.87 , 38 , 38.1 , 157 , 608 , 3.87 , 27.4 , 14.9 , 26.5 , 31.2 , 56.4 , 43.6 , 41.0 , 24.8 , 20.5 , 10.2 , 65.9 , 40.6 , 25 , 5 , 16.7 , 292 , 22 , 7.5 
115,엘리아스,23S, 3.87 , 22 , 131.1 , 548 , 2123 , 3.87 , 28.1 , 14.8 , 27.0 , 30.1 , 65.1 , 34.9 , 46.9 , 27.2 , 20.6 , 12.0 , 77.1 , 33.8 , 77 , 16 , 17.2 , 621 , 50 , 8.1 
116,김범수,23한, 3.88 , 76 , 62.1 , 283 , 1097 , 3.88 , 29.9 , 15.5 , 25.9 , 28.7 , 61.9 , 38.1 , 43.4 , 26.9 , 22.1 , 11.6 , 74.3 , 32.0 , 35 , 17 , 32.7 , 370 , 28 , 7.6 
,장현식,23K, 3.88 , 56 , 51.0 , 226 , 876 , 3.88 , 20.9 , 17.7 , 32.5 , 28.9 , 61.2 , 38.8 , 48.4 , 34.1 , 22.4 , 13.2 , 71.5 , 35.8 , 39 , 5 , 11.4 , 232 , 24 , 10.3 
118,윤영철,23K, 3.88 , 25 , 122.2 , 528 , 2047 , 3.88 , 28.0 , 14.1 , 25.4 , 32.5 , 61.0 , 39.0 , 43.9 , 23.7 , 19.6 , 10.7 , 77.7 , 35.6 , 61 , 13 , 17.6 , 621 , 54 , 8.7 
119,나균안,23롯, 3.88 , 23 , 130.1 , 569 , 2208 , 3.88 , 27.3 , 16.0 , 28.1 , 28.6 , 64.7 , 35.3 , 47.1 , 30.6 , 22.0 , 12.7 , 74.0 , 35.8 , 86 , 28 , 24.6 , 598 , 42 , 7.0 
120,최성훈,23L, 3.88 , 5 , 3.0 , 17 , 66 , 3.88 , 17.5 , 15.0 , 32.5 , 35.0 , 60.6 , 39.4 , 50.0 , 23.5 , 18.2 , 11.5 , 83.3 , 20.0 , 1 , 1 , 50.0 , 24 , 4 , 16.7 
121,한승혁,23한, 3.89 , 21 , 36.1 , 176 , 684 , 3.89 , 25.6 , 16.8 , 27.3 , 30.2 , 59.9 , 40.1 , 44.6 , 32.4 , 22.6 , 12.3 , 75.2 , 40.5 , 25 , 3 , 10.7 , 227 , 23 , 10.1 
122,임찬규,23L, 3.89 , 30 , 144.2 , 632 , 2458 , 3.89 , 27.5 , 16.2 , 27.0 , 29.3 , 65.3 , 34.7 , 47.3 , 25.6 , 22.4 , 13.1 , 80.0 , 30.2 , 85 , 18 , 17.5 , 680 , 52 , 7.7 
,임정호,23N, 3.89 , 65 , 50.0 , 216 , 840 , 3.89 , 31.1 , 14.0 , 27.1 , 27.7 , 62.7 , 37.3 , 43.2 , 20.4 , 20.4 , 10.7 , 69.1 , 33.3 , 34 , 15 , 30.6 , 210 , 12 , 5.7 
,딜런,23두, 3.89 , 2 , 9.0 , 45 , 175 , 3.89 , 21.1 , 13.8 , 30.3 , 34.9 , 62.3 , 37.7 , 49.1 , 26.7 , 17.4 , 11.0 , 93.8 , 38.5 , 2 , 0 , 0.0 , 41 , 6 , 14.6 
125,오승환,23삼, 3.89 , 58 , 62.2 , 264 , 1027 , 3.89 , 23.4 , 17.3 , 29.7 , 29.7 , 66.6 , 33.4 , 51.0 , 29.9 , 22.5 , 14.3 , 79.7 , 34.0 , 42 , 2 , 4.6 , 200 , 18 , 9.0 
126,양창섭,23삼, 3.89 , 15 , 28.2 , 141 , 549 , 3.89 , 23.2 , 12.1 , 31.0 , 33.7 , 60.5 , 39.5 , 46.5 , 27.0 , 15.7 , 9.2 , 87.9 , 38.9 , 10 , 2 , 16.7 , 185 , 23 , 12.4 
127,김정우,23두, 3.90 , 7 , 6.2 , 38 , 148 , 3.90 , 27.4 , 13.7 , 32.6 , 26.3 , 64.2 , 35.8 , 46.6 , 26.3 , 18.8 , 10.6 , 81.3 , 33.3 , 3 , 3 , 50.0 , 16 , 5 , 31.3 
128,박진,23롯, 3.90 , 4 , 5.0 , 29 , 113 , 3.90 , 35.0 , 10.0 , 21.7 , 33.3 , 53.1 , 46.9 , 34.5 , 27.6 , 15.4 , 6.5 , 81.8 , 50.0 , 2 , 0 , 0.0 , 18 , 3 , 16.7 
129,이재학,23N, 3.90 , 15 , 67.1 , 293 , 1142 , 3.90 , 30.0 , 14.7 , 25.0 , 30.3 , 61.3 , 38.7 , 42.9 , 23.6 , 21.0 , 11.1 , 77.8 , 29.8 , 34 , 9 , 20.9 , 415 , 29 , 7.0 
,소형준,23K, 3.90 , 3 , 11.0 , 59 , 230 , 3.90 , 29.1 , 7.4 , 30.4 , 33.1 , 64.4 , 35.7 , 45.7 , 20.3 , 10.5 , 6.1 , 90.2 , 40.6 , 4 , 0 , 0.0 , 65 , 7 , 10.8 
131,우규민,23삼, 3.90 , 56 , 43.0 , 188 , 733 , 3.90 , 23.8 , 14.0 , 30.6 , 31.7 , 65.5 , 34.5 , 49.9 , 27.7 , 18.3 , 11.5 , 80.5 , 29.4 , 24 , 4 , 14.3 , 173 , 10 , 5.8 
132,앤더슨,23K, 3.91 , 14 , 79.0 , 336 , 1312 , 3.91 , 26.2 , 16.0 , 28.4 , 29.4 , 63.2 , 36.8 , 46.7 , 31.0 , 21.7 , 12.5 , 73.3 , 35.7 , 56 , 8 , 12.5 , 392 , 29 , 7.4 
133,장시환,23한, 3.91 , 39 , 34.2 , 153 , 598 , 3.91 , 30.2 , 14.4 , 26.0 , 29.4 , 59.2 , 40.8 , 41.3 , 26.1 , 20.7 , 10.3 , 72.7 , 34.4 , 19 , 5 , 20.8 , 216 , 13 , 6.0 
134,노경은,23S, 3.91 , 76 , 83.0 , 357 , 1396 , 3.91 , 22.7 , 17.9 , 30.8 , 28.6 , 63.2 , 36.8 , 48.9 , 31.9 , 23.2 , 13.8 , 75.7 , 35.0 , 57 , 8 , 12.3 , 379 , 27 , 7.1 
,김대우,23삼, 3.91 , 44 , 64.0 , 277 , 1083 , 3.91 , 27.9 , 13.0 , 30.5 , 28.6 , 65.5 , 34.5 , 47.2 , 23.8 , 18.0 , 10.5 , 78.1 , 28.4 , 37 , 12 , 24.5 , 329 , 26 , 7.9 
136,박치국,23두, 3.91 , 62 , 52.2 , 236 , 923 , 3.91 , 26.1 , 15.6 , 31.0 , 27.4 , 64.0 , 36.0 , 47.4 , 32.6 , 21.1 , 12.1 , 74.3 , 36.0 , 39 , 9 , 18.8 , 218 , 18 , 8.3 
,배제성,23K, 3.91 , 26 , 130.1 , 596 , 2331 , 3.91 , 28.7 , 12.4 , 27.5 , 31.5 , 59.7 , 40.3 , 42.6 , 23.7 , 17.3 , 9.1 , 79.4 , 38.3 , 59 , 20 , 25.3 , 733 , 59 , 8.1 
138,최민준,23S, 3.91 , 53 , 60.0 , 262 , 1025 , 3.91 , 28.5 , 11.4 , 27.9 , 32.1 , 62.2 , 37.8 , 44.5 , 25.2 , 16.0 , 8.9 , 80.4 , 38.0 , 25 , 12 , 32.4 , 250 , 25 , 10.0 
,최지강,23두, 3.91 , 25 , 22.0 , 102 , 399 , 3.91 , 32.6 , 12.8 , 23.9 , 30.7 , 54.6 , 45.4 , 36.8 , 22.6 , 19.1 , 8.4 , 75.9 , 29.9 , 10 , 4 , 28.6 , 101 , 8 , 7.9 
140,김광현,23S, 3.92 , 30 , 168.1 , 713 , 2798 , 3.92 , 31.2 , 14.6 , 24.4 , 29.8 , 62.6 , 37.4 , 43.0 , 25.7 , 21.2 , 11.2 , 75.9 , 36.7 , 94 , 25 , 21.0 , 791 , 43 , 5.4 
141,수아레즈,23삼, 3.93 , 19 , 108.0 , 479 , 1881 , 3.93 , 23.7 , 18.1 , 29.1 , 29.1 , 65.2 , 34.8 , 49.8 , 34.9 , 23.7 , 14.6 , 76.5 , 36.3 , 70 , 18 , 20.5 , 427 , 32 , 7.5 
142,이명종,23키, 3.93 , 45 , 57.0 , 260 , 1022 , 3.93 , 32.7 , 8.7 , 25.7 , 32.9 , 60.7 , 39.3 , 40.8 , 21.5 , 13.0 , 6.6 , 83.8 , 33.5 , 19 , 7 , 26.9 , 332 , 20 , 6.0 
143,주현상,23한, 3.93 , 55 , 59.2 , 228 , 897 , 3.93 , 26.0 , 15.0 , 31.0 , 28.1 , 65.6 , 34.5 , 48.5 , 29.8 , 20.2 , 12.0 , 75.5 , 31.9 , 36 , 9 , 20.0 , 218 , 20 , 9.2 
144,산체스,23한, 3.94 , 24 , 126.0 , 540 , 2125 , 3.94 , 29.0 , 13.4 , 28.1 , 29.5 , 65.0 , 35.0 , 46.1 , 25.6 , 18.9 , 10.8 , 76.3 , 32.3 , 71 , 28 , 28.3 , 767 , 52 , 6.8 
145,이기순,23S, 3.94 , 2 , 3.0 , 16 , 63 , 3.94 , 29.4 , 20.6 , 23.5 , 26.5 , 54.0 , 46.0 , 38.1 , 12.5 , 29.2 , 13.0 , 66.7 , 30.8 , 3 , 0 , 0.0 , 4 , 1 , 25.0 
146,이상민,23삼, 3.94 , 23 , 18.0 , 83 , 327 , 3.94 , 31.6 , 14.0 , 25.1 , 29.3 , 65.8 , 34.3 , 45.0 , 28.9 , 20.4 , 11.4 , 73.0 , 37.0 , 13 , 4 , 23.5 , 66 , 7 , 10.6 
147,홍건희,23두, 3.94 , 64 , 61.2 , 277 , 1092 , 3.94 , 23.5 , 18.5 , 30.5 , 27.6 , 63.5 , 36.5 , 48.5 , 32.5 , 24.2 , 14.2 , 73.0 , 34.3 , 50 , 12 , 19.4 , 326 , 25 , 7.7 
148,엄상백,23K, 3.94 , 20 , 111.2 , 454 , 1790 , 3.94 , 28.0 , 14.1 , 29.9 , 28.1 , 66.4 , 33.6 , 47.8 , 28.2 , 19.5 , 11.5 , 76.7 , 34.2 , 68 , 21 , 23.6 , 351 , 31 , 8.8 
,김정운,23K, 3.94 , 5 , 7.0 , 35 , 138 , 3.94 , 30.0 , 10.0 , 30.0 , 30.0 , 58.0 , 42.0 , 40.6 , 22.9 , 14.3 , 7.0 , 88.0 , 34.2 , 3 , 0 , 0.0 , 58 , 5 , 8.6 
150,송명기,23N, 3.95 , 35 , 104.1 , 474 , 1871 , 3.95 , 27.2 , 13.4 , 28.8 , 30.7 , 61.2 , 38.8 , 44.6 , 25.3 , 18.4 , 10.1 , 80.4 , 39.7 , 50 , 15 , 23.1 , 516 , 46 , 8.9 
,김민우,23한, 3.95 , 12 , 51.2 , 243 , 959 , 3.95 , 26.3 , 18.2 , 26.2 , 29.3 , 60.6 , 39.4 , 44.6 , 26.8 , 24.8 , 13.4 , 72.1 , 35.3 , 38 , 5 , 11.6 , 281 , 25 , 8.9 
152,임창민,23키, 3.95 , 51 , 46.2 , 209 , 826 , 3.95 , 27.9 , 16.2 , 27.9 , 27.9 , 65.0 , 35.0 , 46.9 , 26.8 , 22.5 , 12.9 , 76.5 , 35.6 , 32 , 8 , 20.0 , 165 , 17 , 10.3 
,와이드너,23N삼, 3.95 , 21 , 115.0 , 495 , 1956 , 3.95 , 29.2 , 14.5 , 28.7 , 27.6 , 64.9 , 35.1 , 46.0 , 27.9 , 20.5 , 11.5 , 76.1 , 30.7 , 75 , 24 , 24.2 , 484 , 35 , 7.2 
154,최채흥,23삼, 3.96 , 15 , 63.1 , 295 , 1167 , 3.96 , 28.3 , 10.6 , 29.5 , 31.7 , 65.7 , 34.3 , 47.1 , 27.1 , 14.7 , 8.8 , 86.6 , 28.9 , 29 , 4 , 12.1 , 280 , 27 , 9.6 
155,오원석,23S, 3.96 , 28 , 144.2 , 648 , 2564 , 3.96 , 29.6 , 12.8 , 26.9 , 30.6 , 61.4 , 38.7 , 43.2 , 22.1 , 18.3 , 9.7 , 80.8 , 35.1 , 66 , 22 , 25.0 , 832 , 58 , 7.0 
156,한승주,23한, 3.96 , 47 , 70.2 , 320 , 1267 , 3.96 , 30.0 , 13.7 , 26.7 , 29.6 , 61.3 , 38.8 , 42.9 , 22.8 , 19.5 , 10.2 , 76.1 , 37.9 , 44 , 11 , 20.0 , 291 , 31 , 10.7 
,송영진,23S, 3.96 , 17 , 47.1 , 220 , 871 , 3.96 , 32.4 , 13.5 , 25.0 , 29.1 , 58.8 , 41.2 , 39.7 , 21.4 , 19.9 , 9.6 , 72.2 , 36.6 , 31 , 7 , 18.4 , 308 , 25 , 8.1 
158,박영현,23K, 3.96 , 68 , 75.1 , 308 , 1220 , 3.96 , 30.3 , 15.9 , 28.9 , 24.9 , 67.1 , 33.0 , 46.7 , 27.6 , 22.8 , 12.8 , 71.1 , 34.2 , 53 , 26 , 32.9 , 256 , 23 , 9.0 
159,김성진,23키, 3.96 , 55 , 47.0 , 208 , 824 , 3.96 , 24.0 , 18.1 , 29.5 , 28.4 , 61.7 , 38.4 , 46.8 , 32.2 , 23.8 , 13.5 , 75.3 , 34.5 , 36 , 2 , 5.3 , 211 , 14 , 6.6 
,윤정현,23키, 3.96 , 5 , 6.0 , 26 , 103 , 3.96 , 28.9 , 9.6 , 26.9 , 34.6 , 50.5 , 49.5 , 35.9 , 19.2 , 13.5 , 5.9 , 85.7 , 33.3 , 2 , 0 , 0.0 , 41 , 4 , 9.8 
161,윌커슨,23롯, 3.96 , 13 , 79.2 , 327 , 1296 , 3.96 , 26.1 , 19.2 , 29.0 , 25.8 , 67.1 , 32.9 , 49.6 , 29.4 , 26.0 , 15.6 , 72.3 , 36.5 , 69 , 12 , 14.8 , 211 , 14 , 6.6 
162,이승현,23삼, 3.97 , 48 , 43.1 , 199 , 789 , 3.97 , 27.6 , 17.2 , 28.0 , 27.2 , 61.1 , 38.9 , 44.2 , 27.1 , 23.8 , 12.6 , 74.0 , 33.6 , 31 , 6 , 16.2 , 234 , 17 , 7.3 
163,조민석,23N, 3.97 , 35 , 31.0 , 137 , 544 , 3.97 , 25.7 , 16.0 , 29.5 , 28.8 , 58.6 , 41.4 , 43.6 , 29.9 , 21.5 , 11.3 , 68.5 , 32.1 , 23 , 5 , 17.9 , 262 , 17 , 6.5 
164,정철원,23두, 3.98 , 67 , 72.2 , 315 , 1254 , 3.98 , 26.0 , 15.3 , 29.3 , 29.5 , 61.2 , 38.8 , 45.3 , 31.8 , 20.6 , 11.4 , 76.7 , 40.2 , 43 , 12 , 21.8 , 366 , 31 , 8.5 
165,박상원,23한, 3.98 , 55 , 61.2 , 277 , 1103 , 3.98 , 25.2 , 18.2 , 29.2 , 27.4 , 62.2 , 37.8 , 46.5 , 28.2 , 24.4 , 13.7 , 72.6 , 33.6 , 50 , 7 , 12.3 , 377 , 29 , 7.7 
166,원태인,23삼, 3.98 , 26 , 150.0 , 633 , 2521 , 3.98 , 25.4 , 14.3 , 30.1 , 30.3 , 64.5 , 35.5 , 48.1 , 28.9 , 19.1 , 11.4 , 80.6 , 34.0 , 82 , 20 , 19.6 , 743 , 59 , 7.9 
167,윤대경,23한, 4.00 , 47 , 47.2 , 199 , 795 , 4.00 , 22.9 , 15.4 , 33.2 , 28.5 , 64.4 , 35.6 , 49.7 , 29.7 , 20.0 , 12.2 , 82.8 , 29.0 , 19 , 9 , 32.1 , 217 , 22 , 10.1 
168,백승현,23L, 4.00 , 42 , 40.0 , 162 , 648 , 4.00 , 28.9 , 14.5 , 27.7 , 28.9 , 60.8 , 39.2 , 43.2 , 27.2 , 20.4 , 10.7 , 74.8 , 37.0 , 24 , 6 , 20.0 , 231 , 14 , 6.1 
,이승호,23키, 4.00 , 4 , 5.0 , 24 , 96 , 4.00 , 30.0 , 4.0 , 28.0 , 38.0 , 52.1 , 47.9 , 36.5 , 29.2 , 5.7 , 2.6 , 90.0 , 41.2 , 1 , 0 , 0.0 , 49 , 5 , 10.2 
,오석주,23L, 4.00 , 9 , 10.0 , 44 , 176 , 4.00 , 29.3 , 16.0 , 26.4 , 28.3 , 60.2 , 39.8 , 42.6 , 20.5 , 22.7 , 11.6 , 60.7 , 31.7 , 10 , 1 , 9.1 , 66 , 6 , 9.1 
,장지수,23한, 4.00 , 1 , 2.0 , 11 , 44 , 4.00 , 22.2 , 11.1 , 33.3 , 33.3 , 61.4 , 38.6 , 47.7 , 27.3 , 14.3 , 8.6 , 100.0 , 36.4 , 0 , 0 ,  , 1 , 1 , 100.0 
,이승진,23두, 4.00 , 1 , 0.2 , 6 , 24 , 4.00 , 30.8 , 23.1 , 23.1 , 23.1 , 54.2 , 45.8 , 37.5 , 16.7 , 33.3 , 14.3 , 80.0 , 37.5 , 1 , 0 , 0.0 , 2 , 1 , 50.0 
,이지강,23L, 4.00 , 22 , 68.0 , 299 , 1196 , 4.00 , 27.0 , 14.1 , 27.8 , 31.2 , 60.1 , 39.9 , 43.9 , 23.8 , 19.2 , 10.4 , 81.6 , 36.9 , 33 , 5 , 13.2 , 449 , 34 , 7.6 
174,박세웅,23롯, 4.00 , 27 , 154.0 , 657 , 2630 , 4.00 , 29.3 , 15.7 , 27.0 , 28.1 , 62.9 , 37.1 , 44.5 , 27.6 , 22.1 , 12.0 , 74.4 , 37.5 , 108 , 21 , 16.3 , 779 , 53 , 6.8 
175,김시훈,23N, 4.00 , 61 , 52.2 , 245 , 981 , 4.00 , 31.2 , 16.1 , 25.0 , 27.6 , 59.4 , 40.6 , 40.9 , 20.8 , 23.4 , 11.5 , 70.1 , 34.9 , 40 , 9 , 18.4 , 331 , 27 , 8.2 
176,최준용,23롯, 4.01 , 47 , 47.2 , 210 , 841 , 4.01 , 26.6 , 16.5 , 28.7 , 28.3 , 63.5 , 36.5 , 46.6 , 23.3 , 22.5 , 12.8 , 75.9 , 26.7 , 34 , 6 , 15.0 , 272 , 21 , 7.7 
177,이영하,23두, 4.02 , 36 , 39.1 , 184 , 739 , 4.02 , 27.3 , 14.4 , 28.8 , 29.5 , 60.1 , 39.9 , 43.7 , 26.1 , 19.8 , 10.5 , 77.2 , 34.3 , 21 , 7 , 25.0 , 257 , 21 , 8.2 
178,전용주,23K, 4.02 , 15 , 10.1 , 43 , 173 , 4.02 , 27.8 , 12.4 , 32.0 , 27.8 , 56.1 , 43.9 , 40.5 , 39.5 , 17.1 , 8.2 , 63.0 , 43.8 , 7 , 2 , 22.2 , 55 , 5 , 9.1 
179,스트레일리,23롯, 4.03 , 16 , 80.1 , 364 , 1465 , 4.03 , 31.1 , 15.2 , 27.0 , 26.8 , 63.0 , 37.0 , 43.4 , 27.8 , 22.0 , 11.5 , 75.9 , 33.7 , 51 , 19 , 27.1 , 449 , 33 , 7.4 
180,오상원,23키, 4.03 , 11 , 15.0 , 74 , 298 , 4.03 , 23.7 , 9.5 , 34.3 , 32.5 , 56.7 , 43.3 , 43.3 , 24.3 , 12.4 , 6.6 , 85.1 , 36.5 , 6 , 1 , 14.3 , 112 , 12 , 10.7 
181,조성훈,23S, 4.03 , 2 , 7.0 , 34 , 137 , 4.03 , 32.1 , 9.0 , 28.2 , 30.8 , 56.9 , 43.1 , 38.7 , 20.6 , 13.2 , 6.2 , 78.3 , 30.3 , 4 , 0 , 0.0 , 51 , 4 , 7.8 
182,파노니,23K, 4.03 , 16 , 82.1 , 351 , 1416 , 4.03 , 29.3 , 12.8 , 29.8 , 28.2 , 65.2 , 34.8 , 46.1 , 23.1 , 18.1 , 10.2 , 77.0 , 33.6 , 52 , 14 , 21.2 , 309 , 19 , 6.2 
,우강훈,23롯, 4.03 , 3 , 6.0 , 29 , 117 , 4.03 , 20.6 , 13.2 , 38.2 , 27.9 , 58.1 , 41.9 , 46.2 , 34.5 , 16.7 , 9.2 , 76.2 , 38.2 , 5 , 0 , 0.0 , 29 , 2 , 6.9 
,박명근,23L, 4.03 , 57 , 51.1 , 236 , 952 , 4.03 , 24.7 , 15.7 , 32.1 , 27.6 , 61.8 , 38.2 , 46.5 , 30.9 , 20.8 , 11.7 , 79.9 , 38.2 , 32 , 8 , 20.0 , 208 , 24 , 11.5 
185,최지민,23K, 4.04 , 58 , 59.1 , 244 , 985 , 4.04 , 30.1 , 15.5 , 26.3 , 28.1 , 61.4 , 38.6 , 42.9 , 27.5 , 22.2 , 11.5 , 74.9 , 35.6 , 30 , 14 , 31.8 , 331 , 24 , 7.3 
186,김기중,23한, 4.04 , 37 , 56.1 , 253 , 1022 , 4.04 , 30.8 , 14.6 , 27.1 , 27.4 , 60.3 , 39.7 , 41.7 , 28.9 , 21.1 , 10.6 , 74.2 , 37.2 , 27 , 19 , 41.3 , 237 , 13 , 5.5 
187,류진욱,23N, 4.04 , 70 , 67.0 , 268 , 1083 , 4.04 , 29.9 , 13.8 , 29.8 , 26.5 , 60.2 , 39.8 , 42.2 , 27.6 , 19.7 , 9.9 , 68.4 , 38.8 , 50 , 12 , 19.4 , 350 , 24 , 6.9 
188,장필준,23삼, 4.04 , 17 , 19.1 , 96 , 388 , 4.04 , 23.5 , 10.2 , 35.0 , 31.4 , 58.3 , 41.8 , 44.6 , 22.9 , 13.3 , 7.3 , 80.9 , 32.7 , 9 , 2 , 18.2 , 160 , 14 , 8.8 
189,박승주,23키, 4.04 , 18 , 18.0 , 91 , 368 , 4.04 , 25.7 , 14.4 , 32.4 , 27.5 , 60.3 , 39.7 , 44.8 , 25.3 , 19.4 , 10.4 , 79.2 , 29.4 , 10 , 5 , 33.3 , 139 , 14 , 10.1 
190,구승민,23롯, 4.05 , 67 , 63.2 , 289 , 1169 , 4.05 , 28.4 , 16.2 , 29.2 , 26.2 , 61.8 , 38.2 , 44.2 , 31.8 , 22.6 , 11.9 , 70.8 , 36.7 , 46 , 20 , 30.3 , 338 , 29 , 8.6 
,김도규,23롯, 4.05 , 36 , 29.2 , 132 , 534 , 4.05 , 27.1 , 12.9 , 30.9 , 29.0 , 59.4 , 40.6 , 43.3 , 25.8 , 17.8 , 9.3 , 72.2 , 41.2 , 16 , 10 , 38.5 , 164 , 16 , 9.8 
,김대현,23L, 4.05 , 5 , 3.1 , 22 , 89 , 4.05 , 19.7 , 11.5 , 42.6 , 26.2 , 68.5 , 31.5 , 55.1 , 27.3 , 14.3 , 9.6 , 88.0 , 21.9 , 1 , 2 , 66.7 , 21 , 4 , 19.1 
193,노건우,23삼, 4.05 , 16 , 12.1 , 65 , 263 , 4.05 , 29.3 , 13.2 , 29.3 , 28.1 , 63.5 , 36.5 , 44.9 , 21.5 , 18.6 , 10.2 , 77.4 , 24.3 , 6 , 6 , 50.0 , 83 , 6 , 7.2 
194,김규연,23한, 4.05 , 23 , 19.2 , 85 , 344 , 4.05 , 24.4 , 19.9 , 29.4 , 26.4 , 58.4 , 41.6 , 44.2 , 32.9 , 26.3 , 13.8 , 69.7 , 37.1 , 15 , 5 , 25.0 , 119 , 8 , 6.7 
195,한현희,23롯, 4.05 , 38 , 104.0 , 476 , 1927 , 4.05 , 29.1 , 12.0 , 30.8 , 28.1 , 64.0 , 36.0 , 45.4 , 25.8 , 16.9 , 9.4 , 81.6 , 33.6 , 54 , 20 , 27.0 , 462 , 34 , 7.4 
196,브랜든,23두, 4.05 , 18 , 104.2 , 427 , 1729 , 4.05 , 24.9 , 18.8 , 30.2 , 26.1 , 63.2 , 36.8 , 47.4 , 34.0 , 25.0 , 14.2 , 70.9 , 38.0 , 83 , 17 , 17.0 , 548 , 43 , 7.9 
,최지광,23삼, 4.05 , 22 , 17.1 , 82 , 332 , 4.05 , 31.3 , 13.5 , 29.3 , 26.0 , 62.7 , 37.4 , 43.1 , 19.5 , 19.6 , 10.1 , 72.3 , 36.3 , 10 , 8 , 44.4 , 97 , 11 , 11.3 
198,박윤철,23한, 4.05 , 3 , 3.1 , 20 , 81 , 4.05 , 23.3 , 14.0 , 30.2 , 32.6 , 53.1 , 46.9 , 40.7 , 40.0 , 18.2 , 9.0 , 90.0 , 44.4 , 0 , 1 , 100.0 , 21 , 3 , 14.3 
199,이민호,23L, 4.06 , 5 , 19.2 , 91 , 369 , 4.06 , 21.6 , 9.1 , 37.5 , 31.9 , 62.9 , 37.1 , 49.3 , 23.1 , 11.5 , 7.1 , 91.3 , 36.5 , 7 , 0 , 0.0 , 127 , 10 , 7.9 
200,김준형,23키, 4.06 , 8 , 7.2 , 36 , 146 , 4.06 , 32.1 , 13.6 , 27.2 , 27.2 , 55.5 , 44.5 , 37.7 , 27.8 , 20.0 , 8.9 , 80.0 , 40.5 , 5 , 0 , 0.0 , 38 , 2 , 5.3 
201,김태오,23K, 4.06 , 5 , 7.1 , 35 , 142 , 4.06 , 28.6 , 8.3 , 29.8 , 33.3 , 59.2 , 40.9 , 42.3 , 22.9 , 11.7 , 6.1 , 88.0 , 37.5 , 1 , 2 , 66.7 , 73 , 5 , 6.9 
202,맥키니,23키, 4.06 , 12 , 59.1 , 268 , 1089 , 4.06 , 29.2 , 14.3 , 26.4 , 30.1 , 58.5 , 41.5 , 41.4 , 20.2 , 20.2 , 10.1 , 78.6 , 39.7 , 32 , 7 , 18.0 , 311 , 34 , 10.9 
203,이진하,23롯, 4.07 , 9 , 8.0 , 31 , 126 , 4.07 , 28.6 , 7.1 , 28.6 , 35.7 , 55.6 , 44.4 , 39.7 , 19.4 , 10.0 , 5.0 , 90.0 , 41.2 , 2 , 0 , 0.0 , 52 , 4 , 7.7 
204,김건희,23키, 4.07 , 3 , 2.0 , 14 , 57 , 4.07 , 15.6 , 15.6 , 31.3 , 37.5 , 56.1 , 43.9 , 47.4 , 35.7 , 18.5 , 11.1 , 100.0 , 16.7 , 0 , 0 ,  , 16 , 3 , 18.8 
205,이승현,23삼, 4.08 , 60 , 60.0 , 264 , 1077 , 4.08 , 24.9 , 11.3 , 34.2 , 29.6 , 64.9 , 35.1 , 48.8 , 28.0 , 15.1 , 9.1 , 82.4 , 32.8 , 29 , 13 , 31.0 , 287 , 24 , 8.4 
206,홍성민,23키, 4.08 , 2 , 2.0 , 12 , 49 , 4.08 , 29.6 , 3.7 , 29.6 , 37.0 , 55.1 , 44.9 , 38.8 , 16.7 , 5.3 , 2.6 , 85.7 , 50.0 , 0 , 1 , 100.0 , 13 , 1 , 7.7 
207,김원중,23롯, 4.09 , 63 , 63.2 , 265 , 1084 , 4.09 , 26.5 , 23.1 , 28.1 , 22.3 , 63.4 , 36.6 , 46.6 , 26.0 , 31.5 , 17.1 , 62.1 , 33.0 , 72 , 10 , 12.2 , 322 , 19 , 5.9 
208,김진성,23L, 4.09 , 80 , 70.1 , 270 , 1105 , 4.09 , 21.3 , 20.5 , 34.2 , 24.0 , 65.9 , 34.1 , 51.9 , 35.2 , 26.0 , 16.0 , 73.3 , 30.6 , 57 , 12 , 17.4 , 350 , 26 , 7.4 
,하준영,23N, 4.09 , 57 , 49.0 , 215 , 880 , 4.09 , 30.6 , 18.0 , 24.8 , 26.6 , 61.9 , 38.1 , 43.0 , 28.8 , 25.9 , 13.3 , 69.7 , 39.1 , 41 , 8 , 16.3 , 220 , 21 , 9.6 
210,고봉재,23두, 4.09 , 10 , 11.1 , 53 , 217 , 4.09 , 29.6 , 6.4 , 33.6 , 30.4 , 57.6 , 42.4 , 40.6 , 18.9 , 9.1 , 4.5 , 81.6 , 32.1 , 5 , 2 , 28.6 , 66 , 5 , 7.6 
211,이병헌,23두, 4.10 , 36 , 27.0 , 126 , 516 , 4.10 , 27.0 , 19.3 , 28.4 , 25.3 , 57.4 , 42.6 , 41.9 , 29.4 , 26.4 , 12.9 , 66.7 , 45.8 , 20 , 8 , 28.6 , 147 , 11 , 7.5 
212,함덕주,23L, 4.10 , 57 , 55.2 , 222 , 910 , 4.10 , 31.3 , 18.8 , 25.3 , 24.6 , 62.1 , 37.9 , 42.6 , 25.2 , 27.3 , 13.8 , 67.8 , 34.7 , 45 , 14 , 23.7 , 318 , 22 , 6.9 
213,페디,23N, 4.10 , 30 , 180.1 , 708 , 2904 , 4.10 , 31.2 , 16.5 , 28.1 , 24.2 , 65.4 , 34.6 , 45.0 , 29.7 , 24.0 , 12.8 , 66.3 , 36.6 , 158 , 51 , 24.4 , 672 , 42 , 6.3 
214,김승현,23K, 4.11 , 10 , 12.2 , 57 , 234 , 4.11 , 25.6 , 11.6 , 32.6 , 30.2 , 55.1 , 44.9 , 41.0 , 29.8 , 15.6 , 7.7 , 81.6 , 39.7 , 4 , 3 , 42.9 , 112 , 7 , 6.3 
215,문동주,23한, 4.11 , 23 , 118.2 , 503 , 2067 , 4.11 , 29.8 , 15.0 , 27.4 , 27.8 , 63.0 , 37.0 , 44.2 , 26.2 , 21.3 , 11.4 , 77.2 , 36.2 , 72 , 23 , 24.2 , 627 , 44 , 7.0 
,손주영,23L, 4.11 , 3 , 8.2 , 46 , 189 , 4.11 , 25.4 , 14.9 , 29.0 , 30.7 , 60.3 , 39.7 , 45.0 , 32.6 , 20.0 , 11.0 , 86.1 , 30.8 , 3 , 2 , 40.0 , 43 , 5 , 11.6 
217,박세진,23K, 4.12 , 16 , 11.2 , 66 , 272 , 4.12 , 28.6 , 13.6 , 30.5 , 27.3 , 56.6 , 43.4 , 40.4 , 27.3 , 19.1 , 9.1 , 76.7 , 41.1 , 7 , 3 , 30.0 , 66 , 7 , 10.6 
218,구창모,23N, 4.12 , 11 , 51.2 , 205 , 845 , 4.12 , 30.1 , 19.6 , 26.7 , 23.7 , 66.5 , 33.5 , 46.5 , 29.3 , 28.0 , 15.5 , 70.8 , 28.4 , 43 , 13 , 23.2 , 271 , 13 , 4.8 
219,황동재,23삼, 4.12 , 7 , 31.2 , 155 , 639 , 4.12 , 23.7 , 15.7 , 32.5 , 28.0 , 58.7 , 41.3 , 44.8 , 24.5 , 20.6 , 11.1 , 75.5 , 37.9 , 22 , 5 , 18.5 , 164 , 12 , 7.3 
220,진해수,23L, 4.13 , 19 , 14.2 , 72 , 297 , 4.13 , 31.3 , 12.9 , 27.9 , 27.9 , 60.3 , 39.7 , 41.4 , 23.6 , 18.7 , 9.3 , 76.5 , 38.6 , 8 , 4 , 33.3 , 68 , 5 , 7.4 
221,신민혁,23N, 4.13 , 29 , 122.0 , 518 , 2140 , 4.13 , 26.2 , 13.7 , 32.8 , 27.4 , 66.7 , 33.3 , 49.3 , 27.8 , 18.5 , 11.2 , 80.7 , 33.6 , 78 , 19 , 19.6 , 376 , 23 , 6.1 
,이로운,23S, 4.13 , 50 , 57.2 , 268 , 1107 , 4.13 , 26.4 , 17.1 , 28.7 , 27.8 , 60.3 , 39.7 , 44.4 , 25.8 , 23.2 , 12.4 , 73.3 , 38.2 , 41 , 11 , 21.2 , 337 , 31 , 9.2 
223,진승현,23롯, 4.13 , 24 , 27.2 , 129 , 533 , 4.13 , 29.0 , 18.7 , 25.7 , 26.6 , 62.1 , 37.9 , 44.1 , 22.5 , 26.4 , 13.9 , 77.9 , 33.1 , 19 , 6 , 24.0 , 172 , 14 , 8.1 
224,김민규,23두, 4.14 , 6 , 8.1 , 37 , 153 , 4.14 , 23.9 , 14.8 , 31.8 , 29.6 , 57.5 , 42.5 , 43.8 , 18.9 , 19.4 , 10.2 , 79.2 , 47.8 , 4 , 1 , 20.0 , 70 , 7 , 10.0 
225,맥카티,23S, 4.14 , 24 , 130.0 , 543 , 2246 , 4.14 , 29.5 , 15.0 , 29.0 , 26.5 , 64.1 , 35.9 , 45.2 , 23.8 , 21.3 , 11.6 , 75.3 , 35.5 , 96 , 20 , 17.2 , 492 , 26 , 5.3 
226,김상수,23롯, 4.15 , 66 , 52.0 , 218 , 905 , 4.15 , 28.3 , 14.0 , 29.4 , 28.3 , 61.7 , 38.3 , 44.2 , 24.3 , 19.5 , 10.4 , 78.2 , 40.4 , 27 , 9 , 25.0 , 208 , 16 , 7.7 
227,강재민,23한, 4.15 , 43 , 43.1 , 189 , 785 , 4.15 , 28.1 , 13.6 , 33.7 , 24.6 , 62.0 , 38.0 , 44.6 , 27.5 , 18.9 , 9.9 , 73.3 , 37.0 , 32 , 10 , 23.8 , 182 , 14 , 7.7 
228,박종훈,23S, 4.15 , 18 , 80.0 , 382 , 1587 , 4.15 , 34.7 , 9.4 , 29.1 , 26.9 , 58.0 , 42.0 , 37.9 , 21.2 , 14.3 , 6.4 , 78.9 , 38.9 , 39 , 17 , 30.4 , 511 , 26 , 5.1 
229,한재승,23N, 4.16 , 11 , 9.2 , 44 , 183 , 4.16 , 30.6 , 16.2 , 27.0 , 26.1 , 60.7 , 39.3 , 42.1 , 22.7 , 23.4 , 11.7 , 73.0 , 28.9 , 9 , 1 , 10.0 , 55 , 5 , 9.1 
230,이준영,23K, 4.16 , 64 , 33.2 , 149 , 620 , 4.16 , 31.2 , 17.9 , 25.9 , 25.1 , 60.5 , 39.5 , 41.6 , 16.8 , 26.0 , 12.7 , 74.1 , 32.2 , 23 , 7 , 23.3 , 241 , 17 , 7.1 
231,김동주,23두, 4.16 , 18 , 78.1 , 334 , 1390 , 4.16 , 28.4 , 15.3 , 29.0 , 27.4 , 62.1 , 37.9 , 44.5 , 25.5 , 21.4 , 11.4 , 77.0 , 37.2 , 51 , 8 , 13.6 , 332 , 26 , 7.8 
232,김대유,23K, 4.16 , 41 , 24.2 , 110 , 458 , 4.16 , 32.8 , 14.7 , 26.6 , 25.9 , 64.0 , 36.0 , 43.0 , 18.2 , 21.8 , 11.3 , 79.6 , 32.7 , 17 , 3 , 15.0 , 119 , 8 , 6.7 
233,김서현,23한, 4.18 , 20 , 22.1 , 114 , 476 , 4.18 , 33.9 , 19.6 , 24.2 , 22.3 , 54.6 , 45.4 , 36.1 , 14.9 , 29.7 , 12.2 , 67.1 , 38.8 , 24 , 2 , 7.7 , 188 , 10 , 5.3 
234,최영환,23롯, 4.19 , 8 , 10.0 , 54 , 226 , 4.19 , 25.9 , 10.1 , 36.0 , 28.1 , 61.5 , 38.5 , 45.6 , 31.5 , 13.6 , 7.5 , 84.4 , 32.8 , 4 , 3 , 42.9 , 55 , 4 , 7.3 
235,정우람,23한, 4.19 , 52 , 40.1 , 183 , 766 , 4.19 , 26.9 , 12.1 , 33.1 , 27.9 , 62.7 , 37.3 , 45.8 , 33.3 , 16.5 , 9.2 , 81.4 , 34.3 , 22 , 8 , 26.7 , 195 , 19 , 9.7 
236,이민우,23한, 4.19 , 17 , 13.2 , 57 , 239 , 4.19 , 29.7 , 13.8 , 29.0 , 27.6 , 60.7 , 39.3 , 42.7 , 22.8 , 19.6 , 10.1 , 74.4 , 40.3 , 9 , 2 , 18.2 , 61 , 3 , 4.9 
237,이용준,23N, 4.20 , 24 , 67.0 , 304 , 1278 , 4.20 , 28.4 , 13.1 , 30.7 , 27.8 , 58.5 , 41.6 , 41.9 , 25.0 , 18.3 , 9.2 , 77.4 , 39.4 , 39 , 11 , 22.0 , 484 , 34 , 7.0 
238,고우석,23L, 4.21 , 44 , 44.0 , 190 , 799 , 4.21 , 22.9 , 24.3 , 31.4 , 21.4 , 61.3 , 38.7 , 47.3 , 30.5 , 31.5 , 17.2 , 63.5 , 32.3 , 51 , 8 , 13.6 , 243 , 15 , 6.2 
239,정성곤,23S, 4.21 , 6 , 4.1 , 29 , 122 , 4.21 , 26.5 , 22.1 , 23.5 , 27.9 , 55.7 , 44.3 , 41.0 , 24.1 , 30.0 , 14.6 , 83.3 , 53.9 , 2 , 1 , 33.3 , 23 , 5 , 21.7 
240,김진욱,23롯, 4.22 , 50 , 36.1 , 177 , 746 , 4.22 , 33.4 , 13.9 , 27.5 , 25.2 , 59.0 , 41.0 , 39.3 , 17.5 , 20.8 , 9.6 , 73.3 , 34.2 , 27 , 8 , 22.9 , 192 , 17 , 8.9 
241,박권후,23삼, 4.23 , 4 , 2.2 , 13 , 55 , 4.23 , 10.0 , 10.0 , 40.0 , 40.0 , 54.6 , 45.5 , 49.1 , 15.4 , 11.1 , 7.0 , 100.0 , 20.0 , 0 , 0 ,  , 40 , 4 , 10.0 
,서상준,23S, 4.23 , 2 , 2.0 , 13 , 55 , 4.23 , 20.8 , 12.5 , 45.8 , 20.8 , 43.6 , 56.4 , 34.6 , 23.1 , 15.8 , 6.0 , 57.1 , 36.4 , 3 , 0 , 0.0 , 10 , 2 , 20.0 
243,이건욱,23S, 4.24 , 27 , 38.2 , 169 , 716 , 4.24 , 25.4 , 18.5 , 29.5 , 26.6 , 58.2 , 41.8 , 43.4 , 24.9 , 24.8 , 12.7 , 74.4 , 37.0 , 23 , 8 , 25.8 , 238 , 23 , 9.7 
244,곽빈,23두, 4.24 , 23 , 127.1 , 526 , 2229 , 4.24 , 29.1 , 16.8 , 28.2 , 25.9 , 61.9 , 38.1 , 43.9 , 26.1 , 23.7 , 12.4 , 74.8 , 37.1 , 86 , 20 , 18.9 , 590 , 43 , 7.3 
245,이재희,23삼, 4.24 , 2 , 8.0 , 33 , 140 , 4.24 , 22.8 , 22.8 , 25.3 , 29.1 , 56.4 , 43.6 , 43.6 , 27.3 , 29.5 , 15.4 , 78.3 , 39.5 , 5 , 0 , 0.0 , 26 , 2 , 7.7 
,장재영,23키, 4.24 , 23 , 71.2 , 339 , 1438 , 4.24 , 34.6 , 13.9 , 26.8 , 24.7 , 55.7 , 44.3 , 36.4 , 17.7 , 21.2 , 9.0 , 71.6 , 37.7 , 47 , 20 , 29.9 , 582 , 35 , 6.0 
247,주승우,23키, 4.24 , 11 , 16.0 , 90 , 382 , 4.24 , 30.8 , 10.1 , 30.8 , 28.4 , 54.5 , 45.6 , 37.7 , 22.2 , 14.6 , 6.5 , 86.4 , 43.8 , 7 , 1 , 12.5 , 109 , 8 , 7.3 
248,류원석,23한, 4.25 , 1 , 2.0 , 8 , 34 , 4.25 , 40.9 , 9.1 , 22.7 , 27.3 , 64.7 , 35.3 , 38.2 , 12.5 , 15.4 , 7.1 , 88.9 , 35.7 , 1 , 0 , 0.0 , 11 , 1 , 9.1 
,이종민,23키, 4.25 , 11 , 13.2 , 72 , 306 , 4.25 , 24.7 , 12.4 , 32.0 , 30.9 , 58.2 , 41.8 , 43.8 , 18.1 , 16.4 , 8.8 , 80.4 , 31.1 , 8 , 2 , 20.0 , 153 , 16 , 10.5 
250,김강률,23두, 4.25 , 32 , 25.2 , 115 , 489 , 4.25 , 30.0 , 10.8 , 33.2 , 26.1 , 62.8 , 37.2 , 44.0 , 24.4 , 15.4 , 8.1 , 81.3 , 42.2 , 17 , 4 , 19.1 , 103 , 9 , 8.7 
251,이의리,23K, 4.26 , 28 , 131.2 , 598 , 2546 , 4.26 , 34.0 , 18.3 , 25.5 , 22.2 , 60.2 , 39.8 , 39.8 , 20.1 , 27.7 , 12.7 , 67.8 , 33.0 , 121 , 35 , 22.4 , 813 , 53 , 6.5 
252,이준호,23N, 4.26 , 17 , 31.2 , 144 , 614 , 4.26 , 31.8 , 9.9 , 28.5 , 29.9 , 57.8 , 42.2 , 39.4 , 20.8 , 14.5 , 6.9 , 82.5 , 36.0 , 13 , 6 , 31.6 , 331 , 25 , 7.6 
253,임준섭,23S, 4.30 , 41 , 32.2 , 155 , 666 , 4.30 , 29.2 , 13.3 , 29.7 , 27.9 , 58.7 , 41.3 , 41.6 , 21.3 , 18.8 , 9.3 , 79.3 , 32.8 , 21 , 5 , 19.2 , 280 , 18 , 6.4 
254,김진호,23N, 4.30 , 19 , 16.1 , 73 , 314 , 4.30 , 31.6 , 17.6 , 30.1 , 20.7 , 61.5 , 38.5 , 42.0 , 16.4 , 25.8 , 12.4 , 65.6 , 34.0 , 16 , 6 , 27.3 , 137 , 10 , 7.3 
,김기훈,23K, 4.30 , 29 , 31.1 , 156 , 671 , 4.30 , 27.4 , 18.4 , 28.8 , 25.4 , 53.4 , 46.7 , 38.8 , 23.1 , 25.4 , 11.4 , 74.0 , 37.5 , 18 , 8 , 30.8 , 312 , 22 , 7.1 
256,김명신,23두, 4.33 , 70 , 79.0 , 334 , 1445 , 4.33 , 27.0 , 13.8 , 33.6 , 25.6 , 63.7 , 36.3 , 46.5 , 27.0 , 18.9 , 10.5 , 80.3 , 34.4 , 41 , 24 , 36.9 , 484 , 34 , 7.0 
257,강효종,23L, 4.33 , 7 , 21.2 , 103 , 446 , 4.33 , 30.1 , 10.5 , 31.2 , 28.2 , 59.6 , 40.4 , 41.7 , 24.3 , 15.1 , 7.6 , 83.3 , 36.8 , 11 , 3 , 21.4 , 149 , 9 , 6.0 
258,백승우,23두, 4.33 , 6 , 4.0 , 18 , 78 , 4.33 , 35.0 , 10.0 , 22.5 , 32.5 , 51.3 , 48.7 , 33.3 , 0.0 , 15.4 , 6.2 , 90.0 , 44.4 , 1 , 0 , 0.0 , 49 , 4 , 8.2 
,박영완,23롯, 4.33 , 1 , 1.0 , 3 , 13 , 4.33 , 33.3 , 16.7 , 33.3 , 16.7 , 46.2 , 53.9 , 30.8 , 0.0 , 25.0 , 8.3 , 0.0 , 75.0 , 1 , 0 , 0.0 , 1 , 1 , 100.0 
,한두솔,23S, 4.33 , 1 , 1.0 , 6 , 26 , 4.33 , 28.6 , 42.9 , 14.3 , 14.3 , 53.9 , 46.2 , 38.5 , 33.3 , 60.0 , 25.0 , 60.0 , 44.4 , 2 , 0 , 0.0 , 2 , 0 , 0.0 
261,김재열,23K, 4.34 , 9 , 11.2 , 70 , 304 , 4.34 , 26.5 , 13.8 , 33.2 , 26.5 , 59.5 , 40.5 , 43.8 , 28.6 , 18.8 , 9.8 , 85.7 , 40.0 , 6 , 3 , 33.3 , 82 , 7 , 8.5 
262,이태연,23롯, 4.38 , 15 , 5.2 , 37 , 162 , 4.38 , 32.9 , 12.9 , 25.9 , 28.2 , 52.5 , 47.5 , 35.2 , 13.5 , 19.3 , 8.0 , 84.6 , 31.6 , 4 , 0 , 0.0 , 79 , 6 , 7.6 
263,심창민,23N, 4.39 , 5 , 3.1 , 18 , 79 , 4.39 , 31.7 , 34.2 , 17.1 , 17.1 , 51.9 , 48.1 , 35.4 , 38.9 , 50.0 , 19.4 , 54.6 , 47.6 , 3 , 2 , 40.0 , 7 , 0 , 0.0 
264,박준영,23한, 4.39 , 4 , 4.1 , 23 , 101 , 4.39 , 48.2 , 13.0 , 24.1 , 14.8 , 53.5 , 46.5 , 27.7 , 21.7 , 25.0 , 7.5 , 56.3 , 30.4 , 3 , 4 , 57.1 , 23 , 1 , 4.4 
265,정구범,23N, 4.47 , 4 , 12.2 , 64 , 286 , 4.47 , 25.8 , 10.1 , 35.2 , 28.9 , 55.6 , 44.4 , 41.3 , 23.4 , 13.6 , 6.7 , 87.0 , 29.0 , 4 , 2 , 33.3 , 88 , 12 , 13.6 
266,이상규,23L, 4.47 , 8 , 7.2 , 34 , 152 , 4.47 , 25.8 , 9.0 , 39.3 , 25.8 , 58.6 , 41.5 , 43.4 , 29.4 , 12.1 , 6.2 , 80.7 , 35.4 , 4 , 2 , 33.3 , 72 , 5 , 6.9 
267,나원탁,23롯, 4.50 , 1 , 0.2 , 6 , 27 , 4.50 , 46.7 , 20.0 , 6.7 , 26.7 , 55.6 , 44.4 , 29.6 , 0.0 , 37.5 , 13.0 , 66.7 , 50.0 , 1 , 0 , 0.0 , 7 , 1 , 14.3 
268,김유성,23두, 4.53 , 7 , 6.1 , 38 , 172 , 4.53 , 21.5 , 24.1 , 29.1 , 25.3 , 45.9 , 54.1 , 36.1 , 13.2 , 30.7 , 12.5 , 76.0 , 41.9 , 5 , 1 , 16.7 , 51 , 7 , 13.7 
269,윤산흠,23한, 4.61 , 5 , 3.0 , 18 , 83 , 4.61 , 37.5 , 17.5 , 22.5 , 22.5 , 48.2 , 51.8 , 30.1 , 11.1 , 28.0 , 9.5 , 75.0 , 33.3 , 3 , 0 , 0.0 , 20 , 2 , 10.0 
270,김동규,23L키, 4.61 , 4 , 4.1 , 31 , 143 , 4.61 , 27.0 , 12.7 , 34.9 , 25.4 , 44.1 , 55.9 , 32.2 , 19.4 , 17.4 , 6.3 , 81.3 , 52.9 , 1 , 0 , 0.0 , 64 , 6 , 9.4 
271,장세진,23롯, 4.63 , 2 , 1.1 , 8 , 37 , 4.63 , 17.7 , 23.5 , 29.4 , 29.4 , 46.0 , 54.1 , 37.8 , 0.0 , 28.6 , 12.5 , 75.0 , 0.0 , 0 , 1 , 100.0 , 20 , 3 , 15.0 
272,고효준,23S, 4.63 , 73 , 58.0 , 262 , 1214 , 4.63 , 34.7 , 16.2 , 27.8 , 21.4 , 58.2 , 41.9 , 38.0 , 18.3 , 24.7 , 10.7 , 71.1 , 38.8 , 46 , 20 , 30.3 , 525 , 27 , 5.1 
273,김시현,23삼, 4.65 , 2 , 3.0 , 17 , 79 , 4.65 , 26.7 , 11.1 , 33.3 , 28.9 , 57.0 , 43.0 , 41.8 , 17.7 , 15.2 , 7.6 , 84.6 , 48.0 , 1 , 1 , 50.0 , 25 , 3 , 12.0 
274,양지율,23키, 4.67 , 1 , 0.2 , 6 , 28 , 4.67 , 60.0 , 10.0 , 20.0 , 10.0 , 35.7 , 64.3 , 14.3 , 0.0 , 25.0 , 3.7 , 33.3 , 25.0 , 1 , 1 , 50.0 , 16 , 0 , 0.0 
,박세웅,23삼, 4.67 , 2 , 0.2 , 6 , 28 , 4.67 , 36.4 , 18.2 , 27.3 , 18.2 , 39.3 , 60.7 , 25.0 , 16.7 , 28.6 , 7.7 , 66.7 , 40.0 , 0 , 1 , 100.0 , 9 , 1 , 11.1 
276,김강현,23롯, 4.69 , 2 , 3.0 , 13 , 61 , 4.69 , 35.1 , 2.7 , 35.1 , 27.0 , 60.7 , 39.3 , 39.3 , 23.1 , 4.2 , 2.0 , 100.0 , 36.4 , 0 , 0 ,  , 12 , 1 , 8.3 
277,유승철,23K, 4.75 , 1 , 1.0 , 4 , 19 , 4.75 , 9.1 , 0.0 , 63.6 , 27.3 , 57.9 , 42.1 , 52.6 , 50.0 , 0.0 , 0.0 , 100.0 , 50.0 , 0 , 0 ,  , 0 , 0 ,  
278,임지민,23N, 4.80 , 2 , 1.1 , 10 , 48 , 4.80 , 45.5 , 13.6 , 27.3 , 13.6 , 45.8 , 54.2 , 25.0 , 20.0 , 25.0 , 6.7 , 57.1 , 41.7 , 2 , 1 , 33.3 , 17 , 0 , 0.0 
279,스미스,23한, 5.00 , 1 , 2.2 , 12 , 60 , 5.00 , 20.0 , 25.0 , 32.5 , 22.5 , 66.7 , 33.3 , 53.3 , 16.7 , 31.3 , 19.6 , 79.0 , 24.0 , 1 , 1 , 50.0 , 24 , 2 , 8.3 
280,김주한,23S, 5.33 , 1 , 0.0 , 3 , 16 , 5.33 , 11.1 , 33.3 , 33.3 , 22.2 , 56.3 , 43.8 , 50.0 , 33.3 , 37.5 , 21.4 , 100.0 , 50.0 , 0 , 0 ,  , 1 , 0 , 0.0 
,김영준,23L, 5.33 , 1 , 0.1 , 3 , 16 , 5.33 , 57.1 , 0.0 , 14.3 , 28.6 , 43.8 , 56.3 , 18.8 , 0.0 , 0.0 , 0.0 , 100.0 , 33.3 , 0 , 0 ,  , 2 , 0 , 0.0 
282,윤호솔,23L, 5.35 , 4 , 3.2 , 17 , 91 , 5.35 , 26.1 , 15.2 , 37.0 , 21.7 , 50.6 , 49.5 , 37.4 , 17.7 , 20.6 , 8.6 , 73.3 , 50.0 , 3 , 1 , 25.0 , 16 , 1 , 6.3 
283,이민석,23롯, 5.40 , 1 , 1.1 , 5 , 27 , 5.40 , 15.4 , 23.1 , 38.5 , 23.1 , 48.2 , 51.9 , 40.7 , 0.0 , 27.3 , 12.5 , 66.7 , 40.0 , 1 , 0 , 0.0 , 12 , 1 , 8.3 
284,김태욱,23롯, 5.67 , 1 , 1.0 , 3 , 17 , 5.67 , 11.1 , 0.0 , 55.6 , 33.3 , 52.9 , 47.1 , 47.1 , 33.3 , 0.0 , 0.0 , 100.0 , 42.9 , 0 , 0 ,  , 22 , 2 , 9.1 
285,하준수,23N, 6.60 , 1 , 1.0 , 5 , 33 , 6.60 , 22.2 , 22.2 , 44.4 , 11.1 , 54.6 , 45.5 , 42.4 , 0.0 , 28.6 , 12.9 , 87.5 , 38.5 , 1 , 0 , 0.0 , 12 , 1 , 8.3 