순,이름,팀/포지션,정렬용,등판,이닝,ERA,승,패,홀드,세,BLSV,BLH,BL+,세%,R-Pnt,SVP,터프_홀드,터프_세,터프_블론,IR,IS,Rel%,enLI,avLI%,구원WAR,구원WPA
1,서진용,23S, 3.63 , 69 , 72.2 , 2.48 , 5 , 4 , 0 , 40 , 6 , 0 , 6 , 87.0 , 112 , 45 , 0 , 2 , 1 , 8 , 1 , 12.5 , 1.76 , 2.45 , 3.63 , 2.73 
2,김진성,23L, 2.96 , 80 , 70.1 , 2.18 , 5 , 1 , 21 , 4 , 2 , 2 , 4 , 66.7 , 17 , 9 , 4 , 1 , 1 , 49 , 16 , 32.7 , 1.37 , 1.27 , 2.96 , 1.81 
3,김재윤,23K, 2.86 , 59 , 65.2 , 2.60 , 5 , 5 , 0 , 32 , 4 , 0 , 4 , 88.9 , 90 , 37 , 0 , 2 , 1 , 15 , 6 , 40.0 , 1.70 , 2.00 , 2.86 , 2.30 
4,박영현,23K, 2.75 , 68 , 75.1 , 2.75 , 3 , 3 , 32 , 4 , 6 , 0 , 6 , 40.0 , 1 , 7 , 4 , 1 , 1 , 36 , 9 , 25.0 , 1.53 , 1.65 , 2.75 , 1.79 
5,함덕주,23L, 2.63 , 57 , 55.2 , 1.62 , 4 , 0 , 16 , 4 , 0 , 1 , 1 , 100.0 , 21 , 8 , 1 , 1 , 0 , 27 , 6 , 22.2 , 1.55 , 1.43 , 2.63 , 2.27 
6,류진욱,23N, 2.62 , 70 , 67.0 , 2.15 , 1 , 4 , 22 , 0 , 1 , 0 , 1 , 0.0 , -8 , 1 , 4 , 0 , 0 , 30 , 8 , 26.7 , 1.19 , 1.24 , 2.62 , 1.13 
7,주현상,23한, 2.58 , 55 , 59.2 , 1.96 , 2 , 2 , 12 , 0 , 1 , 0 , 1 , 0.0 , -2 , 2 , 0 , 0 , 0 , 26 , 8 , 30.8 , 1.12 , 0.96 , 2.58 , 1.41 
8,노경은,23S, 2.35 , 76 , 83.0 , 3.58 , 8 , 5 , 29 , 2 , 7 , 2 , 9 , 22.2 , -2 , 10 , 6 , 0 , 3 , 42 , 14 , 33.3 , 1.77 , 1.78 , 2.35 , 1.76 
9,임기영,23K, 2.19 , 64 , 82.0 , 2.96 , 4 , 4 , 16 , 3 , 1 , 0 , 1 , 75.0 , 8 , 7 , 0 , 1 , 1 , 28 , 13 , 46.4 , 1.21 , 1.04 , 2.19 , 0.38 
10,최지민,23K, 2.18 , 58 , 59.1 , 2.12 , 6 , 3 , 12 , 3 , 2 , 4 , 6 , 60.0 , 12 , 9 , 1 , 1 , 1 , 53 , 24 , 45.3 , 1.32 , 1.18 , 2.18 , 0.25 
11,백승현,23L, 2.07 , 42 , 40.0 , 1.58 , 2 , 0 , 11 , 3 , 1 , 0 , 1 , 75.0 , 13 , 5 , 0 , 2 , 1 , 18 , 3 , 16.7 , 1.36 , 1.36 , 2.07 , 1.90 
12,전상현,23K, 1.97 , 64 , 58.2 , 2.15 , 8 , 3 , 13 , 1 , 2 , 0 , 2 , 33.3 , 9 , 9 , 4 , 0 , 2 , 47 , 10 , 21.3 , 1.41 , 1.49 , 1.97 , 1.79 
13,김원중,23롯, 1.95 , 63 , 63.2 , 2.97 , 5 , 6 , 0 , 30 , 5 , 0 , 5 , 85.7 , 80 , 35 , 0 , 2 , 3 , 28 , 14 , 50.0 , 1.72 , 1.80 , 1.95 , -0.21 
14,임창민,23키, 1.89 , 51 , 46.2 , 2.51 , 2 , 2 , 1 , 26 , 4 , 0 , 4 , 86.7 , 71 , 28 , 0 , 1 , 0 , 17 , 8 , 47.1 , 1.85 , 2.15 , 1.89 , 0.55 
15,손동현,23K, 1.83 , 64 , 73.2 , 3.42 , 8 , 5 , 15 , 1 , 4 , 0 , 4 , 20.0 , 1 , 9 , 0 , 0 , 1 , 33 , 12 , 36.4 , 1.36 , 1.31 , 1.83 , 1.10 
16,김영규,23N, 1.82 , 63 , 61.2 , 3.07 , 2 , 4 , 24 , 0 , 2 , 0 , 2 , 0.0 , -8 , 2 , 5 , 0 , 1 , 46 , 16 , 34.8 , 1.30 , 1.18 , 1.82 , 1.08 
17,오승환,23삼, 1.79 , 57 , 57.2 , 3.28 , 4 , 4 , 2 , 30 , 3 , 1 , 4 , 90.9 , 87 , 34 , 1 , 3 , 1 , 28 , 12 , 42.9 , 1.72 , 1.97 , 1.79 , 0.74 
18,정해영,23K, 1.76 , 52 , 49.1 , 2.92 , 3 , 4 , 1 , 23 , 3 , 0 , 3 , 88.5 , 62 , 26 , 0 , 1 , 2 , 17 , 5 , 29.4 , 1.61 , 2.00 , 1.76 , 0.71 
19,김명신,23두, 1.59 , 70 , 79.0 , 3.65 , 3 , 3 , 24 , 1 , 1 , 1 , 2 , 50.0 , 2 , 4 , 3 , 1 , 0 , 47 , 14 , 29.8 , 1.36 , 1.19 , 1.59 , 1.63 
20,최준용,23롯, 1.56 , 47 , 47.2 , 2.46 , 2 , 3 , 14 , 0 , 4 , 0 , 4 , 0.0 , -10 , 2 , 1 , 0 , 1 , 20 , 2 , 10.0 , 1.12 , 1.21 , 1.56 , -0.23 
21,유영찬,23L, 1.55 , 67 , 68.0 , 3.44 , 6 , 3 , 12 , 1 , 2 , 0 , 2 , 33.3 , 5 , 7 , 2 , 0 , 1 , 26 , 10 , 38.5 , 1.18 , 1.19 , 1.55 , -0.13 
22,이태양,23한, 1.37 , 38 , 50.0 , 2.70 , 1 , 0 , 2 , 0 , 0 , 0 , 0 ,  , 2 , 1 , 0 , 0 , 0 , 15 , 10 , 66.7 , 0.61 , 0.81 , 1.37 , 0.67 
23,김상수,23롯, 1.21 , 66 , 52.0 , 3.12 , 4 , 2 , 18 , 1 , 3 , 1 , 4 , 25.0 , 1 , 5 , 6 , 0 , 1 , 39 , 5 , 12.8 , 1.38 , 1.32 , 1.21 , 0.60 
24,한승주,23한, 1.19 , 41 , 50.0 , 3.24 , 1 , 1 , 2 , 0 , 0 , 1 , 1 ,  , 0 , 1 , 0 , 0 , 0 , 24 , 11 , 45.8 , 0.57 , 0.63 , 1.19 , -0.26 
25,이용찬,23N, 1.18 , 60 , 61.0 , 4.13 , 4 , 4 , 0 , 29 , 6 , 0 , 6 , 82.9 , 77 , 33 , 0 , 2 , 0 , 18 , 3 , 16.7 , 1.69 , 1.84 , 1.18 , 1.31 
26,홍건희,23두, 1.18 , 64 , 61.2 , 3.07 , 1 , 5 , 5 , 22 , 2 , 1 , 3 , 91.7 , 55 , 23 , 0 , 1 , 1 , 12 , 3 , 25.0 , 1.41 , 1.61 , 1.18 , -1.08 
27,박치국,23두, 1.16 , 62 , 52.2 , 3.59 , 5 , 3 , 11 , 2 , 2 , 0 , 2 , 50.0 , 7 , 7 , 3 , 1 , 0 , 45 , 13 , 28.9 , 1.41 , 1.31 , 1.16 , 0.00 
28,정철원,23두, 1.13 , 67 , 72.2 , 3.96 , 7 , 6 , 11 , 13 , 9 , 1 , 10 , 59.1 , 25 , 20 , 3 , 2 , 5 , 43 , 16 , 37.2 , 1.79 , 1.75 , 1.13 , 0.20 
29,김성진,23키, 1.11 , 55 , 47.0 , 3.64 , 3 , 3 , 7 , 0 , 3 , 0 , 3 , 0.0 , -6 , 3 , 1 , 0 , 0 , 14 , 7 , 50.0 , 0.95 , 0.88 , 1.11 , -0.47 
30,윤대경,23한, 1.11 , 47 , 47.2 , 2.46 , 5 , 1 , 2 , 0 , 1 , 0 , 1 , 0.0 , 6 , 5 , 1 , 0 , 0 , 10 , 2 , 20.0 , 0.73 , 0.64 , 1.11 , 0.59 
31,주권,23K, 1.08 , 39 , 40.2 , 3.32 , 1 , 0 , 5 , 0 , 0 , 0 , 0 ,  , 2 , 1 , 0 , 0 , 0 , 19 , 12 , 63.2 , 0.64 , 0.63 , 1.08 , 0.00 
32,이승현,23삼, 1.03 , 60 , 60.0 , 3.60 , 4 , 3 , 14 , 0 , 1 , 0 , 1 , 0.0 , 0 , 4 , 0 , 0 , 1 , 28 , 10 , 35.7 , 1.10 , 1.09 , 1.03 , -0.04 
33,김재웅,23키, 1.00 , 67 , 59.2 , 4.22 , 2 , 3 , 18 , 6 , 3 , 0 , 3 , 66.7 , 10 , 8 , 1 , 0 , 0 , 16 , 1 , 6.3 , 1.43 , 1.64 , 1.00 , 1.34 
34,장시환,23한, 1.00 , 39 , 34.2 , 3.38 , 2 , 2 , 7 , 1 , 4 , 0 , 4 , 20.0 , -5 , 3 , 1 , 0 , 3 , 18 , 11 , 61.1 , 1.20 , 1.26 , 1.00 , -0.81 
35,고우석,23L, 0.98 , 44 , 44.0 , 3.68 , 3 , 8 , 0 , 15 , 2 , 0 , 2 , 88.2 , 36 , 18 , 0 , 5 , 0 , 21 , 4 , 19.1 , 1.92 , 2.14 , 0.98 , -0.75 
36,이준영,23K, 0.97 , 64 , 33.2 , 3.21 , 1 , 0 , 10 , 0 , 0 , 2 , 2 ,  , 2 , 1 , 2 , 0 , 0 , 44 , 12 , 27.3 , 1.24 , 1.16 , 0.97 , -0.02 
37,이건욱,23S, 0.97 , 26 , 34.2 , 1.82 , 1 , 0 , 0 , 0 , 0 , 0 , 0 ,  , 2 , 1 , 0 , 0 , 0 , 16 , 9 , 56.3 , 0.34 , 0.32 , 0.97 , 0.04 
38,최민준,23S, 0.96 , 53 , 60.0 , 4.20 , 5 , 3 , 7 , 1 , 3 , 1 , 4 , 25.0 , 1 , 6 , 1 , 0 , 0 , 25 , 12 , 48.0 , 1.35 , 1.24 , 0.96 , -0.59 
39,구승민,23롯, 0.86 , 67 , 63.2 , 3.96 , 2 , 6 , 22 , 3 , 5 , 1 , 6 , 37.5 , -9 , 5 , 4 , 0 , 2 , 33 , 11 , 33.3 , 1.64 , 1.75 , 0.86 , -0.44 
40,이우찬,23L, 0.80 , 38 , 38.1 , 3.52 , 1 , 3 , 5 , 0 , 0 , 0 , 0 ,  , -4 , 1 , 0 , 0 , 0 , 25 , 6 , 24.0 , 0.67 , 0.59 , 0.80 , 0.35 
41,김범수,23한, 0.77 , 76 , 62.1 , 4.19 , 5 , 5 , 18 , 1 , 7 , 0 , 7 , 12.5 , -11 , 6 , 7 , 0 , 4 , 52 , 18 , 34.6 , 1.62 , 1.71 , 0.77 , -0.27 
42,이재익,23삼, 0.77 , 51 , 41.0 , 3.95 , 1 , 3 , 11 , 0 , 1 , 0 , 1 , 0.0 , -6 , 1 , 1 , 0 , 0 , 31 , 19 , 61.3 , 1.10 , 0.93 , 0.77 , -0.71 
43,최동환,23L, 0.74 , 45 , 42.1 , 3.19 , 0 , 0 , 1 , 1 , 0 , 0 , 0 , 100.0 , 4 , 1 , 0 , 1 , 0 , 25 , 8 , 32.0 , 0.70 , 0.68 , 0.74 , 0.18 
44,이상동,23K, 0.72 , 36 , 40.2 , 3.98 , 4 , 1 , 1 , 0 , 0 , 1 , 1 ,  , 6 , 4 , 0 , 0 , 0 , 20 , 2 , 10.0 , 0.68 , 0.71 , 0.72 , 0.44 
45,문승원,23S, 0.71 , 38 , 41.2 , 3.89 , 2 , 2 , 8 , 1 , 2 , 1 , 3 , 33.3 , -1 , 3 , 1 , 0 , 0 , 22 , 5 , 22.7 , 0.99 , 1.33 , 0.71 , -0.34 
46,이선우,23K, 0.69 , 18 , 22.1 , 1.21 , 0 , 0 , 0 , 0 , 0 , 0 , 0 ,  , 0 , 0 , 0 , 0 , 0 , 13 , 5 , 38.5 , 0.31 , 0.20 , 0.69 , 0.25 
47,김진호,23N, 0.60 , 19 , 16.1 , 2.76 , 2 , 1 , 9 , 0 , 1 , 0 , 1 , 0.0 , 0 , 2 , 0 , 0 , 0 , 9 , 5 , 55.6 , 1.32 , 1.39 , 0.60 , 0.27 
48,하준영,23N, 0.59 , 57 , 49.0 , 4.59 , 1 , 0 , 2 , 0 , 0 , 0 , 0 ,  , 2 , 1 , 1 , 0 , 0 , 34 , 13 , 38.2 , 0.82 , 0.70 , 0.59 , -1.15 
49,김규연,23한, 0.54 , 23 , 19.2 , 2.75 , 0 , 1 , 0 , 1 , 0 , 0 , 0 , 100.0 , 1 , 1 , 0 , 0 , 0 , 7 , 2 , 28.6 , 0.61 , 0.69 , 0.54 , 0.02 
50,장현식,23K, 0.52 , 56 , 51.0 , 4.06 , 2 , 2 , 5 , 3 , 2 , 0 , 2 , 60.0 , 6 , 5 , 1 , 1 , 1 , 29 , 9 , 31.0 , 0.94 , 0.87 , 0.52 , -0.62 
51,엘리아스,23S, 0.49 , 1 , 7.0 , 0.00 , 0 , 0 , 0 , 0 , 0 , 0 , 0 ,  , 0 , 0 , 0 , 0 , 0 , 0 , 0 ,  , 0.03 , 0.56 , 0.49 , 0.25 
52,조민석,23N, 0.44 , 35 , 31.0 , 4.07 , 1 , 0 , 4 , 0 , 0 , 0 , 0 ,  , 2 , 1 , 2 , 0 , 0 , 28 , 6 , 21.4 , 0.69 , 0.61 , 0.44 , 0.10 
53,고효준,23S, 0.43 , 73 , 58.0 , 4.50 , 4 , 1 , 13 , 0 , 2 , 1 , 3 , 0.0 , 2 , 4 , 3 , 0 , 0 , 50 , 9 , 18.0 , 1.27 , 1.17 , 0.43 , 0.08 
54,신정락,23롯, 0.43 , 34 , 29.0 , 4.66 , 4 , 0 , 1 , 0 , 1 , 1 , 2 , 0.0 , 6 , 4 , 0 , 0 , 1 , 28 , 11 , 39.3 , 1.06 , 1.00 , 0.43 , -0.51 
55,윤중현,23K, 0.42 , 31 , 28.0 , 3.86 , 2 , 1 , 0 , 0 , 0 , 0 , 0 ,  , 2 , 2 , 0 , 0 , 0 , 22 , 5 , 22.7 , 1.01 , 0.74 , 0.42 , 0.20 
56,장민재,23한, 0.42 , 12 , 12.0 , 3.00 , 1 , 1 , 1 , 0 , 0 , 0 , 0 ,  , 0 , 1 , 0 , 0 , 0 , 8 , 6 , 75.0 , 0.35 , 1.43 , 0.42 , 0.42 
57,김대우,23삼, 0.42 , 39 , 43.0 , 4.61 , 0 , 2 , 4 , 0 , 0 , 2 , 2 ,  , -4 , 0 , 1 , 0 , 0 , 25 , 12 , 48.0 , 0.83 , 0.81 , 0.42 , -0.98 
58,최원준,23두, 0.42 , 6 , 10.1 , 1.74 , 0 , 0 , 0 , 0 , 0 , 0 , 0 ,  , 0 , 0 , 0 , 0 , 0 , 7 , 3 , 42.9 , 0.18 , 0.71 , 0.42 , 0.15 
59,최성영,23N, 0.42 , 5 , 13.2 , 3.29 , 2 , 1 , 0 , 0 , 0 , 0 , 0 ,  , 2 , 2 , 0 , 0 , 0 , 6 , 2 , 33.3 , 0.32 , 1.06 , 0.42 , -0.23 
60,최승용,23두, 0.41 , 14 , 18.0 , 3.50 , 0 , 1 , 0 , 1 , 0 , 0 , 0 , 100.0 , 1 , 1 , 0 , 0 , 0 , 14 , 6 , 42.9 , 0.40 , 0.72 , 0.41 , 0.27 
61,조영건,23키, 0.40 , 6 , 7.2 , 0.00 , 0 , 0 , 1 , 0 , 0 , 0 , 0 ,  , 0 , 0 , 0 , 0 , 0 , 4 , 1 , 25.0 , 0.62 , 0.43 , 0.40 , 0.20 
62,이지강,23L, 0.37 , 10 , 16.2 , 1.08 , 0 , 0 , 2 , 0 , 0 , 0 , 0 ,  , 0 , 0 , 1 , 0 , 0 , 8 , 3 , 37.5 , 0.21 , 0.48 , 0.37 , 0.41 
63,박상원,23한, 0.37 , 55 , 61.2 , 3.65 , 5 , 3 , 0 , 16 , 6 , 0 , 6 , 72.7 , 42 , 21 , 0 , 2 , 3 , 26 , 10 , 38.5 , 1.82 , 1.99 , 0.37 , 0.92 
64,이준호,23N, 0.36 , 15 , 25.2 , 3.86 , 3 , 0 , 0 , 0 , 0 , 0 , 0 ,  , 6 , 3 , 0 , 0 , 0 , 7 , 1 , 14.3 , 0.40 , 0.38 , 0.36 , 0.33 
65,우규민,23삼, 0.34 , 56 , 43.0 , 4.81 , 3 , 1 , 13 , 0 , 2 , 0 , 2 , 0.0 , 0 , 3 , 2 , 0 , 0 , 39 , 16 , 41.0 , 1.37 , 1.17 , 0.34 , -0.27 
66,김도규,23롯, 0.32 , 36 , 29.2 , 4.85 , 0 , 3 , 1 , 1 , 0 , 1 , 1 , 100.0 , -3 , 1 , 1 , 0 , 0 , 26 , 10 , 38.5 , 0.96 , 0.92 , 0.32 , -1.28 
67,구창모,23N, 0.30 , 2 , 4.2 , 0.00 , 0 , 0 , 0 , 0 , 0 , 0 , 0 ,  , 0 , 0 , 0 , 0 , 0 , 2 , 0 , 0.0 , 0.20 , 0.68 , 0.30 , 0.19 
68,박민호,23S, 0.29 , 10 , 10.0 , 0.90 , 0 , 0 , 0 , 0 , 0 , 0 , 0 ,  , 0 , 0 , 0 , 0 , 0 , 5 , 0 , 0.0 , 0.53 , 0.44 , 0.29 , 0.14 
69,이명종,23키, 0.27 , 43 , 49.1 , 4.93 , 5 , 4 , 1 , 0 , 4 , 0 , 4 , 0.0 , -6 , 5 , 1 , 0 , 2 , 27 , 14 , 51.9 , 1.09 , 0.94 , 0.27 , -1.10 
70,이상영,23L, 0.26 , 4 , 5.2 , 0.00 , 0 , 0 , 0 , 0 , 0 , 0 , 0 ,  , 0 , 0 , 0 , 0 , 0 , 1 , 0 , 0.0 , 0.10 , 0.31 , 0.26 , 0.05 
71,이민우,23한, 0.26 , 17 , 13.2 , 2.63 , 2 , 1 , 2 , 0 , 0 , 0 , 0 ,  , 2 , 2 , 1 , 0 , 0 , 8 , 3 , 37.5 , 1.12 , 0.97 , 0.26 , 0.07 
72,석상호,23롯, 0.24 , 5 , 5.1 , 0.00 , 0 , 0 , 0 , 0 , 0 , 0 , 0 ,  , 0 , 0 , 0 , 0 , 0 , 0 , 0 ,  , 0.23 , 0.15 , 0.24 , -0.01 
73,강건,23K, 0.24 , 4 , 6.2 , 1.35 , 0 , 0 , 0 , 1 , 0 , 0 , 0 , 100.0 , 3 , 1 , 0 , 0 , 0 , 1 , 1 , 100.0 , 0.30 , 0.45 , 0.24 , -0.10 
74,정우람,23한, 0.24 , 52 , 40.1 , 5.36 , 0 , 1 , 8 , 0 , 1 , 0 , 1 , 0.0 , -4 , 0 , 3 , 0 , 0 , 21 , 4 , 19.1 , 1.06 , 0.94 , 0.24 , 0.24 
75,김서준,23삼, 0.23 , 7 , 6.2 , 1.35 , 0 , 0 , 1 , 0 , 0 , 0 , 0 ,  , 0 , 0 , 0 , 0 , 0 , 3 , 1 , 33.3 , 0.23 , 0.20 , 0.23 , -0.05 
76,김강률,23두, 0.23 , 32 , 25.2 , 4.21 , 1 , 0 , 7 , 1 , 0 , 0 , 0 , 100.0 , 5 , 2 , 2 , 0 , 0 , 21 , 4 , 19.1 , 1.21 , 0.98 , 0.23 , 0.15 
77,박정수,23두, 0.23 , 25 , 36.2 , 4.17 , 1 , 0 , 0 , 1 , 0 , 0 , 0 , 100.0 , 5 , 2 , 0 , 0 , 0 , 19 , 5 , 26.3 , 0.37 , 0.31 , 0.23 , 0.13 
78,이상규,23L, 0.23 , 8 , 7.2 , 2.35 , 0 , 0 , 0 , 0 , 0 , 0 , 0 ,  , 0 , 0 , 0 , 0 , 0 , 5 , 0 , 0.0 , 0.47 , 0.34 , 0.23 , 0.17 
79,문용익,23삼, 0.23 , 14 , 13.0 , 4.15 , 1 , 0 , 0 , 0 , 0 , 0 , 0 ,  , 2 , 1 , 0 , 0 , 0 , 4 , 2 , 50.0 , 0.34 , 0.34 , 0.23 , -0.12 
80,김윤식,23L, 0.21 , 1 , 2.2 , 0.00 , 0 , 0 , 0 , 0 , 0 , 0 , 0 ,  , 0 , 0 , 0 , 0 , 0 , 0 , 0 ,  , 0.08 , 1.34 , 0.21 , 0.22 
81,이재학,23N, 0.21 , 2 , 3.0 , 0.00 , 2 , 0 , 0 , 0 , 0 , 0 , 0 ,  , 4 , 2 , 0 , 0 , 0 , 1 , 0 , 0.0 , 0.15 , 1.03 , 0.21 , 0.20 
82,백승우,23두, 0.21 , 6 , 4.0 , 0.00 , 0 , 0 , 0 , 0 , 0 , 0 , 0 ,  , 0 , 0 , 0 , 0 , 0 , 2 , 1 , 50.0 , 0.55 , 0.54 , 0.21 , -0.10 
83,이재희,23삼, 0.20 , 1 , 4.0 , 0.00 , 0 , 0 , 0 , 0 , 0 , 0 , 0 ,  , 0 , 0 , 0 , 0 , 0 , 0 , 0 ,  , 0.13 , 0.53 , 0.20 , 0.11 
84,이승호,23키, 0.19 , 3 , 2.1 , 0.00 , 0 , 0 , 1 , 0 , 0 , 0 , 0 ,  , 0 , 0 , 0 , 0 , 0 , 0 , 0 ,  , 1.15 , 1.59 , 0.19 , 0.14 
85,이호성,23삼, 0.19 , 3 , 7.0 , 2.57 , 0 , 0 , 0 , 0 , 0 , 0 , 0 ,  , 0 , 0 , 0 , 0 , 0 , 0 , 0 ,  , 0.25 , 0.38 , 0.19 , -0.10 
86,백승건,23S, 0.19 , 23 , 31.1 , 4.60 , 2 , 2 , 3 , 0 , 0 , 0 , 0 ,  , 0 , 2 , 0 , 0 , 0 , 7 , 3 , 42.9 , 0.86 , 0.98 , 0.19 , 0.50 
87,오원석,23S, 0.19 , 1 , 5.2 , 3.18 , 1 , 0 , 0 , 0 , 0 , 0 , 0 ,  , 2 , 1 , 0 , 0 , 0 , 0 , 0 ,  , 0.04 , 1.41 , 0.19 , 0.25 
88,박준표,23K, 0.18 , 33 , 28.0 , 4.50 , 1 , 0 , 3 , 0 , 0 , 0 , 0 ,  , 2 , 1 , 0 , 0 , 0 , 16 , 5 , 31.3 , 0.77 , 0.61 , 0.18 , -0.20 
89,정성종,23롯, 0.18 , 9 , 13.0 , 4.15 , 0 , 0 , 1 , 0 , 0 , 0 , 0 ,  , 0 , 0 , 0 , 0 , 0 , 2 , 2 , 100.0 , 0.34 , 0.39 , 0.18 , 0.09 
90,송영진,23S, 0.17 , 8 , 11.2 , 3.86 , 0 , 0 , 0 , 0 , 0 , 0 , 0 ,  , 0 , 0 , 0 , 0 , 0 , 5 , 3 , 60.0 , 0.22 , 0.43 , 0.17 , -0.06 
91,심재민,23K롯, 0.17 , 27 , 21.0 , 4.29 , 1 , 0 , 6 , 0 , 0 , 0 , 0 ,  , 2 , 1 , 1 , 0 , 0 , 23 , 10 , 43.5 , 0.76 , 0.69 , 0.17 , -0.23 
92,윤정현,23키, 0.16 , 5 , 6.0 , 1.50 , 0 , 0 , 0 , 0 , 0 , 0 , 0 ,  , 0 , 0 , 0 , 0 , 0 , 0 , 0 ,  , 0.72 , 0.17 , 0.16 , -0.12 
93,이진하,23롯, 0.16 , 9 , 8.0 , 3.38 , 0 , 0 , 0 , 0 , 0 , 0 , 0 ,  , 0 , 0 , 0 , 0 , 0 , 2 , 2 , 100.0 , 0.14 , 0.18 , 0.16 , -0.04 
94,김승현,23K, 0.16 , 10 , 12.2 , 4.26 , 0 , 0 , 0 , 0 , 0 , 0 , 0 ,  , 0 , 0 , 0 , 0 , 0 , 6 , 3 , 50.0 , 0.14 , 0.11 , 0.16 , -0.02 
95,이병헌,23두, 0.16 , 36 , 27.0 , 4.67 , 0 , 0 , 5 , 0 , 2 , 1 , 3 , 0.0 , -4 , 0 , 0 , 0 , 1 , 25 , 8 , 32.0 , 0.91 , 0.67 , 0.16 , -0.86 
96,박신지,23두, 0.15 , 14 , 24.0 , 5.25 , 0 , 0 , 0 , 0 , 0 , 0 , 0 ,  , 0 , 0 , 0 , 0 , 0 , 10 , 3 , 30.0 , 0.47 , 0.40 , 0.15 , -0.53 
97,우강훈,23롯, 0.15 , 2 , 3.0 , 0.00 , 0 , 0 , 0 , 0 , 0 , 0 , 0 ,  , 0 , 0 , 0 , 0 , 0 , 0 , 0 ,  , 0.05 , 0.07 , 0.15 , 0.01 
98,전용주,23K, 0.15 , 15 , 10.1 , 4.36 , 0 , 1 , 1 , 0 , 0 , 0 , 0 ,  , -2 , 0 , 1 , 0 , 0 , 9 , 1 , 11.1 , 0.56 , 0.42 , 0.15 , 0.04 
99,전사민,23N, 0.14 , 9 , 17.0 , 4.77 , 0 , 2 , 0 , 1 , 0 , 0 , 0 , 100.0 , -1 , 1 , 0 , 0 , 0 , 2 , 2 , 100.0 , 0.89 , 1.12 , 0.14 , -0.17 
100,송명기,23N, 0.13 , 18 , 22.0 , 5.32 , 1 , 2 , 0 , 0 , 0 , 0 , 0 ,  , -2 , 1 , 0 , 0 , 0 , 5 , 4 , 80.0 , 0.29 , 0.54 , 0.13 , -0.79 
101,문성현,23키, 0.13 , 32 , 28.1 , 4.13 , 2 , 2 , 2 , 0 , 1 , 0 , 1 , 0.0 , -2 , 2 , 0 , 0 , 1 , 8 , 6 , 75.0 , 1.22 , 1.42 , 0.13 , -0.71 
102,김태현,23N, 0.13 , 16 , 20.1 , 4.43 , 1 , 0 , 0 , 0 , 0 , 0 , 0 ,  , 2 , 1 , 0 , 0 , 0 , 6 , 0 , 0.0 , 0.12 , 0.12 , 0.13 , -0.01 
103,진해수,23L, 0.13 , 19 , 14.2 , 3.07 , 0 , 0 , 2 , 0 , 1 , 0 , 1 , 0.0 , -2 , 0 , 0 , 0 , 0 , 10 , 3 , 30.0 , 0.64 , 0.73 , 0.13 , -0.44 
104,장재영,23키, 0.13 , 6 , 7.0 , 1.29 , 0 , 0 , 0 , 0 , 0 , 0 , 0 ,  , 0 , 0 , 0 , 0 , 0 , 1 , 1 , 100.0 , 0.14 , 0.35 , 0.13 , -0.09 
105,김창훈,23롯, 0.12 , 3 , 4.1 , 2.08 , 0 , 0 , 0 , 0 , 0 , 0 , 0 ,  , 0 , 0 , 0 , 0 , 0 , 5 , 1 , 20.0 , 0.46 , 0.21 , 0.12 , 0.10 
106,이승현,23삼, 0.12 , 48 , 43.1 , 4.99 , 1 , 5 , 7 , 5 , 4 , 2 , 6 , 55.6 , 0 , 6 , 1 , 1 , 1 , 30 , 10 , 33.3 , 1.51 , 1.55 , 0.12 , -1.60 
107,윤영철,23K, 0.12 , 1 , 1.2 , 0.00 , 1 , 0 , 0 , 0 , 0 , 0 , 0 ,  , 2 , 1 , 0 , 0 , 0 , 0 , 0 ,  , 0.04 , 1.27 , 0.12 , 0.08 
108,신민혁,23N, 0.11 , 5 , 10.0 , 3.60 , 0 , 0 , 0 , 0 , 0 , 0 , 0 ,  , 0 , 0 , 0 , 0 , 0 , 3 , 3 , 100.0 , 0.04 , 0.11 , 0.11 , -0.04 
109,이종민,23키, 0.11 , 9 , 10.0 , 4.50 , 0 , 0 , 0 , 0 , 0 , 0 , 0 ,  , 0 , 0 , 0 , 0 , 0 , 8 , 4 , 50.0 , 0.18 , 0.20 , 0.11 , -0.11 
110,양창섭,23삼, 0.11 , 11 , 12.1 , 5.11 , 0 , 0 , 2 , 0 , 0 , 0 , 0 ,  , 0 , 0 , 0 , 0 , 0 , 3 , 1 , 33.3 , 0.51 , 0.72 , 0.11 , 0.03 
111,한재승,23N, 0.10 , 11 , 9.2 , 3.72 , 0 , 1 , 0 , 0 , 0 , 1 , 1 ,  , -2 , 0 , 0 , 0 , 0 , 9 , 5 , 55.6 , 0.60 , 0.35 , 0.10 , -0.24 
112,파노니,23K, 0.10 , 1 , 2.0 , 0.00 , 0 , 0 , 0 , 0 , 0 , 0 , 0 ,  , 0 , 0 , 0 , 0 , 0 , 0 , 0 ,  , 0.04 , 0.47 , 0.10 , 0.07 
113,최지광,23삼, 0.10 , 22 , 17.1 , 5.19 , 2 , 0 , 1 , 0 , 0 , 0 , 0 ,  , 4 , 2 , 0 , 0 , 0 , 17 , 8 , 47.1 , 0.73 , 0.72 , 0.10 , -0.69 
114,송은범,23L, 0.10 , 4 , 3.2 , 2.46 , 0 , 0 , 0 , 0 , 0 , 0 , 0 ,  , 0 , 0 , 0 , 0 , 0 , 1 , 1 , 100.0 , 0.24 , 0.40 , 0.10 , -0.10 
115,김유신,23K, 0.10 , 27 , 30.1 , 5.64 , 0 , 1 , 2 , 0 , 0 , 0 , 0 ,  , -2 , 0 , 0 , 0 , 0 , 19 , 11 , 57.9 , 0.81 , 0.52 , 0.10 , -0.64 
116,김대유,23K, 0.10 , 41 , 24.2 , 5.11 , 0 , 2 , 4 , 0 , 0 , 0 , 0 ,  , -4 , 0 , 2 , 0 , 0 , 27 , 11 , 40.7 , 0.92 , 0.80 , 0.10 , -0.55 
117,박승주,23키, 0.09 , 18 , 18.0 , 3.50 , 0 , 3 , 0 , 0 , 0 , 1 , 1 ,  , -6 , 0 , 0 , 0 , 0 , 9 , 2 , 22.2 , 0.76 , 0.70 , 0.09 , -0.77 
118,김동주,23두, 0.09 , 1 , 2.0 , 0.00 , 0 , 0 , 0 , 0 , 0 , 0 , 0 ,  , 0 , 0 , 0 , 0 , 0 , 0 , 0 ,  , 0.01 , 0.19 , 0.09 , 0.02 
119,이민석,23롯, 0.09 , 1 , 1.1 , 0.00 , 0 , 0 , 0 , 0 , 0 , 0 , 0 ,  , 0 , 0 , 0 , 0 , 0 , 1 , 0 , 0.0 , 0.70 , 1.40 , 0.09 , 0.10 
120,최지강,23두, 0.09 , 25 , 22.0 , 5.32 , 2 , 1 , 2 , 0 , 0 , 0 , 0 ,  , 2 , 2 , 0 , 0 , 0 , 10 , 5 , 50.0 , 0.67 , 0.68 , 0.09 , 0.41 
121,이용준,23N, 0.09 , 12 , 17.1 , 4.15 , 0 , 0 , 0 , 0 , 0 , 0 , 0 ,  , 0 , 0 , 0 , 0 , 0 , 9 , 5 , 55.6 , 0.34 , 0.56 , 0.09 , -0.47 
122,윤호솔,23L, 0.08 , 4 , 3.2 , 2.46 , 0 , 0 , 0 , 0 , 0 , 0 , 0 ,  , 0 , 0 , 0 , 0 , 0 , 2 , 1 , 50.0 , 0.19 , 0.16 , 0.08 , 0.04 
123,홍원표,23삼, 0.08 , 3 , 3.2 , 2.46 , 0 , 0 , 0 , 0 , 0 , 0 , 0 ,  , 0 , 0 , 0 , 0 , 0 , 0 , 0 ,  , 0.11 , 0.09 , 0.08 , 0.01 
124,오상원,23키, 0.08 , 10 , 13.1 , 5.40 , 0 , 0 , 0 , 0 , 0 , 0 , 0 ,  , 0 , 0 , 0 , 0 , 0 , 2 , 1 , 50.0 , 0.07 , 0.07 , 0.08 , -0.08 
125,김정운,23K, 0.08 , 5 , 7.0 , 3.86 , 0 , 0 , 0 , 0 , 0 , 0 , 0 ,  , 0 , 0 , 0 , 0 , 0 , 2 , 2 , 100.0 , 0.14 , 0.06 , 0.08 , -0.04 
126,이정용,23L, 0.08 , 24 , 26.0 , 4.50 , 3 , 0 , 1 , 3 , 5 , 0 , 5 , 37.5 , 5 , 6 , 0 , 0 , 1 , 11 , 7 , 63.6 , 0.84 , 1.38 , 0.08 , -1.21 
127,임정호,23N, 0.08 , 65 , 50.0 , 4.68 , 4 , 4 , 15 , 0 , 4 , 0 , 4 , 0.0 , -8 , 4 , 4 , 0 , 0 , 31 , 5 , 16.1 , 1.15 , 1.17 , 0.08 , -0.29 
128,고영표,23K, 0.07 , 1 , 0.2 , 0.00 , 0 , 0 , 0 , 0 , 0 , 0 , 0 ,  , 0 , 0 , 0 , 0 , 0 , 2 , 1 , 50.0 , 0.14 , 2.51 , 0.07 , -0.08 
129,엄상백,23K, 0.07 , 1 , 1.1 , 0.00 , 0 , 0 , 0 , 0 , 0 , 0 , 0 ,  , 0 , 0 , 0 , 0 , 0 , 0 , 0 ,  , 0.03 , 0.57 , 0.07 , 0.06 
130,황동하,23K, 0.07 , 7 , 10.1 , 3.48 , 0 , 1 , 0 , 0 , 0 , 0 , 0 ,  , -2 , 0 , 0 , 0 , 0 , 5 , 3 , 60.0 , 0.82 , 0.85 , 0.07 , -0.18 
131,한승혁,23한, 0.06 , 14 , 14.2 , 5.52 , 0 , 1 , 1 , 0 , 0 , 0 , 0 ,  , -2 , 0 , 0 , 0 , 0 , 9 , 7 , 77.8 , 0.55 , 0.55 , 0.06 , -1.07 
132,김강현,23롯, 0.05 , 2 , 3.0 , 3.00 , 0 , 0 , 0 , 0 , 0 , 0 , 0 ,  , 0 , 0 , 0 , 0 , 0 , 0 , 0 ,  , 0.19 , 0.17 , 0.05 , -0.00 
133,서동민,23S, 0.05 , 2 , 1.0 , 0.00 , 0 , 0 , 0 , 0 , 0 , 0 , 0 ,  , 0 , 0 , 0 , 0 , 0 , 0 , 0 ,  , 0.27 , 0.20 , 0.05 , -0.05 
134,김시훈,23N, 0.05 , 61 , 52.2 , 4.44 , 4 , 3 , 12 , 3 , 3 , 0 , 3 , 50.0 , 5 , 7 , 0 , 0 , 0 , 26 , 9 , 34.6 , 1.27 , 1.25 , 0.05 , -1.51 
135,박영완,23롯, 0.05 , 1 , 1.0 , 0.00 , 0 , 0 , 0 , 0 , 0 , 0 , 0 ,  , 0 , 0 , 0 , 0 , 0 , 0 , 0 ,  , 0.20 , 0.22 , 0.05 , 0.01 
136,하준수,23N, 0.04 , 1 , 1.0 , 0.00 , 0 , 0 , 0 , 0 , 0 , 0 , 0 ,  , 0 , 0 , 0 , 0 , 0 , 0 , 0 ,  , 0.00 , 0.00 , 0.04 , 0.00 
137,장필준,23삼, 0.04 , 14 , 13.1 , 6.08 , 1 , 0 , 1 , 0 , 0 , 0 , 0 ,  , 2 , 1 , 0 , 0 , 0 , 10 , 4 , 40.0 , 0.85 , 0.49 , 0.04 , 0.06 
138,김민규,23두, 0.04 , 5 , 5.2 , 3.18 , 0 , 0 , 0 , 0 , 0 , 0 , 0 ,  , 0 , 0 , 0 , 0 , 0 , 2 , 1 , 50.0 , 0.22 , 0.29 , 0.04 , -0.02 
139,하준호,23K, 0.04 , 12 , 13.0 , 4.85 , 0 , 1 , 0 , 0 , 0 , 0 , 0 ,  , -2 , 0 , 0 , 0 , 0 , 6 , 0 , 0.0 , 0.36 , 0.45 , 0.04 , -0.14 
140,송승기,23L, 0.04 , 1 , 1.0 , 0.00 , 0 , 0 , 0 , 0 , 0 , 0 , 0 ,  , 0 , 0 , 0 , 0 , 0 , 0 , 0 ,  , 0.00 , 0.00 , 0.04 , 0.00 
141,김태욱,23롯, 0.04 , 1 , 1.0 , 0.00 , 0 , 0 , 0 , 0 , 0 , 0 , 0 ,  , 0 , 0 , 0 , 0 , 0 , 0 , 0 ,  , 0.00 , 0.00 , 0.04 , 0.00 
142,유승철,23K, 0.03 , 1 , 1.0 , 0.00 , 0 , 0 , 0 , 0 , 0 , 0 , 0 ,  , 0 , 0 , 0 , 0 , 0 , 0 , 0 ,  , 0.02 , 0.02 , 0.03 , 0.00 
143,류원석,23한, 0.03 , 1 , 2.0 , 4.50 , 0 , 0 , 0 , 0 , 0 , 0 , 0 ,  , 0 , 0 , 0 , 0 , 0 , 0 , 0 ,  , 0.01 , 0.01 , 0.03 , 0.00 
144,심창민,23N, 0.02 , 5 , 3.1 , 2.70 , 0 , 1 , 0 , 0 , 0 , 0 , 0 ,  , -2 , 0 , 0 , 0 , 0 , 0 , 0 ,  , 0.48 , 0.66 , 0.02 , 0.05 
145,이우석,23N, 0.02 , 1 , 0.2 , 0.00 , 0 , 0 , 0 , 0 , 0 , 0 , 0 ,  , 0 , 0 , 0 , 0 , 0 , 0 , 0 ,  , 0.00 , 0.00 , 0.02 , 0.00 
146,조현우,23K, 0.02 , 5 , 3.0 , 6.00 , 0 , 0 , 0 , 0 , 0 , 0 , 0 ,  , 0 , 0 , 0 , 0 , 0 , 5 , 1 , 20.0 , 0.20 , 0.10 , 0.02 , 0.01 
147,박세진,23K, 0.02 , 16 , 11.2 , 3.86 , 0 , 1 , 1 , 0 , 0 , 0 , 0 ,  , -2 , 0 , 1 , 0 , 0 , 10 , 1 , 10.0 , 0.65 , 0.44 , 0.02 , -0.20 
148,오석주,23L, 0.01 , 9 , 10.0 , 6.30 , 0 , 0 , 0 , 0 , 0 , 0 , 0 ,  , 0 , 0 , 0 , 0 , 0 , 3 , 0 , 0.0 , 0.19 , 0.15 , 0.01 , -0.08 
149,고봉재,23두, -0.01 , 10 , 11.1 , 6.35 , 0 , 0 , 0 , 0 , 0 , 0 , 0 ,  , 0 , 0 , 0 , 0 , 0 , 8 , 4 , 50.0 , 0.27 , 0.18 , -0.01 , -0.21 
150,장원준,23두, -0.01 , 1 , 1.1 , 0.00 , 0 , 0 , 0 , 0 , 0 , 0 , 0 ,  , 0 , 0 , 0 , 0 , 0 , 0 , 0 ,  , 0.01 , 0.38 , -0.01 , -0.00 
151,김영현,23K, -0.01 , 31 , 33.0 , 5.46 , 0 , 0 , 1 , 1 , 0 , 0 , 0 , 100.0 , 3 , 1 , 0 , 0 , 0 , 16 , 5 , 31.3 , 0.54 , 0.49 , -0.01 , -0.36 
152,김건국,23K, -0.01 , 1 , 1.0 , 9.00 , 0 , 0 , 0 , 0 , 0 , 0 , 0 ,  , 0 , 0 , 0 , 0 , 0 , 0 , 0 ,  , 0.00 , 0.00 , -0.01 , 0.00 
153,홍성민,23키, -0.01 , 2 , 2.0 , 9.00 , 0 , 0 , 0 , 0 , 0 , 0 , 0 ,  , 0 , 0 , 0 , 0 , 0 , 0 , 0 ,  , 0.06 , 0.05 , -0.01 , -0.01 
154,한두솔,23S, -0.01 , 1 , 1.0 , 9.00 , 0 , 0 , 0 , 0 , 0 , 0 , 0 ,  , 0 , 0 , 0 , 0 , 0 , 0 , 0 ,  , 0.06 , 0.06 , -0.01 , -0.01 
155,박권후,23삼, -0.01 , 4 , 2.2 , 3.38 , 0 , 0 , 0 , 0 , 0 , 0 , 0 ,  , 0 , 0 , 0 , 0 , 0 , 3 , 0 , 0.0 , 0.32 , 0.13 , -0.01 , -0.02 
156,성동현,23L, -0.01 , 1 , 1.0 , 9.00 , 0 , 0 , 0 , 0 , 0 , 0 , 0 ,  , 0 , 0 , 0 , 0 , 0 , 0 , 0 ,  , 0.02 , 0.03 , -0.01 , -0.00 
157,이기순,23S, -0.02 , 2 , 3.0 , 9.00 , 0 , 0 , 0 , 0 , 0 , 0 , 0 ,  , 0 , 0 , 0 , 0 , 0 , 0 , 0 ,  , 0.01 , 0.01 , -0.02 , -0.01 
158,채지선,23LN, -0.02 , 3 , 3.1 , 8.10 , 0 , 0 , 0 , 0 , 0 , 0 , 0 ,  , 0 , 0 , 0 , 0 , 0 , 3 , 0 , 0.0 , 0.03 , 0.03 , -0.02 , -0.01 
159,이인복,23롯, -0.02 , 3 , 4.0 , 4.50 , 1 , 0 , 0 , 0 , 0 , 0 , 0 ,  , 2 , 1 , 0 , 0 , 0 , 2 , 2 , 100.0 , 0.27 , 0.86 , -0.02 , -0.25 
160,양지율,23키, -0.04 , 1 , 0.2 , 13.50 , 0 , 0 , 0 , 0 , 0 , 0 , 0 ,  , 0 , 0 , 0 , 0 , 0 , 0 , 0 ,  , 0.26 , 0.36 , -0.04 , -0.04 
161,김준형,23키, -0.04 , 8 , 7.2 , 7.04 , 0 , 0 , 0 , 0 , 0 , 0 , 0 ,  , 0 , 0 , 0 , 0 , 0 , 4 , 1 , 25.0 , 0.12 , 0.08 , -0.04 , -0.03 
162,이로운,23S, -0.04 , 50 , 57.2 , 5.62 , 6 , 1 , 5 , 0 , 1 , 0 , 1 , 0.0 , 8 , 6 , 0 , 0 , 0 , 18 , 7 , 38.9 , 0.59 , 0.55 , -0.04 , -0.04 
163,임찬규,23L, -0.04 , 4 , 8.0 , 5.63 , 0 , 0 , 1 , 0 , 0 , 0 , 0 ,  , 0 , 0 , 1 , 0 , 0 , 4 , 0 , 0.0 , 0.24 , 1.43 , -0.04 , 0.46 
164,김영준,23L, -0.05 , 1 , 0.1 , 27.00 , 1 , 0 , 0 , 0 , 0 , 0 , 0 ,  , 2 , 1 , 0 , 0 , 0 , 1 , 0 , 0.0 , 0.23 , 0.29 , -0.05 , -0.03 
165,배제성,23K, -0.05 , 2 , 6.0 , 7.50 , 0 , 0 , 0 , 0 , 0 , 0 , 0 ,  , 0 , 0 , 0 , 0 , 0 , 2 , 0 , 0.0 , 0.04 , 0.30 , -0.05 , 0.02 
166,임지민,23N, -0.05 , 2 , 1.1 , 13.50 , 0 , 0 , 0 , 0 , 0 , 0 , 0 ,  , 0 , 0 , 0 , 0 , 0 , 0 , 0 ,  , 0.01 , 0.01 , -0.05 , 0.00 
167,송윤준,23한, -0.05 , 4 , 4.1 , 8.31 , 0 , 0 , 0 , 0 , 0 , 0 , 0 ,  , 0 , 0 , 0 , 0 , 0 , 1 , 0 , 0.0 , 0.40 , 0.42 , -0.05 , -0.04 
168,배재준,23L, -0.06 , 1 , 1.0 , 18.00 , 0 , 0 , 0 , 0 , 0 , 0 , 0 ,  , 0 , 0 , 0 , 0 , 0 , 0 , 0 ,  , 0.01 , 0.01 , -0.06 , -0.00 
169,서상준,23S, -0.06 , 2 , 2.0 , 0.00 , 0 , 0 , 0 , 0 , 0 , 0 , 0 ,  , 0 , 0 , 0 , 0 , 0 , 0 , 0 ,  , 0.02 , 0.02 , -0.06 , -0.00 
170,윤석원,23키, -0.07 , 21 , 24.0 , 4.50 , 2 , 0 , 2 , 0 , 0 , 0 , 0 ,  , 4 , 2 , 0 , 0 , 0 , 9 , 6 , 66.7 , 0.52 , 0.37 , -0.07 , -0.03 
171,정구범,23N, -0.07 , 2 , 4.0 , 9.00 , 0 , 0 , 0 , 0 , 0 , 0 , 0 ,  , 0 , 0 , 0 , 0 , 0 , 1 , 0 , 0.0 , 0.08 , 0.12 , -0.07 , -0.03 
172,신헌민,23S, -0.07 , 11 , 12.0 , 6.00 , 0 , 0 , 0 , 0 , 0 , 0 , 0 ,  , 0 , 0 , 0 , 0 , 0 , 4 , 1 , 25.0 , 0.13 , 0.14 , -0.07 , 0.09 
173,김민수,23K, -0.07 , 14 , 13.0 , 6.92 , 0 , 1 , 3 , 0 , 0 , 0 , 0 ,  , -2 , 0 , 2 , 0 , 0 , 11 , 2 , 18.2 , 1.05 , 0.56 , -0.07 , -0.23 
174,박명근,23L, -0.07 , 56 , 48.1 , 5.03 , 4 , 3 , 9 , 5 , 3 , 2 , 5 , 62.5 , 11 , 9 , 1 , 0 , 2 , 32 , 17 , 53.1 , 1.40 , 1.46 , -0.07 , -0.50 
175,최채흥,23삼, -0.08 , 1 , 1.1 , 13.50 , 0 , 0 , 0 , 0 , 0 , 0 , 0 ,  , 0 , 0 , 0 , 0 , 0 , 0 , 0 ,  , 0.05 , 0.60 , -0.08 , 0.00 
176,장세진,23롯, -0.08 , 2 , 1.1 , 13.50 , 0 , 0 , 0 , 0 , 0 , 0 , 0 ,  , 0 , 0 , 0 , 0 , 0 , 2 , 1 , 50.0 , 1.56 , 0.49 , -0.08 , -0.02 
177,최충연,23삼, -0.08 , 7 , 9.1 , 4.82 , 0 , 0 , 0 , 0 , 0 , 0 , 0 ,  , 0 , 0 , 0 , 0 , 0 , 6 , 2 , 33.3 , 0.27 , 0.24 , -0.08 , -0.03 
178,박진,23롯, -0.08 , 4 , 5.0 , 9.00 , 0 , 0 , 0 , 0 , 0 , 0 , 0 ,  , 0 , 0 , 0 , 0 , 0 , 1 , 1 , 100.0 , 0.16 , 0.14 , -0.08 , -0.07 
179,김태오,23K, -0.09 , 5 , 7.1 , 7.36 , 0 , 0 , 0 , 0 , 0 , 0 , 0 ,  , 0 , 0 , 0 , 0 , 0 , 6 , 4 , 66.7 , 0.35 , 0.35 , -0.09 , 0.11 
180,김정우,23두, -0.09 , 7 , 6.2 , 9.45 , 0 , 0 , 0 , 0 , 0 , 0 , 0 ,  , 0 , 0 , 0 , 0 , 0 , 2 , 2 , 100.0 , 0.11 , 0.07 , -0.09 , -0.06 
181,김호준,23두, -0.09 , 3 , 3.0 , 12.00 , 0 , 0 , 0 , 0 , 0 , 0 , 0 ,  , 0 , 0 , 0 , 0 , 0 , 0 , 0 ,  , 0.01 , 0.02 , -0.09 , 0.00 
182,김기중,23한, -0.09 , 31 , 29.1 , 5.22 , 0 , 1 , 1 , 0 , 0 , 0 , 0 ,  , -2 , 0 , 1 , 0 , 0 , 15 , 2 , 13.3 , 0.62 , 0.65 , -0.09 , 0.22 
183,진승현,23롯, -0.10 , 24 , 27.2 , 5.86 , 2 , 2 , 1 , 0 , 0 , 0 , 0 ,  , 0 , 2 , 0 , 0 , 0 , 21 , 7 , 33.3 , 0.89 , 0.68 , -0.10 , -0.14 
184,윤산흠,23한, -0.10 , 5 , 3.0 , 6.00 , 0 , 0 , 0 , 0 , 0 , 2 , 2 ,  , 0 , 0 , 0 , 0 , 0 , 4 , 2 , 50.0 , 2.52 , 3.38 , -0.10 , -0.46 
185,류희운,23한, -0.10 , 3 , 4.0 , 11.25 , 0 , 0 , 0 , 0 , 0 , 0 , 0 ,  , 0 , 0 , 0 , 0 , 0 , 3 , 0 , 0.0 , 0.11 , 0.07 , -0.10 , -0.01 
186,허윤동,23삼, -0.11 , 6 , 7.2 , 9.39 , 0 , 0 , 0 , 0 , 0 , 0 , 0 ,  , 0 , 0 , 0 , 0 , 0 , 2 , 1 , 50.0 , 0.31 , 0.22 , -0.11 , -0.16 
187,김민,23K, -0.11 , 12 , 14.1 , 6.28 , 0 , 0 , 0 , 0 , 0 , 1 , 1 ,  , 0 , 0 , 0 , 0 , 0 , 6 , 2 , 33.3 , 0.25 , 0.28 , -0.11 , -0.42 
188,제환유,23두, -0.11 , 1 , 2.0 , 13.50 , 0 , 0 , 0 , 0 , 0 , 0 , 0 ,  , 0 , 0 , 0 , 0 , 0 , 2 , 2 , 100.0 , 0.12 , 0.03 , -0.11 , -0.01 
189,나원탁,23롯, -0.11 , 1 , 0.2 , 40.50 , 0 , 0 , 0 , 0 , 0 , 0 , 0 ,  , 0 , 0 , 0 , 0 , 0 , 0 , 0 ,  , 0.03 , 0.02 , -0.11 , -0.00 
190,이채호,23K, -0.11 , 25 , 24.2 , 6.93 , 0 , 1 , 1 , 0 , 0 , 0 , 0 ,  , -2 , 0 , 0 , 0 , 0 , 11 , 7 , 63.6 , 0.54 , 0.38 , -0.11 , -0.56 
191,박세웅,23삼, -0.12 , 2 , 0.2 , 27.00 , 0 , 0 , 0 , 0 , 0 , 1 , 1 ,  , 0 , 0 , 0 , 0 , 0 , 1 , 1 , 100.0 , 0.65 , 0.59 , -0.12 , -0.30 
192,김주온,23S, -0.12 , 1 , 0.1 , 81.00 , 0 , 0 , 0 , 0 , 0 , 0 , 0 ,  , 0 , 0 , 0 , 0 , 0 , 0 , 0 ,  , 0.00 , 0.01 , -0.12 , -0.00 
193,손주영,23L, -0.12 , 1 , 2.0 , 18.00 , 0 , 0 , 0 , 0 , 0 , 0 , 0 ,  , 0 , 0 , 0 , 0 , 0 , 2 , 2 , 100.0 , 0.16 , 0.12 , -0.12 , -0.06 
194,김시현,23삼, -0.12 , 2 , 3.0 , 12.00 , 0 , 0 , 0 , 0 , 0 , 0 , 0 ,  , 0 , 0 , 0 , 0 , 0 , 0 , 0 ,  , 0.04 , 0.02 , -0.12 , -0.01 
195,장지수,23한, -0.14 , 1 , 2.0 , 18.00 , 0 , 0 , 0 , 0 , 0 , 0 , 0 ,  , 0 , 0 , 0 , 0 , 0 , 0 , 0 ,  , 0.06 , 0.04 , -0.14 , -0.01 
196,이승진,23두, -0.15 , 1 , 0.2 , 0.00 , 0 , 0 , 0 , 0 , 0 , 0 , 0 ,  , 0 , 0 , 0 , 0 , 0 , 0 , 0 ,  , 0.02 , 0.05 , -0.15 , -0.00 
197,김유성,23두, -0.15 , 7 , 6.1 , 9.95 , 0 , 0 , 0 , 0 , 0 , 0 , 0 ,  , 0 , 0 , 0 , 0 , 0 , 4 , 2 , 50.0 , 0.32 , 0.18 , -0.15 , -0.24 
198,최이준,23롯, -0.15 , 28 , 29.0 , 6.83 , 1 , 0 , 1 , 0 , 0 , 0 , 0 ,  , 2 , 1 , 0 , 0 , 0 , 10 , 3 , 30.0 , 0.47 , 0.48 , -0.15 , 0.23 
199,윤명준,23롯, -0.17 , 21 , 19.1 , 6.52 , 0 , 1 , 5 , 0 , 1 , 0 , 1 , 0.0 , -4 , 0 , 2 , 0 , 1 , 30 , 16 , 53.3 , 1.35 , 1.05 , -0.17 , -1.07 
200,산체스,23K, -0.18 , 1 , 2.2 , 16.88 , 0 , 0 , 0 , 0 , 0 , 0 , 0 ,  , 0 , 0 , 0 , 0 , 0 , 0 , 0 ,  , 0.07 , 0.40 , -0.18 , -0.24 
201,배민서,23N, -0.18 , 6 , 6.2 , 6.75 , 0 , 0 , 0 , 0 , 0 , 0 , 0 ,  , 0 , 0 , 0 , 0 , 0 , 4 , 3 , 75.0 , 0.21 , 0.09 , -0.18 , -0.13 
202,김건희,23키, -0.18 , 3 , 2.0 , 22.50 , 0 , 0 , 0 , 0 , 0 , 0 , 0 ,  , 0 , 0 , 0 , 0 , 0 , 1 , 1 , 100.0 , 0.04 , 0.08 , -0.18 , 0.00 
203,김기훈,23K, -0.18 , 29 , 31.1 , 4.60 , 2 , 0 , 0 , 0 , 0 , 0 , 0 ,  , 4 , 2 , 0 , 0 , 0 , 14 , 7 , 50.0 , 0.75 , 0.59 , -0.18 , -1.00 
204,이충호,23한, -0.18 , 11 , 8.2 , 9.35 , 0 , 0 , 0 , 0 , 0 , 0 , 0 ,  , 0 , 0 , 0 , 0 , 0 , 5 , 3 , 60.0 , 0.32 , 0.30 , -0.18 , -0.24 
205,곽도규,23K, -0.19 , 14 , 11.2 , 8.49 , 0 , 0 , 0 , 0 , 0 , 0 , 0 ,  , 0 , 0 , 0 , 0 , 0 , 12 , 5 , 41.7 , 0.56 , 0.23 , -0.19 , -0.07 
206,김대현,23L, -0.19 , 5 , 3.1 , 10.80 , 0 , 0 , 0 , 0 , 0 , 0 , 0 ,  , 0 , 0 , 0 , 0 , 0 , 1 , 0 , 0.0 , 0.31 , 0.39 , -0.19 , -0.40 
207,노건우,23삼, -0.20 , 16 , 12.1 , 7.30 , 0 , 1 , 1 , 0 , 0 , 0 , 0 ,  , -2 , 0 , 0 , 0 , 0 , 9 , 7 , 77.8 , 0.48 , 0.45 , -0.20 , -0.53 
208,최하늘,23삼, -0.20 , 1 , 0.2 , 54.00 , 0 , 0 , 0 , 0 , 0 , 0 , 0 ,  , 0 , 0 , 0 , 0 , 0 , 2 , 2 , 100.0 , 0.38 , 0.43 , -0.20 , -0.09 
209,이영하,23두, -0.20 , 36 , 39.1 , 5.49 , 5 , 3 , 4 , 0 , 0 , 1 , 1 ,  , 4 , 5 , 0 , 0 , 0 , 26 , 5 , 19.2 , 1.26 , 0.97 , -0.20 , -1.14 
210,최성훈,23L, -0.22 , 5 , 3.0 , 15.00 , 0 , 0 , 0 , 1 , 0 , 0 , 0 , 100.0 , 4 , 1 , 0 , 1 , 0 , 6 , 4 , 66.7 , 0.96 , 0.38 , -0.22 , 0.05 
211,양현,23키, -0.23 , 54 , 57.0 , 5.05 , 0 , 4 , 8 , 0 , 1 , 0 , 1 , 0.0 , -10 , 0 , 2 , 0 , 1 , 41 , 17 , 41.5 , 1.07 , 0.88 , -0.23 , -1.25 
212,임준섭,23S, -0.24 , 41 , 32.2 , 5.79 , 0 , 2 , 3 , 0 , 0 , 0 , 0 ,  , -4 , 0 , 1 , 0 , 0 , 30 , 10 , 33.3 , 0.82 , 0.66 , -0.24 , -0.04 
213,박윤철,23한, -0.25 , 3 , 3.1 , 21.60 , 0 , 0 , 0 , 0 , 0 , 0 , 0 ,  , 0 , 0 , 0 , 0 , 0 , 0 , 0 ,  , 0.03 , 0.02 , -0.25 , -0.00 
214,이형범,23두, -0.25 , 23 , 27.2 , 6.51 , 1 , 0 , 1 , 0 , 0 , 0 , 0 ,  , 2 , 1 , 1 , 0 , 0 , 28 , 16 , 57.1 , 0.71 , 0.40 , -0.25 , -0.32 
215,김동규,23L키, -0.25 , 3 , 2.1 , 23.14 , 0 , 0 , 0 , 0 , 0 , 0 , 0 ,  , 0 , 0 , 0 , 0 , 0 , 0 , 0 ,  , 0.07 , 0.10 , -0.25 , -0.04 
216,김재영,23한, -0.26 , 6 , 8.0 , 10.13 , 0 , 0 , 0 , 0 , 0 , 0 , 0 ,  , 0 , 0 , 0 , 0 , 0 , 0 , 0 ,  , 0.34 , 0.36 , -0.26 , -0.31 
217,김동혁,23키, -0.27 , 33 , 34.1 , 6.03 , 1 , 5 , 6 , 0 , 1 , 0 , 1 , 0.0 , -10 , 1 , 1 , 0 , 0 , 9 , 2 , 22.2 , 0.99 , 1.05 , -0.27 , -0.54 
218,주승우,23키, -0.27 , 9 , 11.0 , 9.00 , 0 , 0 , 0 , 0 , 0 , 0 , 0 ,  , 0 , 0 , 0 , 0 , 0 , 2 , 0 , 0.0 , 0.17 , 0.25 , -0.27 , -0.01 
219,박종훈,23S, -0.28 , 2 , 3.0 , 21.00 , 0 , 0 , 0 , 0 , 0 , 0 , 0 ,  , 0 , 0 , 0 , 0 , 0 , 0 , 0 ,  , 0.05 , 0.38 , -0.28 , -0.26 
220,한현희,23롯, -0.29 , 20 , 17.2 , 7.13 , 2 , 2 , 3 , 0 , 1 , 1 , 2 , 0.0 , -2 , 2 , 1 , 0 , 0 , 17 , 3 , 17.7 , 0.61 , 1.12 , -0.29 , -0.71 
221,박준영,23한, -0.30 , 4 , 4.1 , 18.69 , 0 , 0 , 0 , 0 , 0 , 0 , 0 ,  , 0 , 0 , 0 , 0 , 0 , 0 , 0 ,  , 0.16 , 0.11 , -0.30 , -0.05 
222,김서현,23한, -0.30 , 19 , 20.1 , 6.64 , 0 , 0 , 0 , 1 , 0 , 0 , 0 , 100.0 , 3 , 1 , 0 , 0 , 0 , 5 , 1 , 20.0 , 0.72 , 0.77 , -0.30 , 0.14 
223,김진욱,23롯, -0.32 , 50 , 36.1 , 6.44 , 2 , 1 , 8 , 0 , 0 , 0 , 0 ,  , 2 , 2 , 2 , 0 , 0 , 36 , 12 , 33.3 , 1.09 , 0.88 , -0.32 , -0.77 
224,정성곤,23S, -0.32 , 6 , 4.1 , 10.39 , 0 , 0 , 0 , 0 , 0 , 0 , 0 ,  , 0 , 0 , 0 , 0 , 0 , 3 , 2 , 66.7 , 0.16 , 0.19 , -0.32 , -0.10 
225,남지민,23한, -0.33 , 9 , 10.2 , 8.44 , 1 , 2 , 0 , 0 , 0 , 0 , 0 ,  , -2 , 1 , 0 , 0 , 0 , 1 , 1 , 100.0 , 0.42 , 0.80 , -0.33 , -0.66 
226,조이현,23K, -0.34 , 14 , 21.1 , 8.44 , 1 , 0 , 1 , 0 , 0 , 0 , 0 ,  , 2 , 1 , 0 , 0 , 0 , 15 , 12 , 80.0 , 0.37 , 0.37 , -0.34 , -0.40 
227,강재민,23한, -0.37 , 43 , 43.1 , 6.44 , 1 , 3 , 12 , 0 , 3 , 1 , 4 , 0.0 , -10 , 1 , 2 , 0 , 1 , 19 , 7 , 36.8 , 1.46 , 1.33 , -0.37 , -1.03 
228,이영준,23키, -0.42 , 2 , 1.2 , 21.60 , 0 , 1 , 0 , 0 , 0 , 0 , 0 ,  , -2 , 0 , 0 , 0 , 0 , 0 , 0 ,  , 1.21 , 2.00 , -0.42 , -0.46 
229,문경찬,23롯, -0.45 , 2 , 2.0 , 27.00 , 0 , 1 , 0 , 0 , 1 , 0 , 1 , 0.0 , -4 , 0 , 0 , 0 , 0 , 0 , 0 ,  , 1.76 , 1.17 , -0.45 , -0.80 
230,하영민,23키, -0.46 , 57 , 52.1 , 4.64 , 3 , 1 , 5 , 0 , 2 , 0 , 2 , 0.0 , 0 , 3 , 0 , 0 , 0 , 39 , 12 , 30.8 , 1.18 , 1.20 , -0.46 , -0.94 
231,이태연,23롯, -0.48 , 15 , 5.2 , 15.88 , 0 , 0 , 1 , 0 , 0 , 0 , 0 ,  , 0 , 0 , 1 , 0 , 0 , 14 , 3 , 21.4 , 1.00 , 0.54 , -0.48 , -0.34 
232,최영환,23롯, -0.51 , 8 , 10.0 , 9.90 , 0 , 1 , 0 , 0 , 0 , 0 , 0 ,  , -2 , 0 , 0 , 0 , 0 , 7 , 2 , 28.6 , 0.85 , 0.56 , -0.51 , -0.38 
233,이상민,23삼, -0.54 , 23 , 18.0 , 8.50 , 2 , 1 , 1 , 0 , 0 , 0 , 0 ,  , 2 , 2 , 1 , 0 , 0 , 11 , 6 , 54.6 , 0.97 , 0.97 , -0.54 , -0.63 
234,김선기,23키, -0.55 , 10 , 9.2 , 11.17 , 0 , 0 , 0 , 1 , 0 , 0 , 0 , 100.0 , 4 , 1 , 0 , 1 , 0 , 6 , 4 , 66.7 , 0.69 , 0.50 , -0.55 , -0.15 
235,원종현,23키, -0.64 , 20 , 18.2 , 5.79 , 1 , 1 , 6 , 0 , 4 , 0 , 4 , 0.0 , -8 , 1 , 0 , 0 , 0 , 0 , 0 ,  , 1.33 , 1.59 , -0.64 , -0.53 
236,홍정우,23삼, -0.64 , 35 , 34.1 , 7.08 , 2 , 3 , 3 , 0 , 0 , 3 , 3 ,  , -2 , 2 , 2 , 0 , 0 , 26 , 9 , 34.6 , 1.15 , 1.08 , -0.64 , -0.99 
237,변시원,23키, -0.69 , 4 , 2.1 , 42.43 , 0 , 0 , 0 , 0 , 0 , 0 , 0 ,  , 0 , 0 , 0 , 0 , 0 , 3 , 1 , 33.3 , 0.73 , 0.72 , -0.69 , -0.32 
238,김재열,23K, -0.71 , 9 , 11.2 , 13.11 , 0 , 0 , 0 , 0 , 0 , 0 , 0 ,  , 0 , 0 , 0 , 0 , 0 , 10 , 2 , 20.0 , 0.51 , 0.62 , -0.71 , -0.40 
239,정우영,23L, -0.88 , 60 , 51.2 , 4.70 , 5 , 6 , 11 , 0 , 2 , 2 , 4 , 0.0 , -6 , 5 , 2 , 0 , 2 , 21 , 12 , 57.1 , 1.15 , 1.17 , -0.88 , -1.82 
240,김태훈,23키삼, -1.54 , 71 , 63.1 , 7.11 , 6 , 7 , 11 , 3 , 6 , 1 , 7 , 33.3 , -4 , 9 , 3 , 1 , 3 , 28 , 5 , 17.9 , 1.32 , 1.26 , -1.54 , -2.34 
241,페디,23N,  , 0 , 0.0 ,  , 0 , 0 , 0 , 0 , 0 , 0 , 0 ,  , 0 , 0 , 0 , 0 , 0 , 0 , 0 ,  , 0.00 ,  ,  , 0.00 
,후라도,23키,  , 0 , 0.0 ,  , 0 , 0 , 0 , 0 , 0 , 0 , 0 ,  , 0 , 0 , 0 , 0 , 0 , 0 , 0 ,  , 0.00 ,  ,  , 0.00 
,알칸타라,23두,  , 0 , 0.0 ,  , 0 , 0 , 0 , 0 , 0 , 0 , 0 ,  , 0 , 0 , 0 , 0 , 0 , 0 , 0 ,  , 0.00 ,  ,  , 0.00 
,안우진,23키,  , 0 , 0.0 ,  , 0 , 0 , 0 , 0 , 0 , 0 , 0 ,  , 0 , 0 , 0 , 0 , 0 , 0 , 0 ,  , 0.00 ,  ,  , 0.00 
,뷰캐넌,23삼,  , 0 , 0.0 ,  , 0 , 0 , 0 , 0 , 0 , 0 , 0 ,  , 0 , 0 , 0 , 0 , 0 , 0 , 0 ,  , 0.00 ,  ,  , 0.00 
,곽빈,23두,  , 0 , 0.0 ,  , 0 , 0 , 0 , 0 , 0 , 0 , 0 ,  , 0 , 0 , 0 , 0 , 0 , 0 , 0 ,  , 0.00 ,  ,  , 0.00 
,쿠에바스,23K,  , 0 , 0.0 ,  , 0 , 0 , 0 , 0 , 0 , 0 , 0 ,  , 0 , 0 , 0 , 0 , 0 , 0 , 0 ,  , 0.00 ,  ,  , 0.00 
,플럿코,23L,  , 0 , 0.0 ,  , 0 , 0 , 0 , 0 , 0 , 0 , 0 ,  , 0 , 0 , 0 , 0 , 0 , 0 , 0 ,  , 0.00 ,  ,  , 0.00 
,반즈,23롯,  , 0 , 0.0 ,  , 0 , 0 , 0 , 0 , 0 , 0 , 0 ,  , 0 , 0 , 0 , 0 , 0 , 0 , 0 ,  , 0.00 ,  ,  , 0.00 
,페냐,23한,  , 0 , 0.0 ,  , 0 , 0 , 0 , 0 , 0 , 0 , 0 ,  , 0 , 0 , 0 , 0 , 0 , 0 , 0 ,  , 0.00 ,  ,  , 0.00 
,원태인,23삼,  , 0 , 0.0 ,  , 0 , 0 , 0 , 0 , 0 , 0 , 0 ,  , 0 , 0 , 0 , 0 , 0 , 0 , 0 ,  , 0.00 ,  ,  , 0.00 
,김광현,23S,  , 0 , 0.0 ,  , 0 , 0 , 0 , 0 , 0 , 0 , 0 ,  , 0 , 0 , 0 , 0 , 0 , 0 , 0 ,  , 0.00 ,  ,  , 0.00 
,브랜든,23두,  , 0 , 0.0 ,  , 0 , 0 , 0 , 0 , 0 , 0 , 0 ,  , 0 , 0 , 0 , 0 , 0 , 0 , 0 ,  , 0.00 ,  ,  , 0.00 
,박세웅,23롯,  , 0 , 0.0 ,  , 0 , 0 , 0 , 0 , 0 , 0 , 0 ,  , 0 , 0 , 0 , 0 , 0 , 0 , 0 ,  , 0.00 ,  ,  , 0.00 
,양현종,23K,  , 0 , 0.0 ,  , 0 , 0 , 0 , 0 , 0 , 0 , 0 ,  , 0 , 0 , 0 , 0 , 0 , 0 , 0 ,  , 0.00 ,  ,  , 0.00 
,문동주,23한,  , 0 , 0.0 ,  , 0 , 0 , 0 , 0 , 0 , 0 , 0 ,  , 0 , 0 , 0 , 0 , 0 , 0 , 0 ,  , 0.00 ,  ,  , 0.00 
,벤자민,23K,  , 0 , 0.0 ,  , 0 , 0 , 0 , 0 , 0 , 0 , 0 ,  , 0 , 0 , 0 , 0 , 0 , 0 , 0 ,  , 0.00 ,  ,  , 0.00 
,맥카티,23S,  , 0 , 0.0 ,  , 0 , 0 , 0 , 0 , 0 , 0 , 0 ,  , 0 , 0 , 0 , 0 , 0 , 0 , 0 ,  , 0.00 ,  ,  , 0.00 
,백정현,23삼,  , 0 , 0.0 ,  , 0 , 0 , 0 , 0 , 0 , 0 , 0 ,  , 0 , 0 , 0 , 0 , 0 , 0 , 0 ,  , 0.00 ,  ,  , 0.00 
,윌커슨,23롯,  , 0 , 0.0 ,  , 0 , 0 , 0 , 0 , 0 , 0 , 0 ,  , 0 , 0 , 0 , 0 , 0 , 0 , 0 ,  , 0.00 ,  ,  , 0.00 
,최원태,23키L,  , 0 , 0.0 ,  , 0 , 0 , 0 , 0 , 0 , 0 , 0 ,  , 0 , 0 , 0 , 0 , 0 , 0 , 0 ,  , 0.00 ,  ,  , 0.00 
,켈리,23L,  , 0 , 0.0 ,  , 0 , 0 , 0 , 0 , 0 , 0 , 0 ,  , 0 , 0 , 0 , 0 , 0 , 0 , 0 ,  , 0.00 ,  ,  , 0.00 
,산체스,23한,  , 0 , 0.0 ,  , 0 , 0 , 0 , 0 , 0 , 0 , 0 ,  , 0 , 0 , 0 , 0 , 0 , 0 , 0 ,  , 0.00 ,  ,  , 0.00 
,나균안,23롯,  , 0 , 0.0 ,  , 0 , 0 , 0 , 0 , 0 , 0 , 0 ,  , 0 , 0 , 0 , 0 , 0 , 0 , 0 ,  , 0.00 ,  ,  , 0.00 
,이의리,23K,  , 0 , 0.0 ,  , 0 , 0 , 0 , 0 , 0 , 0 , 0 ,  , 0 , 0 , 0 , 0 , 0 , 0 , 0 ,  , 0.00 ,  ,  , 0.00 
,태너,23N,  , 0 , 0.0 ,  , 0 , 0 , 0 , 0 , 0 , 0 , 0 ,  , 0 , 0 , 0 , 0 , 0 , 0 , 0 ,  , 0.00 ,  ,  , 0.00 
,수아레즈,23삼,  , 0 , 0.0 ,  , 0 , 0 , 0 , 0 , 0 , 0 , 0 ,  , 0 , 0 , 0 , 0 , 0 , 0 , 0 ,  , 0.00 ,  ,  , 0.00 
,스트레일리,23롯,  , 0 , 0.0 ,  , 0 , 0 , 0 , 0 , 0 , 0 , 0 ,  , 0 , 0 , 0 , 0 , 0 , 0 , 0 ,  , 0.00 ,  ,  , 0.00 
,정찬헌,23키,  , 0 , 0.0 ,  , 0 , 0 , 0 , 0 , 0 , 0 , 0 ,  , 0 , 0 , 0 , 0 , 0 , 0 , 0 ,  , 0.00 ,  ,  , 0.00 
,앤더슨,23K,  , 0 , 0.0 ,  , 0 , 0 , 0 , 0 , 0 , 0 , 0 ,  , 0 , 0 , 0 , 0 , 0 , 0 , 0 ,  , 0.00 ,  ,  , -0.10 
,요키시,23키,  , 0 , 0.0 ,  , 0 , 0 , 0 , 0 , 0 , 0 , 0 ,  , 0 , 0 , 0 , 0 , 0 , 0 , 0 ,  , 0.00 ,  ,  , 0.00 
,김주한,23S,  , 1 , 0.0 ,  , 0 , 0 , 0 , 0 , 0 , 0 , 0 ,  , 0 , 0 , 0 , 0 , 0 , 0 , 0 ,  , 0.02 , 0.03 ,  , -0.01 
,스미스,23한,  , 0 , 0.0 ,  , 0 , 0 , 0 , 0 , 0 , 0 , 0 ,  , 0 , 0 , 0 , 0 , 0 , 0 , 0 ,  , 0.00 ,  ,  , 0.00 
,슐서,23K,  , 0 , 0.0 ,  , 0 , 0 , 0 , 0 , 0 , 0 , 0 ,  , 0 , 0 , 0 , 0 , 0 , 0 , 0 ,  , 0.00 ,  ,  , 0.00 
,조성훈,23S,  , 0 , 0.0 ,  , 0 , 0 , 0 , 0 , 0 , 0 , 0 ,  , 0 , 0 , 0 , 0 , 0 , 0 , 0 ,  , 0.00 ,  ,  , 0.00 
,와이드너,23N삼,  , 1 , 2.0 , 4.50 , 1 , 0 , 0 , 0 , 0 , 0 , 0 ,  , 2 , 1 , 0 , 0 , 0 , 0 , 0 ,  , 0.05 , 1.23 ,  , 0.01 
,이민호,23L,  , 0 , 0.0 ,  , 0 , 0 , 0 , 0 , 0 , 0 , 0 ,  , 0 , 0 , 0 , 0 , 0 , 0 , 0 ,  , 0.00 ,  ,  , 0.00 
,이원재,23두,  , 0 , 0.0 ,  , 0 , 0 , 0 , 0 , 0 , 0 , 0 ,  , 0 , 0 , 0 , 0 , 0 , 0 , 0 ,  , 0.00 ,  ,  , 0.00 
,딜런,23두,  , 0 , 0.0 ,  , 0 , 0 , 0 , 0 , 0 , 0 , 0 ,  , 0 , 0 , 0 , 0 , 0 , 0 , 0 ,  , 0.00 ,  ,  , 0.00 
,강효종,23L,  , 0 , 0.0 ,  , 0 , 0 , 0 , 0 , 0 , 0 , 0 ,  , 0 , 0 , 0 , 0 , 0 , 0 , 0 ,  , 0.00 ,  ,  , 0.00 
,소형준,23K,  , 0 , 0.0 ,  , 0 , 0 , 0 , 0 , 0 , 0 , 0 ,  , 0 , 0 , 0 , 0 , 0 , 0 , 0 ,  , 0.00 ,  ,  , 0.00 
,황동재,23삼,  , 0 , 0.0 ,  , 0 , 0 , 0 , 0 , 0 , 0 , 0 ,  , 0 , 0 , 0 , 0 , 0 , 0 , 0 ,  , 0.00 ,  ,  , 0.00 
,메디나,23K,  , 0 , 0.0 ,  , 0 , 0 , 0 , 0 , 0 , 0 , 0 ,  , 0 , 0 , 0 , 0 , 0 , 0 , 0 ,  , 0.00 ,  ,  , 0.00 
,맥키니,23키,  , 0 , 0.0 ,  , 0 , 0 , 0 , 0 , 0 , 0 , 0 ,  , 0 , 0 , 0 , 0 , 0 , 0 , 0 ,  , 0.00 ,  ,  , 0.00 
,김민우,23한,  , 0 , 0.0 ,  , 0 , 0 , 0 , 0 , 0 , 0 , 0 ,  , 0 , 0 , 0 , 0 , 0 , 0 , 0 ,  , 0.00 ,  ,  , 0.00 
