순,이름,팀/포지션,정렬용,출장,이닝,구종가치_직구,구종가치_슬라,구종가치_커브,구종가치_첸졉,구종가치_스플,구종가치_싱커,구종가치_너클,구종가치_기타,직구/100,슬라/100,커브/100,첸졉/100,스플/100,싱커/100,너클/100,기타/100
1,안우진,23키, 27.8 , 24 , 150.2 , 27.8 , 11.4 , 3.2 , 0.7 , 0.0 , 0.0 , 0.0 , 0.0 , 2.35 , 1.86 , 0.96 , 0.34 ,  ,  ,  ,  
2,알칸타라,23두, 24.9 , 31 , 192.0 , 24.9 , 1.9 , 1.0 , 0.1 , 8.1 , 0.0 , 0.0 , -0.0 , 1.68 , 0.36 , 1.42 , 2.77 , 0.90 ,  ,  , -0.03 
3,손동현,23K, 18.4 , 64 , 73.2 , 18.4 , 0.4 , 1.4 , 0.0 , -5.3 , 0.0 , 0.0 , 0.0 , 2.80 , 0.20 , 1.15 ,  , -5.26 ,  ,  ,  
4,김재윤,23K, 18.4 , 59 , 65.2 , 18.4 , 1.6 , -0.5 , 0.0 , 0.3 , 0.0 , 0.0 , 0.0 , 2.57 , 0.86 , -18.17 ,  , 0.35 ,  ,  ,  
5,박영현,23K, 18.1 , 68 , 75.1 , 18.1 , -0.7 , 0.0 , 1.8 , 0.0 , 0.0 , 0.0 , 0.0 , 2.47 , -0.49 ,  , 0.51 ,  ,  ,  ,  
6,브랜든,23두, 16.8 , 18 , 104.2 , 16.8 , 5.2 , 2.9 , 1.0 , 0.0 , 0.0 , 0.0 , 0.0 , 2.46 , 0.64 , 3.90 , 0.76 ,  ,  ,  ,  
7,이정용,23L, 15.5 , 37 , 86.2 , 15.5 , -11.4 , -3.7 , 0.0 , 2.5 , 0.0 , 0.0 , 0.0 , 2.15 , -4.76 , -2.60 ,  , 0.80 ,  ,  ,  
8,문동주,23한, 14.4 , 23 , 118.2 , 14.4 , -3.3 , 4.9 , -1.3 , 0.0 , 0.0 , 0.0 , 0.0 , 1.30 , -0.96 , 0.96 , -1.70 ,  ,  ,  ,  
9,플럿코,23L, 13.7 , 21 , 123.1 , 13.7 , 13.4 , 1.5 , 0.7 , 0.0 , 0.0 , 0.0 , 0.0 , 1.81 , 1.63 , 0.71 , 0.40 ,  ,  ,  ,  
10,후라도,23키, 12.9 , 30 , 183.2 , 12.9 , 2.1 , 1.9 , 8.5 , 0.0 , 12.9 , 0.0 , 0.0 , 1.71 , 0.47 , 0.48 , 1.88 ,  , 1.77 ,  ,  
11,고효준,23S, 11.7 , 73 , 58.0 , 11.7 , -2.0 , -0.5 , 0.3 , -0.7 , 0.0 , 0.0 , 0.0 , 2.11 , -0.31 , -5.03 , 27.60 , -6.51 ,  ,  ,  
12,원태인,23삼, 11.6 , 26 , 150.0 , 11.6 , 0.6 , 2.8 , 6.9 , 0.0 , 0.5 , 0.0 , 0.0 , 1.12 , 0.08 , 2.58 , 1.05 ,  , 27.10 ,  ,  
13,주현상,23한, 11.3 , 55 , 59.2 , 11.3 , 7.3 , 1.0 , 0.1 , 0.0 , 0.0 , 0.0 , 0.0 , 2.33 , 3.16 , 1.41 , 0.10 ,  ,  ,  ,  
14,백승현,23L, 11.1 , 42 , 40.0 , 11.1 , 9.8 , 0.0 , 0.0 , -2.5 , 0.0 , 0.0 , 0.0 , 2.89 , 4.79 ,  ,  , -4.12 ,  ,  ,  
15,임찬규,23L, 10.7 , 30 , 144.2 , 10.7 , -2.5 , 4.3 , 5.9 , 0.0 , 0.0 , 0.0 , 0.0 , 1.11 , -2.09 , 0.76 , 0.73 ,  ,  ,  ,  
16,김상수,23롯, 10.1 , 66 , 52.0 , 10.1 , 0.7 , -1.4 , 2.3 , 2.0 , -0.0 , 0.0 , 0.0 , 2.56 , 1.29 , -1.27 , 1.88 , 0.93 , -3.40 ,  ,  
17,이의리,23K, 10.0 , 28 , 131.2 , 10.0 , 11.0 , -1.1 , -4.1 , 0.0 , 0.0 , 0.0 , 0.0 , 0.66 , 2.01 , -0.60 , -1.39 ,  ,  ,  ,  
18,김진성,23L, 10.0 , 80 , 70.1 , 10.0 , -0.6 , 0.4 , 0.0 , 12.7 , 0.0 , 0.0 , 0.0 , 1.73 , -4.11 , 39.50 ,  , 2.49 ,  ,  ,  
19,고영표,23K, 9.5 , 28 , 174.2 , 9.5 , -2.4 , 2.8 , 30.0 , 0.0 , -0.8 , 0.0 , 0.0 , 1.54 , -4.46 , 0.80 , 3.25 ,  , -0.16 ,  ,  
20,함덕주,23L, 9.1 , 57 , 55.2 , 9.1 , 1.9 , -0.2 , 9.6 , 0.0 , 0.0 , 0.0 , 0.0 , 1.84 , 1.18 , -6.77 , 3.86 ,  ,  ,  ,  
21,쿠에바스,23K, 9.0 , 18 , 114.1 , 9.0 , 16.2 , 6.2 , 5.8 , 0.0 , -0.7 , 0.0 , 0.0 , 1.60 , 2.67 , 3.14 , 2.31 ,  , -2.64 ,  ,  
22,산체스,23한, 8.9 , 24 , 126.0 , 8.9 , -1.3 , 1.3 , 1.5 , 0.0 , -1.7 , 0.0 , 0.0 , 0.82 , -0.27 , 0.56 , 0.50 ,  , -9.83 ,  ,  
23,고우석,23L, 8.7 , 44 , 44.0 , 8.7 , -4.1 , 2.1 , 0.1 , 0.0 , 0.0 , 0.0 , 0.0 , 1.90 , -1.98 , 1.60 , 3.87 ,  ,  ,  ,  
24,엘리아스,23S, 8.6 , 22 , 131.1 , 8.6 , 1.8 , -0.1 , 2.8 , 0.0 , 0.0 , 0.0 , 0.0 , 0.81 , 5.08 , -0.03 , 0.50 ,  ,  ,  ,  
25,최준용,23롯, 8.3 , 47 , 47.2 , 8.3 , -1.5 , 1.2 , 4.0 , 0.0 , 0.0 , 0.0 , 0.0 , 1.82 , -4.27 , 1.06 , 1.72 ,  ,  ,  ,  
26,이용찬,23N, 8.0 , 60 , 61.0 , 8.0 , -1.5 , 0.4 , 0.0 , -4.1 , 0.0 , 0.0 , 0.0 , 1.74 , -8.50 , 0.83 ,  , -0.94 ,  ,  ,  
27,노경은,23S, 7.0 , 76 , 83.0 , 7.0 , 8.4 , -0.3 , 0.1 , -0.7 , -0.0 , -0.3 , 0.0 , 1.75 , 2.39 , -0.49 , 6.10 , -0.17 , -0.02 , -3.96 ,  
28,이태양,23한, 7.0 , 50 , 100.1 , 7.0 , -2.4 , 2.2 , 0.0 , -0.0 , 0.0 , 0.0 , 0.0 , 1.07 , -1.03 , 1.61 ,  , -0.00 ,  ,  ,  
29,김영규,23N, 6.9 , 63 , 61.2 , 6.9 , 3.5 , -0.1 , 0.0 , 4.2 , 0.0 , 0.0 , 0.0 , 1.58 , 1.03 , -10.20 ,  , 2.93 ,  ,  ,  
30,김도규,23롯, 6.8 , 36 , 29.2 , 6.8 , -0.5 , 0.0 , 0.0 , -4.2 , 0.0 , 0.0 , 0.0 , 2.62 , -0.47 ,  ,  , -2.58 ,  ,  ,  
31,윤중현,23K, 6.5 , 31 , 28.0 , 6.5 , 2.7 , -0.1 , -1.2 , 0.0 , -1.5 , 0.0 , 0.0 , 4.07 , 44.22 , -0.06 , -2.23 ,  , -1.58 ,  ,  
32,김광현,23S, 6.4 , 30 , 168.1 , 6.4 , 10.1 , 0.4 , -0.2 , 0.8 , 0.0 , 0.0 , 0.0 , 0.78 , 1.04 , 0.12 , -0.67 , 0.13 ,  , 4.30 ,  
33,김대우,23삼, 6.4 , 44 , 64.0 , 6.4 , -2.1 , 0.1 , -0.0 , 0.0 , -8.8 , 0.0 , 0.0 , 1.74 , -0.58 , 0.05 , -3.40 ,  , -4.05 ,  ,  
34,곽빈,23두, 6.2 , 23 , 127.1 , 6.2 , 10.8 , 7.1 , 5.2 , 0.2 , 0.0 , 0.0 , 0.0 , 0.65 , 2.17 , 1.77 , 1.49 , 24.20 ,  ,  ,  
35,류진욱,23N, 6.1 , 70 , 67.0 , 6.1 , 7.7 , 0.1 , 0.0 , 5.8 , 0.0 , 0.0 , 0.0 , 1.02 , 3.85 , 5.00 ,  , 2.11 ,  ,  ,  
36,최동환,23L, 6.1 , 45 , 42.1 , 6.1 , 1.8 , -2.6 , 0.0 , -0.6 , 0.0 , 0.0 , 0.0 , 1.44 , 5.40 , -19.82 ,  , -0.25 ,  ,  ,  
37,김명신,23두, 6.1 , 70 , 79.0 , 6.1 , 3.5 , 5.0 , -0.0 , -3.1 , 0.0 , 0.0 , 0.0 , 0.86 , 1.81 , 2.57 , -4.40 , -0.87 ,  ,  ,  
38,윌커슨,23롯, 6.0 , 13 , 79.2 , 6.0 , 10.0 , -2.5 , 3.2 , 0.0 , 0.0 , 0.0 , 0.0 , 1.30 , 2.03 , -1.28 , 2.26 ,  ,  ,  ,  
39,이건욱,23S, 6.0 , 27 , 38.2 , 6.0 , -3.4 , -0.1 , 3.6 , 0.0 , 0.0 , 0.0 , 0.0 , 1.44 , -1.77 , -2.28 , 3.61 ,  ,  ,  ,  
40,맥카티,23S, 5.9 , 24 , 130.0 , 5.9 , 11.5 , -1.7 , -6.4 , -0.1 , 0.0 , 0.0 , 0.0 , 0.66 , 1.30 , -0.56 , -4.31 , -1.17 ,  ,  ,  
41,윤대경,23한, 5.6 , 47 , 47.2 , 5.6 , 2.8 , 0.6 , 2.4 , 0.0 , 0.0 , 0.0 , 0.0 , 1.19 , 6.01 , 0.64 , 1.27 ,  ,  ,  ,  
42,김범수,23한, 5.6 , 76 , 62.1 , 5.6 , 3.2 , -1.8 , -2.7 , 0.0 , 0.0 , 0.0 , 0.0 , 1.18 , 0.71 , -1.72 , -3.58 ,  ,  ,  ,  
43,심재민,23K롯, 5.4 , 33 , 47.2 , 5.4 , -0.3 , 0.2 , -0.8 , 0.0 , 0.0 , 0.0 , 0.0 , 1.67 , -0.14 , 0.11 , -0.75 ,  ,  ,  ,  
44,정우람,23한, 5.4 , 52 , 40.1 , 5.4 , 0.0 , -0.2 , -3.9 , 0.0 , 0.1 , 0.0 , 0.0 , 1.39 , 0.03 , -3.75 , -2.09 ,  , 0.23 ,  ,  
45,이승현,23삼, 4.9 , 48 , 43.1 , 4.9 , 0.9 , -6.2 , -0.0 , -0.1 , 0.0 , 0.0 , 0.0 , 1.09 , 0.43 , -6.45 , -2.10 , -9.90 ,  ,  ,  
46,김태오,23K, 4.9 , 5 , 7.1 , 4.9 , -1.6 , -1.2 , -0.8 , 0.0 , -3.2 , 0.0 , 0.0 , 9.21 , -7.50 , -29.40 , -5.26 ,  , -6.91 ,  ,  
47,임기영,23K, 4.7 , 64 , 82.0 , 4.7 , 2.3 , -0.0 , 1.0 , 0.0 , 8.1 , 0.0 , 0.0 , 1.28 , 1.07 , -3.40 , 0.20 ,  , 4.83 ,  ,  
48,이지강,23L, 4.6 , 22 , 68.0 , 4.6 , -1.6 , -3.8 , -3.8 , 0.0 , 0.1 , 0.0 , 0.0 , 0.79 , -0.89 , -2.57 , -1.36 ,  , 5.00 ,  ,  
49,구창모,23N, 4.6 , 11 , 51.2 , 4.6 , 2.2 , -0.0 , 0.0 , 4.2 , 0.0 , 0.0 , 0.0 , 1.08 , 1.13 , -0.30 ,  , 2.09 ,  ,  ,  
50,김윤식,23L, 4.5 , 17 , 74.2 , 4.5 , -1.3 , -0.4 , 0.4 , 0.0 , 0.3 , 0.0 , 0.0 , 0.74 , -0.56 , -0.36 , 0.16 ,  , 14.55 ,  ,  
51,최성영,23N, 4.4 , 18 , 66.2 , 4.4 , -0.9 , -0.0 , -4.2 , 0.0 , 0.0 , 0.0 , 0.0 , 0.84 , -0.27 , -2.70 , -1.49 ,  ,  ,  ,  
52,백정현,23삼, 4.2 , 18 , 100.2 , 4.2 , 7.8 , 1.4 , 1.1 , 0.0 , 0.0 , 0.0 , 0.0 , 0.66 , 1.59 , 1.60 , 0.31 ,  , 0.17 ,  ,  
53,나균안,23롯, 4.1 , 23 , 130.1 , 4.1 , -2.4 , 1.0 , 0.0 , 10.5 , 0.1 , 0.0 , 0.0 , 0.45 , -0.87 , 0.42 ,  , 1.34 , 4.30 ,  ,  
54,전용주,23K, 4.1 , 15 , 10.1 , 4.1 , 0.4 , 0.0 , -0.6 , 0.0 , 0.0 , 0.0 , 0.0 , 3.69 , 0.71 ,  , -5.62 ,  ,  ,  ,  
55,김재웅,23키, 4.0 , 67 , 59.2 , 4.0 , 2.7 , 0.8 , -2.3 , 0.0 , 0.0 , 0.0 , 0.0 , 0.67 , 1.67 , 2.55 , -1.37 ,  ,  ,  ,  
56,김진호,23N, 4.0 , 19 , 16.1 , 4.0 , -0.6 , 0.0 , -1.5 , 0.0 , 0.5 , 0.0 , 0.0 , 2.11 , -5.06 ,  , -1.36 ,  , 16.50 ,  ,  
57,와이드너,23N삼, 3.9 , 21 , 115.0 , 3.9 , -2.1 , 0.1 , -0.3 , 0.0 , 0.7 , 0.0 , 0.0 , 0.49 , -0.46 , 6.10 , -0.07 ,  , 0.23 ,  ,  
58,앤더슨,23K, 3.9 , 14 , 79.0 , 3.9 , 2.6 , 0.8 , -0.1 , 0.0 , -3.2 , 0.0 , 0.0 , 0.87 , 0.42 , 0.80 , -0.51 ,  , -2.63 ,  ,  
59,최지민,23K, 3.6 , 58 , 59.1 , 3.6 , 4.4 , 0.0 , 1.0 , 0.0 , 0.0 , 0.0 , 0.0 , 0.58 , 1.72 , 0.00 , 1.05 ,  ,  ,  ,  
60,정해영,23K, 3.3 , 52 , 49.1 , 3.3 , -0.2 , 0.6 , 0.0 , 2.0 , 0.0 , 0.0 , 0.0 , 0.66 , -0.17 , 18.97 ,  , 1.41 ,  ,  ,  
61,서진용,23S, 3.2 , 69 , 72.2 , 3.2 , -0.0 , 0.2 , 0.0 , 19.4 , 0.0 , 0.0 , 0.0 , 0.50 , -0.17 , 11.95 ,  , 3.12 ,  , 4.30 ,  
62,이상동,23K, 3.0 , 36 , 40.2 , 3.0 , 0.6 , -0.0 , 0.0 , 1.4 , 0.0 , 0.0 , 0.0 , 0.83 , 4.49 , -0.05 ,  , 0.50 ,  ,  ,  
63,배제성,23K, 2.7 , 26 , 130.1 , 2.7 , 8.9 , -0.4 , -6.0 , 0.0 , 0.0 , 0.0 , 0.0 , 0.23 , 1.01 , -1.11 , -2.66 ,  ,  ,  ,  
64,파노니,23K, 2.7 , 16 , 82.1 , 2.7 , 11.6 , -4.6 , -1.5 , 0.0 , 0.0 , 0.0 , 0.0 , 0.64 , 1.71 , -2.26 , -1.33 ,  ,  ,  ,  
65,이선우,23K, 2.6 , 22 , 37.1 , 2.6 , 2.2 , -0.8 , -3.8 , 0.0 , -0.9 , 0.0 , 0.0 , 3.47 , 1.22 , -15.94 , -5.00 ,  , -0.38 ,  ,  
66,수아레즈,23삼, 2.5 , 19 , 108.0 , 2.5 , 4.3 , 4.2 , -1.8 , 0.0 , 1.0 , 0.0 , 0.0 , 0.44 , 1.04 , 3.11 , -0.47 ,  , 0.24 ,  ,  
67,벤자민,23K, 2.2 , 29 , 160.0 , 2.2 , 14.4 , -1.9 , 0.4 , 0.0 , -0.9 , 0.0 , 0.0 , 0.21 , 1.16 , -0.94 , 0.35 ,  , -2.37 ,  ,  
68,석상호,23롯, 2.1 , 5 , 5.1 , 2.1 , -0.5 , 0.5 , 0.0 , 0.6 , 0.0 , 0.0 , 0.0 , 4.12 , -7.95 , 3.41 ,  , 6.16 ,  ,  ,  
69,오석주,23L, 2.1 , 9 , 10.0 , 2.1 , 1.5 , 0.0 , 0.0 , -2.2 , 0.0 , 0.0 , 0.0 , 3.47 , 2.26 , 0.02 ,  , -18.01 ,  ,  ,  
70,박명근,23L, 2.0 , 57 , 51.1 , 2.0 , -0.2 , -2.7 , -2.4 , 0.0 , 0.0 , 0.0 , 0.0 , 0.38 , -0.60 , -1.65 , -1.16 ,  ,  ,  ,  
71,켈리,23L, 2.0 , 30 , 178.2 , 2.0 , 6.4 , 0.4 , 0.2 , 0.0 , 8.2 , 0.0 , 0.0 , 0.30 , 1.57 , 0.05 , 0.06 ,  , 1.38 ,  ,  
72,한재승,23N, 1.9 , 11 , 9.2 , 1.9 , -1.7 , -0.1 , 0.0 , -0.2 , 0.0 , 0.0 , 0.0 , 1.63 , -3.03 , -5.10 ,  , -2.17 ,  ,  ,  
73,김민규,23두, 1.9 , 6 , 8.1 , 1.9 , -0.6 , -0.1 , 0.0 , 0.3 , 0.0 , 0.0 , 0.0 , 2.23 , -0.99 , -9.90 ,  , 2.85 ,  ,  ,  
74,김규연,23한, 1.9 , 23 , 19.2 , 1.9 , 1.0 , 0.3 , -0.2 , 2.3 , 0.0 , 0.0 , 0.0 , 1.11 , 1.75 , 29.70 , -2.17 , 2.10 ,  ,  ,  
75,신헌민,23S, 1.8 , 11 , 12.0 , 1.8 , -2.7 , -1.6 , 0.0 , 0.0 , 0.0 , 0.0 , 0.0 , 1.13 , -11.95 , -2.95 ,  ,  ,  ,  ,  
76,최승용,23두, 1.7 , 34 , 111.0 , 1.7 , 8.9 , -2.2 , 0.0 , 0.8 , 0.0 , 0.0 , 0.0 , 0.19 , 1.77 , -1.02 ,  , 0.35 ,  ,  ,  
77,김승현,23K, 1.7 , 10 , 12.2 , 1.7 , 0.4 , 0.1 , 0.0 , 0.0 , 0.0 , 0.0 , 0.0 , 1.14 , 0.53 , 5.00 ,  ,  ,  ,  ,  
78,이준영,23K, 1.7 , 64 , 33.2 , 1.7 , 4.9 , 0.0 , 0.0 , 0.0 , 0.7 , 0.0 , 0.0 , 1.08 , 1.07 ,  ,  ,  , 68.40 ,  ,  
79,이우찬,23L, 1.7 , 38 , 38.1 , 1.7 , 3.3 , 3.1 , 0.0 , 4.2 , 0.0 , 0.0 , 0.0 , 0.45 , 2.87 , 4.61 ,  , 7.04 ,  ,  ,  
80,이민우,23한, 1.6 , 17 , 13.2 , 1.6 , -0.7 , 2.2 , 0.0 , -0.7 , 0.0 , 0.0 , 0.0 , 1.59 , -0.82 , 5.20 ,  , -13.50 ,  ,  ,  
81,김시현,23삼, 1.6 , 2 , 3.0 , 1.6 , -0.1 , 0.0 , -5.3 , 0.5 , 0.0 , 0.0 , 0.0 , 4.25 , -0.73 ,  , -26.58 , 16.53 ,  ,  ,  
82,구승민,23롯, 1.5 , 67 , 63.2 , 1.5 , -0.5 , 0.1 , 0.0 , 3.9 , 0.0 , 0.0 , 0.0 , 0.29 , -0.47 , 7.30 ,  , 0.72 ,  ,  ,  
83,이승현,23삼, 1.5 , 60 , 60.0 , 1.5 , 4.2 , 0.1 , -1.9 , -4.8 , 0.0 , 0.0 , 0.0 , 0.27 , 1.47 , 3.60 , -1.58 , -3.76 ,  ,  ,  
84,페냐,23한, 1.5 , 32 , 177.1 , 1.5 , 0.7 , 9.1 , 9.2 , 0.0 , 0.9 , 0.0 , 0.0 , 0.15 , 1.68 , 1.70 , 1.01 ,  , 0.20 ,  ,  
85,산체스,23K, 1.4 , 12 , 63.2 , 1.4 , -2.0 , -0.0 , -2.5 , -1.1 , -2.7 , 0.0 , 0.0 , 0.29 , -1.08 , -0.01 , -2.97 , -108.30 , -6.99 ,  ,  
86,이종민,23키, 1.4 , 11 , 13.2 , 1.4 , -5.2 , 0.1 , -2.1 , 0.0 , 0.0 , 0.0 , 0.0 , 0.67 , -13.45 , 0.35 , -5.08 ,  ,  ,  ,  
87,김성진,23키, 1.3 , 55 , 47.0 , 1.3 , 5.8 , -0.2 , 0.2 , 0.0 , -5.7 , 0.0 , 0.0 , 2.94 , 1.49 , -3.48 , 0.28 ,  , -1.73 ,  ,  
88,송명기,23N, 1.3 , 35 , 104.1 , 1.3 , -1.6 , -0.7 , 0.0 , -4.0 , 0.7 , 0.0 , 0.0 , 0.14 , -0.31 , -0.86 ,  , -1.12 , 6.74 ,  ,  
89,홍원표,23삼, 1.3 , 3 , 3.2 , 1.3 , -0.0 , -0.3 , 0.0 , 1.1 , 0.0 , 0.0 , 0.0 , 3.91 , -0.45 , -3.99 ,  , 14.16 ,  ,  ,  
90,이진하,23롯, 1.1 , 9 , 8.0 , 1.1 , 2.5 , 0.0 , 0.2 , -1.5 , 0.0 , 0.0 , 0.0 , 2.17 , 4.75 ,  , 5.53 , -8.81 ,  ,  ,  
91,태너,23N, 1.1 , 11 , 64.2 , 1.1 , 8.3 , -0.7 , 2.6 , 0.1 , 0.0 , 0.0 , 0.0 , 0.24 , 2.39 , -1.48 , 2.08 , 6.70 ,  ,  ,  
92,박민호,23S, 1.1 , 10 , 10.0 , 1.1 , 1.7 , -0.0 , 0.0 , 0.0 , -0.6 , 0.0 , 0.0 , 1.30 , 3.01 , -0.03 , 0.22 ,  , -16.10 ,  ,  
93,정철원,23두, 1.1 , 67 , 72.2 , 1.1 , 2.6 , -0.2 , 0.0 , 5.2 , 0.0 , 0.0 , 0.0 , 0.14 , 0.94 , -3.72 ,  , 2.69 ,  ,  ,  
94,송영진,23S, 1.1 , 17 , 47.1 , 1.1 , -6.1 , -1.9 , 0.0 , -0.2 , 0.3 , 0.0 , 0.0 , 0.24 , -2.51 , -1.60 ,  , -0.64 , 2.57 ,  ,  
95,조영건,23키, 1.1 , 6 , 7.2 , 1.1 , 2.0 , -0.1 , 0.0 , 0.4 , 0.0 , 0.0 , 0.0 , 2.19 , 5.99 , -3.40 ,  , 2.55 ,  ,  ,  
96,강재민,23한, 1.1 , 43 , 43.1 , 1.1 , -2.8 , 1.8 , 0.0 , -2.3 , -2.7 , 0.0 , 0.0 , 0.32 , -1.09 , 2.76 ,  , -3.51 , -7.15 ,  ,  
97,이호성,23삼, 1.0 , 5 , 17.0 , 1.0 , -0.4 , 0.7 , 2.8 , 0.0 , 0.0 , 0.0 , 0.0 , 0.78 , -0.63 , 2.22 , 5.89 ,  ,  ,  ,  
98,김정운,23K, 1.0 , 5 , 7.0 , 1.0 , -0.9 , 0.0 , -1.3 , 0.0 , 0.0 , 0.0 , 0.0 , 1.08 , -3.64 ,  , -8.64 ,  ,  ,  ,  
99,윤호솔,23L, 0.9 , 4 , 3.2 , 0.9 , -0.4 , -0.1 , 0.0 , 0.3 , 0.0 , 0.0 , 0.0 , 1.32 , -5.29 , -7.25 ,  , 2.40 ,  ,  ,  
100,박상원,23한, 0.9 , 55 , 61.2 , 0.9 , -1.4 , 0.0 , 0.0 , 3.0 , 0.0 , 0.0 , 0.0 , 0.15 , -0.98 ,  ,  , 0.86 ,  ,  ,  
101,김원중,23롯, 0.8 , 63 , 63.2 , 0.8 , -0.1 , 1.9 , 0.0 , 2.7 , 0.0 , 0.0 , 0.0 , 0.17 , -2.03 , 1.31 ,  , 0.59 ,  ,  ,  
102,조현우,23K, 0.8 , 5 , 3.0 , 0.8 , -1.3 , 0.0 , 0.0 , 0.0 , 0.0 , 0.0 , 0.0 , 2.67 , -3.91 ,  ,  ,  ,  ,  ,  
103,유승철,23K, 0.8 , 1 , 1.0 , 0.8 , -0.1 , -0.1 , 0.0 , 0.0 , 0.0 , 0.0 , 0.0 , 5.33 , -7.25 , -4.95 ,  ,  ,  ,  ,  
104,엄상백,23K, 0.8 , 20 , 111.2 , 0.8 , 0.5 , -0.6 , 16.3 , 0.0 , 0.0 , 0.0 , 0.0 , 0.12 , 0.22 , -30.10 , 1.71 ,  ,  ,  ,  
105,뷰캐넌,23삼, 0.8 , 30 , 188.0 , 0.8 , 23.1 , 5.8 , 6.6 , 0.0 , -0.1 , 0.0 , 0.0 , 0.18 , 2.06 , 1.23 , 1.05 ,  , -0.02 ,  ,  
106,김태욱,23롯, 0.7 , 1 , 1.0 , 0.7 , 0.0 , -0.2 , 0.0 , 0.0 , 0.0 , 0.0 , 0.0 , 6.66 , 2.00 , -6.13 ,  ,  ,  ,  ,  
107,스미스,23한, 0.7 , 1 , 2.2 , 0.7 , -0.0 , -0.0 , 0.7 , 0.0 , -0.1 , 0.0 , 0.0 , 2.90 , -0.17 , -0.20 , 11.37 ,  , -0.44 ,  ,  
108,김서준,23삼, 0.6 , 8 , 7.2 , 0.6 , 0.4 , -0.2 , -0.1 , 0.0 , 0.0 , 0.0 , 0.0 , 0.53 , 7.04 , -4.70 , -0.71 ,  ,  ,  ,  
109,장현식,23K, 0.6 , 56 , 51.0 , 0.6 , 5.1 , 0.0 , 0.0 , -3.9 , 0.0 , 0.0 , 0.0 , 0.10 , 2.48 ,  ,  , -4.80 ,  ,  ,  
110,박영완,23롯, 0.5 , 1 , 1.0 , 0.5 , 0.0 , 0.0 , 0.0 , 0.0 , 0.0 , 0.0 , 0.0 , 4.68 , 2.00 ,  ,  ,  ,  ,  ,  
111,딜런,23두, 0.5 , 2 , 9.0 , 0.5 , -0.4 , -2.8 , 0.2 , 0.0 , 0.0 , 0.0 , 0.0 , 0.49 , -2.01 , -12.53 , 0.61 ,  ,  ,  ,  
112,박권후,23삼, 0.5 , 4 , 2.2 , 0.5 , -0.1 , 0.0 , 0.0 , -0.5 , 0.0 , 0.0 , 0.0 , 1.40 , -1.00 ,  ,  , -3.89 ,  ,  ,  
113,유영찬,23L, 0.5 , 67 , 68.0 , 0.5 , 6.4 , 0.0 , 0.0 , 3.8 , 0.0 , 0.0 , 0.0 , 0.07 , 2.17 , 0.43 ,  , 2.00 ,  ,  ,  
114,김강률,23두, 0.4 , 32 , 25.2 , 0.4 , 1.2 , 2.2 , 0.0 , 1.3 , 0.0 , 0.0 , 0.0 , 0.15 , 0.97 , 2.74 ,  , 3.80 ,  ,  ,  
115,김정우,23두, 0.3 , 7 , 6.2 , 0.3 , 0.4 , 0.0 , -4.1 , 0.0 , -1.6 , 0.0 , 0.0 , 1.31 , 1.64 ,  , -10.29 ,  , -2.88 ,  ,  
116,임창민,23키, 0.3 , 51 , 46.2 , 0.3 , 5.3 , 0.0 , 0.0 , -0.4 , 0.0 , 0.0 , 0.0 , 0.09 , 1.83 ,  ,  , -0.26 ,  ,  ,  
117,정성종,23롯, 0.3 , 12 , 22.0 , 0.3 , -1.0 , 0.1 , -0.0 , -1.8 , 0.8 , 0.0 , 0.0 , 0.16 , -1.62 , 6.10 , -0.20 , -3.40 , 10.51 ,  ,  
118,이재희,23삼, 0.3 , 2 , 8.0 , 0.3 , 0.9 , 0.0 , 0.4 , 0.0 , 0.0 , 0.0 , 0.0 , 0.57 , 1.28 ,  , 2.03 ,  ,  ,  ,  
119,김재영,23한, 0.3 , 6 , 8.0 , 0.3 , -0.8 , -1.9 , 0.5 , -1.7 , -0.1 , 0.0 , 0.0 , 0.28 , -15.70 , -11.16 , 7.58 , -13.18 , -11.00 ,  ,  
120,김태현,23N, 0.3 , 16 , 20.1 , 0.3 , -0.4 , 0.0 , 0.0 , -0.2 , 0.0 , 0.0 , 0.0 , 0.15 , -0.50 ,  ,  , -0.27 ,  ,  ,  
121,이민석,23롯, 0.3 , 1 , 1.1 , 0.3 , 0.8 , -0.1 , 0.0 , 0.0 , 0.0 , 0.0 , 0.0 , 1.93 , 6.67 , -4.25 ,  ,  ,  ,  ,  
122,이재익,23삼, 0.2 , 51 , 41.0 , 0.2 , -5.5 , 0.6 , 0.0 , 0.0 , 2.3 , 0.0 , 0.0 , 1.04 , -5.18 , 0.77 , 0.00 ,  , 0.47 ,  ,  
123,김민수,23K, 0.1 , 14 , 13.0 , 0.1 , -1.1 , -1.0 , 0.1 , 1.4 , 0.0 , 0.0 , 0.0 , 0.14 , -2.86 , -1.78 , 2.62 , 12.45 ,  ,  ,  
124,김창훈,23롯, 0.1 , 3 , 4.1 , 0.1 , 1.6 , 0.2 , 0.0 , -0.1 , 0.0 , 0.0 , 0.0 , 0.45 , 8.98 , 4.03 ,  , -1.68 , 4.30 ,  ,  
125,채지선,23LN, 0.1 , 3 , 3.1 , 0.1 , -0.3 , -0.0 , 0.4 , 0.0 , 0.0 , 0.0 , 0.0 , 0.26 , -1.81 , -2.70 , 9.67 ,  ,  ,  ,  
126,김강현,23롯, 0.1 , 2 , 3.0 , 0.1 , 0.4 , 0.0 , 0.0 , 0.0 , 0.2 , 0.0 , 0.0 , 0.35 , 1.81 ,  , 0.03 ,  , 4.25 ,  ,  
127,우강훈,23롯, 0.1 , 3 , 6.0 , 0.1 , 0.2 , -0.6 , -0.2 , 0.0 , 0.0 , 0.0 , 0.0 , 0.07 , 5.93 , -3.04 , -1.66 ,  ,  ,  ,  
128,이준호,23N, 0.0 , 17 , 31.2 , 0.0 , -0.6 , -1.7 , -0.3 , 0.0 , -0.9 , 0.0 , 0.0 , 0.01 , -0.59 , -2.04 , -1.06 ,  , -1.50 ,  ,  
129,정찬헌,23키, 0.0 , 14 , 72.0 , 0.0 , -1.5 , -1.8 , 0.0 , 0.3 , 3.3 , 0.0 , 0.0 ,  , -0.63 , -0.75 ,  , 0.13 , 0.90 ,  ,  
,요키시,23키, 0.0 , 12 , 65.2 , 0.0 , -2.3 , -3.5 , -0.3 , 0.0 , 5.9 , 0.0 , 0.0 ,  , -2.97 , -1.23 , -0.16 ,  , 1.11 ,  ,  
,박준표,23K, 0.0 , 33 , 28.0 , 0.0 , 0.0 , -1.3 , 0.0 , 0.1 , -0.1 , 0.0 , 0.0 ,  ,  , -1.58 ,  , 0.26 , -0.03 ,  ,  
,송은범,23L, 0.0 , 4 , 3.2 , 0.0 , -0.4 , -0.0 , 0.0 , 0.0 , 0.6 , 0.0 , 0.0 ,  , -2.37 , -0.96 ,  ,  , 1.89 ,  ,  
,하준수,23N, 0.0 , 1 , 1.0 , 0.0 , -0.2 , 0.0 , 0.0 , 0.0 , 0.8 , 0.0 , 0.0 ,  , -6.08 ,  ,  ,  , 2.75 ,  ,  
,양현,23키, 0.0 , 54 , 57.0 , 0.0 , 0.0 , -1.0 , -0.0 , 0.0 , -9.4 , 0.0 , 0.0 ,  ,  , -0.26 , -3.40 ,  , -1.74 ,  ,  
,이인복,23롯, 0.0 , 10 , 33.1 , 0.0 , -5.3 , -1.3 , 0.0 , 5.2 , -14.4 , 0.0 , 0.0 ,  , -5.58 , -3.73 ,  , 2.82 , -4.51 ,  ,  
,정우영,23L, 0.0 , 60 , 51.2 , 0.0 , -4.6 , -0.5 , 0.0 , -0.5 , -2.1 , 0.0 , 0.0 ,  , -2.54 , -4.44 ,  , -4.11 , -0.29 ,  ,  
137,원종현,23키, -0.0 , 20 , 18.2 , -0.0 , -2.9 , -0.5 , 0.0 , 0.6 , 0.6 , 0.0 , 0.0 , -0.01 , -3.04 , -48.40 ,  , 1.90 , 2.37 ,  ,  
138,박치국,23두, -0.0 , 62 , 52.2 , -0.0 , 4.7 , 2.7 , -0.5 , 0.0 , 0.0 , 0.0 , 0.0 , -0.01 , 2.92 , 4.80 , -0.21 ,  ,  ,  ,  
139,이상규,23L, -0.0 , 8 , 7.2 , -0.0 , 0.1 , 0.3 , -0.1 , 0.7 , 1.0 , 0.0 , 0.0 , -3.40 , 0.27 , 1.45 , -9.90 , 10.66 , 1.33 ,  ,  
140,하준호,23K, -0.0 , 12 , 13.0 , -0.0 , -0.9 , -0.0 , 0.0 , 0.0 , 0.0 , 0.0 , 0.0 , -0.03 , -1.17 , -0.26 , 0.34 ,  ,  ,  ,  
141,페디,23N, -0.1 , 30 , 180.1 , -0.1 , 18.3 , 19.6 , 4.5 , 0.0 , 12.2 , 0.0 , 0.0 , -10.20 , 3.03 , 2.17 , 1.23 ,  , 1.20 ,  ,  
142,조민석,23N, -0.1 , 35 , 31.0 , -0.1 , -0.7 , 0.0 , 2.3 , 0.1 , 1.3 , 0.0 , 0.0 , -0.05 , -17.15 ,  , 7.26 , 0.06 , 22.33 ,  ,  
143,문용익,23삼, -0.3 , 14 , 13.0 , -0.3 , 2.2 , 0.8 , 0.0 , 0.0 , 0.0 , 0.0 , 0.0 , -0.19 , 3.04 , 6.06 ,  ,  ,  ,  ,  
144,김태훈,23키삼, -0.3 , 71 , 63.1 , -0.3 , -5.2 , -0.7 , 0.0 , -3.0 , -4.0 , 0.0 , 0.0 , -0.18 , -5.40 , -3.86 ,  , -0.89 , -0.73 ,  ,  
145,최원태,23키L, -0.3 , 26 , 146.2 , -0.3 , 8.1 , 5.3 , -3.3 , 0.0 , 0.2 , 0.0 , 0.0 , -0.12 , 1.12 , 1.57 , -0.75 ,  , 0.03 ,  ,  
146,백승우,23두, -0.3 , 6 , 4.0 , -0.3 , 0.0 , -0.1 , 0.9 , 0.0 , 0.0 , 0.0 , 0.0 , -0.61 , 1.30 , -0.65 , 7.31 ,  ,  ,  ,  
147,한두솔,23S, -0.3 , 1 , 1.0 , -0.3 , 0.0 , -0.0 , 0.0 , 0.0 , 0.0 , 0.0 , 0.0 , -8.30 , 0.07 , -3.40 ,  ,  ,  ,  ,  
148,최영환,23롯, -0.4 , 8 , 10.0 , -0.4 , -6.7 , -0.3 , 0.0 , -0.2 , 0.0 , 0.0 , 0.0 , -0.39 , -7.66 , -0.98 ,  , -0.97 ,  ,  ,  
149,이우석,23N, -0.4 , 1 , 0.2 , -0.4 , 0.8 , 0.0 , 0.0 , 0.0 , 0.0 , 0.0 , 0.0 , -9.95 , 83.60 ,  ,  ,  ,  ,  ,  
150,송승기,23L, -0.4 , 1 , 1.0 , -0.4 , 0.5 , 0.0 , 0.4 , 0.0 , 0.0 , 0.0 , 0.0 , -3.21 , 27.00 ,  , 14.40 ,  ,  ,  ,  
151,김시훈,23N, -0.4 , 61 , 52.2 , -0.4 , -4.8 , -0.9 , 0.0 , 0.8 , 0.0 , 0.0 , 0.0 , -0.10 , -3.52 , -0.45 ,  , 0.34 ,  ,  ,  
152,강건,23K, -0.4 , 4 , 6.2 , -0.4 , 0.2 , 1.6 , 0.0 , 0.3 , 0.0 , 0.0 , 0.0 , -0.87 , 1.35 , 4.49 ,  , 5.48 ,  ,  ,  
153,서동민,23S, -0.5 , 2 , 1.0 , -0.5 , 0.3 , 0.0 , -0.0 , 0.0 , 0.0 , 0.0 , 0.0 , -9.02 , 1.52 ,  , -3.40 ,  ,  ,  ,  
154,이기순,23S, -0.5 , 2 , 3.0 , -0.5 , -0.0 , 0.6 , -1.4 , 0.0 , 0.0 , 0.0 , 0.0 , -1.35 , -0.34 , 4.25 , -17.51 ,  ,  ,  ,  
155,류원석,23한, -0.5 , 1 , 2.0 , -0.5 , 0.6 , 0.0 , 0.0 , 0.0 , 0.0 , 0.0 , 0.0 , -1.91 , 7.01 ,  ,  ,  ,  ,  ,  
156,배재준,23L, -0.5 , 1 , 1.0 , -0.5 , -0.8 , 0.1 , -0.0 , 0.0 , 0.0 , 0.0 , 0.0 , -4.83 , -8.28 , 3.05 , -2.70 ,  ,  ,  ,  
157,이충호,23한, -0.5 , 11 , 8.2 , -0.5 , -1.0 , 0.0 , 0.0 , 0.0 , -0.4 , 0.0 , 0.0 , -1.30 , -1.62 ,  ,  ,  , -1.20 ,  ,  
158,오승환,23삼, -0.6 , 58 , 62.2 , -0.6 , -1.4 , 1.6 , -0.6 , 3.9 , 0.0 , 0.0 , 0.0 , -0.13 , -0.51 , 1.57 , -0.79 , 4.38 , 0.64 ,  ,  
159,메디나,23K, -0.6 , 12 , 58.0 , -0.6 , 0.3 , 0.1 , -1.2 , 0.0 , -4.4 , 0.0 , 0.0 , -1.68 , 0.09 , 0.20 , -1.48 ,  , -0.90 ,  ,  
160,홍성민,23키, -0.6 , 2 , 2.0 , -0.6 , 0.0 , 0.0 , 1.1 , -1.2 , -0.0 , 0.0 , 0.0 , -3.21 ,  ,  , 5.63 , -17.83 , -0.20 ,  ,  
161,김주온,23S, -0.6 , 1 , 0.1 , -0.6 , -1.2 , 0.0 , 0.0 , 0.0 , 0.0 , 0.0 , 0.0 , -31.80 , -9.89 ,  ,  ,  ,  ,  ,  
162,장시환,23한, -0.7 , 39 , 34.2 , -0.7 , -0.3 , 3.7 , 0.0 , 0.1 , 0.0 , 0.0 , 0.0 , -0.24 , -0.26 , 2.05 ,  , 0.30 ,  ,  ,  
163,장세진,23롯, -0.9 , 2 , 1.1 , -0.9 , -1.8 , -0.0 , 0.2 , 0.0 , 0.0 , 0.0 , 0.0 , -4.05 , -14.77 , -3.40 , 6.47 ,  ,  ,  ,  
164,윤정현,23키, -0.9 , 5 , 6.0 , -0.9 , 1.4 , 0.0 , 0.0 , 0.0 , 0.6 , 0.0 , 0.0 , -12.94 , 3.57 , 4.30 , 0.00 ,  , 1.15 ,  ,  
165,이상영,23L, -0.9 , 6 , 11.0 , -0.9 , 0.5 , -0.0 , 0.9 , 0.0 , 0.0 , 0.0 , 0.0 , -0.77 , 0.89 , -2.70 , 2.59 ,  ,  ,  ,  
166,김동주,23두, -0.9 , 18 , 78.1 , -0.9 , 7.2 , -0.3 , 0.0 , -0.6 , 0.0 , 0.0 , 0.0 , -0.15 , 1.35 , -1.15 ,  , -0.27 ,  ,  ,  
167,양지율,23키, -1.0 , 1 , 0.2 , -1.0 , -0.3 , 0.0 , -0.0 , 0.0 , 0.0 , 0.0 , 0.0 , -7.98 , -2.83 , 1.08 , -3.40 ,  ,  ,  ,  
168,김영준,23L, -1.0 , 1 , 0.1 , -1.0 , 0.1 , 0.0 , 0.0 , 0.0 , 0.0 , 0.0 , 0.0 , -8.23 , 3.15 ,  ,  ,  ,  ,  ,  
169,오상원,23키, -1.0 , 11 , 15.0 , -1.0 , -2.1 , 0.0 , -1.4 , 0.0 , 0.0 , 0.0 , 0.0 , -0.59 , -2.48 ,  , -3.27 ,  ,  ,  ,  
170,김기중,23한, -1.0 , 37 , 56.1 , -1.0 , 3.5 , -0.4 , -1.2 , 0.0 , 0.0 , 0.0 , 0.0 , -0.22 , 1.07 , -0.22 , -1.73 ,  ,  ,  ,  
171,김대현,23L, -1.0 , 5 , 3.1 , -1.0 , -3.4 , -0.7 , 0.0 , 0.6 , 0.1 , 0.0 , 0.0 , -2.40 , -28.67 , -33.50 ,  , 2.14 , 5.00 ,  ,  
172,임정호,23N, -1.0 , 65 , 50.0 , -1.0 , 1.5 , 1.4 , 0.8 , 1.2 , 0.9 , 0.0 , 0.0 , -17.38 , 0.45 , 1.40 , 3.04 , 8.92 , 0.25 ,  ,  
173,성동현,23L, -1.0 , 1 , 1.0 , -1.0 , 0.8 , 0.0 , 0.0 , 0.0 , 0.0 , 0.0 , 0.0 , -10.49 , 8.40 ,  ,  ,  ,  ,  ,  
174,하준영,23N, -1.1 , 57 , 49.0 , -1.1 , 1.8 , 0.0 , -1.5 , 0.0 , -0.1 , 0.0 , 0.0 , -0.28 , 0.45 ,  , -1.49 ,  , -5.10 ,  ,  
175,곽도규,23K, -1.1 , 14 , 11.2 , -1.1 , 1.4 , -2.2 , 0.0 , 0.0 , -1.8 , 0.0 , 0.0 , -3.71 , 6.50 , -7.40 ,  ,  , -1.21 ,  ,  
176,류희운,23한, -1.1 , 3 , 4.0 , -1.1 , -1.1 , 0.0 , 0.0 , 0.0 , 0.0 , 0.0 , 0.0 , -3.22 , -3.91 ,  ,  , 1.03 ,  ,  ,  
177,조성훈,23S, -1.1 , 2 , 7.0 , -1.1 , 1.7 , -1.6 , 0.0 , -0.5 , 0.0 , 0.0 , 0.0 , -1.40 , 5.41 , -8.86 ,  , -7.00 ,  ,  ,  
178,우규민,23삼, -1.2 , 56 , 43.0 , -1.2 , -2.7 , 2.3 , 0.3 , 0.0 , -0.0 , 0.0 , 0.0 , -0.45 , -1.65 , 0.81 , 1.27 ,  , -1.35 ,  ,  
179,홍정우,23삼, -1.3 , 36 , 36.0 , -1.3 , -0.2 , 0.0 , 1.9 , -0.7 , 0.0 , 0.0 , 0.0 , -0.42 , -0.16 ,  , 4.61 , -0.49 ,  ,  ,  
180,이승호,23키, -1.4 , 4 , 5.0 , -1.4 , 0.1 , 0.0 , 0.1 , 0.3 , 0.0 , 0.0 , 0.0 , -1.97 , 0.79 , 4.30 , 1.30 , 34.40 ,  ,  ,  
181,이영준,23키, -1.4 , 2 , 1.2 , -1.4 , -0.8 , 0.0 , 0.0 , -0.1 , 0.0 , 0.0 , 0.0 , -5.69 , -10.74 ,  ,  , -4.25 ,  ,  ,  
182,백승건,23S, -1.4 , 25 , 38.0 , -1.4 , 0.2 , 0.6 , -2.8 , 0.0 , 0.0 , 0.0 , 0.0 , -0.53 , 0.11 , 2.32 , -2.08 ,  ,  ,  ,  
183,이승진,23두, -1.5 , 1 , 0.2 , -1.5 , -0.4 , 0.6 , 0.0 , 0.0 , 0.0 , 0.0 , 0.0 , -13.64 , -3.97 , 14.93 ,  ,  ,  ,  ,  
184,장민재,23한, -1.5 , 25 , 69.0 , -1.5 , 1.8 , -4.4 , -0.0 , -3.1 , 0.0 , 0.0 , 0.0 , -0.32 , 3.55 , -3.83 , -2.10 , -0.59 ,  ,  ,  
185,장지수,23한, -1.6 , 1 , 2.0 , -1.6 , -1.5 , 0.1 , 0.0 , 0.0 , 0.0 , 0.0 , 0.0 , -8.19 , -11.42 , 0.97 ,  ,  ,  ,  ,  
186,노건우,23삼, -1.6 , 16 , 12.1 , -1.6 , -4.8 , 0.0 , -0.7 , 0.0 , 0.0 , 0.0 , 0.0 , -0.94 , -5.32 ,  , -13.22 ,  ,  ,  ,  
187,전사민,23N, -1.6 , 9 , 17.0 , -1.6 , 2.3 , 0.0 , -0.0 , 0.0 , -0.7 , 0.0 , 0.0 , -6.11 , 2.34 ,  , -4.60 ,  , -0.47 ,  ,  
188,홍건희,23두, -1.7 , 64 , 61.2 , -1.7 , 8.2 , -0.8 , 0.0 , -0.2 , 0.0 , 0.0 , 0.0 , -0.28 , 1.88 , -2.62 ,  , -1.33 ,  ,  ,  
189,윤석원,23키, -1.7 , 21 , 24.0 , -1.7 , -2.5 , -1.3 , -0.2 , 0.0 , 0.0 , 0.0 , 0.0 , -0.88 , -2.08 , -1.29 , -9.20 ,  ,  ,  ,  
190,소형준,23K, -1.7 , 3 , 11.0 , -1.7 , -2.1 , -2.8 , -0.7 , 0.0 , 0.4 , 0.0 , 0.0 , -28.78 , -3.41 , -9.89 , -1.47 ,  , 0.53 ,  ,  
191,김기훈,23K, -1.8 , 29 , 31.1 , -1.8 , -0.5 , 0.0 , -4.2 , 0.0 , 0.0 , 0.0 , 0.0 , -0.36 , -0.43 , 0.53 , -10.08 ,  ,  ,  ,  
192,슐서,23K, -1.8 , 9 , 49.2 , -1.8 , 0.1 , -3.0 , 0.6 , -0.1 , 0.0 , 0.0 , 0.0 , -0.44 , 0.18 , -6.73 , 0.51 , -0.03 ,  ,  ,  
193,김주한,23S, -1.9 , 1 , 0.0 , -1.9 , -0.3 , 0.0 , -0.8 , 0.0 , 0.0 , 0.0 , 0.0 , -61.93 , -33.60 ,  , -6.72 ,  ,  ,  ,  
194,송윤준,23한, -1.9 , 4 , 4.1 , -1.9 , -0.0 , 0.0 , 0.5 , 0.0 , 0.0 , 0.0 , 0.0 , -27.00 , -0.15 ,  , 0.82 ,  ,  ,  ,  
195,제환유,23두, -1.9 , 1 , 2.0 , -1.9 , -2.4 , 2.1 , 0.0 , 0.0 , 0.0 , 0.0 , 0.0 , -6.77 , -13.98 , 26.23 ,  ,  ,  ,  ,  
196,박진,23롯, -1.9 , 4 , 5.0 , -1.9 , 0.7 , -0.2 , 0.0 , 0.1 , 0.0 , 0.0 , 0.0 , -3.65 , 1.46 , -2.01 ,  , 1.48 ,  ,  ,  
197,박세웅,23삼, -1.9 , 2 , 0.2 , -1.9 , -0.3 , 0.0 , 0.0 , 0.0 , 0.0 , 0.0 , 0.0 , -9.65 , -3.67 ,  ,  ,  ,  ,  ,  
198,심창민,23N, -1.9 , 5 , 3.1 , -1.9 , 1.2 , -0.3 , 0.0 , 0.0 , 0.0 , 0.0 , 0.0 , -7.44 , 3.64 , -2.70 , 0.00 ,  ,  ,  ,  
199,이용준,23N, -1.9 , 24 , 67.0 , -1.9 , 2.6 , -1.0 , -3.3 , 0.0 , 0.0 , 0.0 , 0.0 , -0.30 , 0.63 , -1.36 , -2.29 ,  ,  ,  ,  
200,서상준,23S, -2.0 , 2 , 2.0 , -2.0 , 0.4 , 0.0 , 0.0 , -0.1 , 0.0 , 0.0 , 0.0 , -4.39 , 6.21 ,  ,  , -3.80 ,  ,  ,  
201,김진욱,23롯, -2.0 , 50 , 36.1 , -2.0 , 0.5 , -5.5 , 0.0 , -0.4 , 0.0 , 0.0 , 0.0 , -0.44 , 0.34 , -3.92 , 0.20 , -3.92 ,  ,  ,  
202,이원재,23두, -2.0 , 1 , 1.0 , -2.0 , -1.3 , 0.0 , 0.0 , 0.0 , 0.0 , 0.0 , 0.0 , -8.04 , -18.74 ,  , 0.80 ,  ,  ,  ,  
203,임지민,23N, -2.0 , 2 , 1.1 , -2.0 , -0.1 , 0.0 , 0.0 , 1.4 , 0.0 , 0.0 , 0.0 , -7.24 , -3.35 ,  ,  , 9.01 ,  ,  ,  
204,남지민,23한, -2.2 , 16 , 37.2 , -2.2 , -8.2 , 1.7 , -0.5 , -0.9 , 0.0 , 0.0 , 0.0 , -0.63 , -3.40 , 2.16 , -50.20 , -11.60 ,  ,  ,  
205,문경찬,23롯, -2.3 , 2 , 2.0 , -2.3 , -0.4 , -0.6 , -1.6 , 0.0 , 0.0 , 0.0 , 0.0 , -13.24 , -10.95 , -8.59 , -26.95 ,  , 0.80 ,  ,  
206,최지강,23두, -2.3 , 25 , 22.0 , -2.3 , 0.1 , 0.0 , 1.5 , 0.0 , 0.0 , 0.0 , 0.0 , -1.25 , 0.06 ,  , 3.23 ,  ,  ,  ,  
207,김대유,23K, -2.3 , 41 , 24.2 , -2.3 , 0.6 , -1.6 , 1.1 , 0.0 , 0.2 , 0.0 , 0.0 , -1.02 , 0.46 , -1.98 , 8.85 ,  , 2.31 ,  ,  
208,최하늘,23삼, -2.3 , 3 , 6.1 , -2.3 , -1.3 , -0.0 , -7.4 , 0.0 , 0.0 , 0.0 , 0.0 , -3.94 , -5.14 , -0.20 , -12.16 ,  ,  ,  ,  
209,장원준,23두, -2.4 , 11 , 41.0 , -2.4 , 5.9 , -0.7 , -1.1 , 0.0 , -4.6 , 0.0 , 0.0 , -5.17 , 2.51 , -2.65 , -0.96 ,  , -1.75 ,  ,  
210,박세진,23K, -2.4 , 16 , 11.2 , -2.4 , 0.6 , -0.1 , -1.0 , 0.1 , 0.0 , 0.0 , 0.0 , -1.29 , 2.14 , -0.90 , -2.07 , 3.05 ,  ,  ,  
211,김유성,23두, -2.4 , 7 , 6.1 , -2.4 , -1.5 , 0.3 , -0.3 , -0.0 , 0.0 , 0.0 , 0.0 , -2.15 , -3.84 , 2.07 , -5.08 , -1.60 ,  ,  ,  
,김건희,23키, -2.4 , 3 , 2.0 , -2.4 , -0.4 , 0.0 , 0.0 , 0.0 , 0.0 , 0.0 , 0.0 , -5.23 , -3.70 ,  ,  ,  ,  ,  ,  
213,박정수,23두, -2.5 , 25 , 36.2 , -2.5 , 1.6 , -0.0 , 2.9 , 0.0 , 0.0 , 0.0 , 0.0 , -1.09 , 1.28 , -0.00 , 2.40 ,  ,  ,  ,  
214,이명종,23키, -2.5 , 45 , 57.0 , -2.5 , 2.8 , -0.2 , 1.2 , 0.0 , 0.0 , 0.0 , 0.0 , -0.54 , 0.68 , -0.22 , 2.19 ,  ,  ,  ,  
215,나원탁,23롯, -2.7 , 1 , 0.2 , -2.7 , 0.0 , -0.0 , 0.0 , 0.1 , 0.0 , 0.0 , 0.0 , -19.45 ,  , -0.40 ,  , 1.18 ,  ,  ,  
216,문성현,23키, -2.7 , 32 , 28.1 , -2.7 , 1.0 , -0.0 , 0.0 , -0.0 , 0.0 , 0.0 , 0.0 , -0.83 , 0.75 , -2.70 ,  , -0.21 ,  ,  ,  
217,김호준,23두, -2.8 , 3 , 3.0 , -2.8 , 0.6 , 0.0 , 0.0 , 0.0 , 0.0 , 0.0 , 0.0 , -6.97 , 3.19 ,  ,  ,  ,  ,  ,  
218,전상현,23K, -2.8 , 64 , 58.2 , -2.8 , 18.6 , 0.4 , 0.0 , 0.5 , -0.1 , 0.0 , 0.0 , -0.63 , 4.68 , 0.97 , 1.33 , 0.92 , -3.23 ,  ,  
219,오원석,23S, -2.8 , 28 , 144.2 , -2.8 , 1.9 , -1.3 , -0.9 , 0.0 , -0.3 , 0.0 , 0.0 , -0.23 , 0.25 , -0.64 , -0.27 ,  , -11.60 ,  ,  
220,고봉재,23두, -2.8 , 10 , 11.1 , -2.8 , -0.3 , -0.0 , -2.3 , 0.0 , 1.0 , 0.0 , 0.0 , -2.93 , -1.65 , -0.22 , -7.48 ,  , 1.49 ,  ,  
221,윤산흠,23한, -2.9 , 5 , 3.0 , -2.9 , 0.0 , 1.2 , 0.0 , 0.0 , 0.0 , 0.0 , 0.0 , -5.22 ,  , 4.15 ,  ,  ,  ,  ,  
222,김준형,23키, -2.9 , 8 , 7.2 , -2.9 , 0.2 , 1.0 , 0.0 , 1.1 , 0.0 , 0.0 , 0.0 , -3.20 , 0.80 , 5.00 ,  , 6.79 ,  ,  ,  
223,박종훈,23S, -3.0 , 18 , 80.0 , -3.0 , 0.0 , 4.5 , -0.0 , 0.0 , -14.3 , 0.0 , 0.0 , -5.53 ,  , 0.94 , -0.27 ,  , -1.39 ,  ,  
224,맥키니,23키, -3.0 , 12 , 59.1 , -3.0 , -3.7 , -3.6 , -4.5 , 0.0 , 0.0 , 0.0 , 0.0 , -0.64 , -1.97 , -2.10 , -2.02 ,  ,  ,  ,  
225,진해수,23L, -3.1 , 19 , 14.2 , -3.1 , 3.3 , 1.0 , 0.0 , -1.7 , 0.0 , 0.0 , 0.0 , -3.34 , 2.47 , 3.49 ,  , -4.16 ,  ,  ,  
226,정구범,23N, -3.2 , 4 , 12.2 , -3.2 , 1.6 , -0.1 , -1.0 , -1.5 , 0.0 , 0.0 , 0.0 , -2.33 , 2.24 , -0.47 , -6.37 , -4.15 ,  ,  ,  
227,손주영,23L, -3.2 , 3 , 8.2 , -3.2 , -1.0 , 0.3 , -0.7 , 0.0 , 0.0 , 0.0 , 0.0 , -2.47 , -2.54 , 2.07 , -18.65 ,  ,  ,  ,  
228,최지광,23삼, -3.2 , 22 , 17.1 , -3.2 , -2.1 , -2.0 , 0.2 , 0.4 , 0.0 , 0.0 , 0.0 , -2.35 , -1.45 , -4.67 , 21.40 , 7.24 ,  ,  ,  
229,최원준,23두, -3.3 , 26 , 107.2 , -3.3 , 3.5 , -0.7 , -1.8 , 0.5 , 0.0 , 0.0 , 0.0 , -0.35 , 0.66 , -0.39 , -1.82 , 2.55 ,  ,  ,  
230,김민,23K, -3.3 , 16 , 29.0 , -3.3 , -1.4 , -0.4 , -0.4 , 0.2 , -2.4 , 0.0 , 0.0 , -1.63 , -0.63 , -11.00 , -3.20 , 9.90 , -3.58 ,  ,  
231,박신지,23두, -3.3 , 15 , 26.0 , -3.3 , 0.9 , 1.5 , -3.5 , 0.0 , 0.0 , 0.0 , 0.0 , -1.62 , 0.72 , 7.11 , -3.43 ,  ,  ,  ,  
232,이병헌,23두, -3.3 , 36 , 27.0 , -3.3 , -0.8 , 0.0 , -0.5 , 0.2 , 0.0 , 0.0 , 0.0 , -0.95 , -0.51 ,  , -7.56 , 2.53 ,  ,  ,  
233,스트레일리,23롯, -3.4 , 16 , 80.1 , -3.4 , 6.2 , -1.0 , -1.5 , 0.0 , 0.5 , 0.0 , 0.0 , -0.55 , 1.34 , -0.75 , -0.61 ,  , 5.37 ,  ,  
234,반즈,23롯, -3.4 , 30 , 170.1 , -3.4 , 18.2 , -0.4 , 4.7 , 0.0 , 1.1 , 0.0 , 0.0 , -0.35 , 1.99 , -4.98 , 0.76 ,  , 0.44 ,  ,  
235,최충연,23삼, -3.5 , 7 , 9.1 , -3.5 , 1.7 , -0.1 , 0.0 , -0.9 , 0.1 , 0.0 , 0.0 , -3.86 , 3.26 , -2.34 ,  , -3.43 , 5.00 ,  ,  
236,이채호,23K, -3.5 , 25 , 24.2 , -3.5 , 0.0 , -1.7 , -1.1 , 0.0 , 0.0 , 0.0 , 0.0 , -1.58 ,  , -1.21 , -3.92 ,  ,  ,  ,  
237,장필준,23삼, -3.5 , 17 , 19.1 , -3.5 , 2.4 , -3.5 , 0.8 , -3.7 , -0.4 , 0.0 , 0.0 , -1.76 , 4.14 , -6.59 , 1.88 , -19.59 , -3.13 ,  ,  
238,이재학,23N, -3.5 , 15 , 67.1 , -3.5 , -0.9 , -1.3 , 8.4 , 0.0 , 0.0 , 0.0 , 0.0 , -0.72 , -0.98 , -10.62 , 1.54 ,  ,  ,  ,  
239,최이준,23롯, -3.6 , 28 , 29.0 , -3.6 , -1.1 , 0.6 , 1.4 , 0.0 , 0.0 , 0.0 , 0.0 , -1.13 , -0.92 , 0.80 , 4.24 ,  ,  ,  ,  
240,박준영,23한, -3.7 , 4 , 4.1 , -3.7 , 0.2 , -0.3 , 0.0 , 0.2 , 0.0 , 0.0 , 0.0 , -5.08 , 7.93 , -1.42 ,  , 5.75 ,  ,  ,  
241,박승주,23키, -3.7 , 18 , 18.0 , -3.7 , 1.4 , 0.0 , 0.4 , -0.4 , 0.0 , 0.0 , 0.0 , -1.48 , 1.40 ,  , 3.29 , -41.40 ,  ,  ,  
242,윤영철,23K, -3.8 , 25 , 122.2 , -3.8 , 16.7 , 0.1 , -2.3 , -0.0 , 0.0 , 0.0 , 0.0 , -0.45 , 2.53 , 0.20 , -0.49 , -3.40 , 0.00 ,  ,  
243,박윤철,23한, -4.1 , 3 , 3.1 , -4.1 , -1.2 , 0.2 , -1.2 , 0.0 , 0.0 , 0.0 , 0.0 , -14.24 , -6.45 , 5.20 , -3.85 ,  ,  ,  ,  
244,양현종,23K, -4.3 , 29 , 171.0 , -4.3 , 12.6 , -1.8 , 8.4 , 0.0 , 0.0 , 0.0 , 0.0 , -0.29 , 2.16 , -2.55 , 1.34 ,  ,  ,  ,  
245,허윤동,23삼, -4.4 , 7 , 10.2 , -4.4 , -4.5 , 0.0 , -0.0 , 1.6 , 0.0 , 0.0 , 0.0 , -3.46 , -6.39 , 0.03 , -3.40 , 7.85 ,  ,  ,  
246,변시원,23키, -4.4 , 4 , 2.1 , -4.4 , -1.5 , 0.0 , 0.0 , -0.5 , -0.2 , 0.0 , 0.0 , -9.50 , -9.99 ,  , 1.70 , -25.10 , -6.90 ,  ,  
247,신정락,23롯, -4.5 , 34 , 29.0 , -4.5 , 0.5 , 2.6 , 0.5 , 0.0 , -0.1 , 0.0 , 0.0 , -2.01 , 5.69 , 1.63 , 0.64 ,  , -5.10 ,  ,  
248,배민서,23N, -4.6 , 6 , 6.2 , -4.6 , -0.2 , 0.0 , 1.0 , -1.1 , 0.1 , 0.0 , 0.0 , -14.76 , -0.68 ,  , 2.55 , -10.79 , 0.47 ,  ,  
249,이상민,23삼, -4.7 , 23 , 18.0 , -4.7 , 1.3 , -0.1 , -1.8 , 0.0 , 0.0 , 0.0 , 0.0 , -3.65 , 1.11 , -0.19 , -3.98 ,  ,  ,  ,  
250,진승현,23롯, -4.7 , 24 , 27.2 , -4.7 , 6.7 , -1.6 , 0.1 , 0.6 , 0.0 , 0.0 , 0.0 , -1.97 , 3.83 , -2.48 , 0.24 , 59.60 ,  ,  ,  
251,주승우,23키, -4.7 , 11 , 16.0 , -4.7 , -0.7 , -1.2 , 0.0 , 1.5 , 0.0 , 0.0 , 0.0 , -2.14 , -1.67 , -3.14 ,  , 1.75 ,  ,  ,  
252,양창섭,23삼, -4.7 , 15 , 28.2 , -4.7 , -2.1 , -1.5 , -2.5 , 0.1 , 0.0 , 0.0 , 0.0 , -1.46 , -1.60 , -10.07 , -3.18 , 7.60 ,  ,  ,  
253,장재영,23키, -4.8 , 23 , 71.2 , -4.8 , 1.1 , -0.5 , 0.0 , 0.0 , 0.0 , 0.0 , 0.0 , -0.56 , 0.28 , -0.28 ,  ,  ,  ,  ,  
254,김영현,23K, -4.8 , 31 , 33.0 , -4.8 , 3.4 , 0.0 , -0.6 , 0.0 , 0.0 , 0.0 , 0.0 , -1.74 , 1.23 ,  , -8.47 ,  ,  ,  ,  
255,박세웅,23롯, -4.9 , 27 , 154.0 , -4.9 , 13.6 , 5.8 , 0.0 , 5.1 , 0.0 , 0.0 , 0.0 , -0.46 , 2.16 , 0.98 ,  , 1.42 ,  ,  ,  
256,황동재,23삼, -4.9 , 7 , 31.2 , -4.9 , 1.5 , 1.4 , 0.0 , -6.8 , 0.0 , 0.0 , 0.0 , -1.58 , 1.31 , 5.11 ,  , -3.65 ,  ,  ,  
257,최민준,23S, -5.1 , 53 , 60.0 , -5.1 , 1.1 , 2.2 , -0.8 , 0.4 , 0.0 , 0.0 , 0.0 , -1.36 , 0.32 , 0.78 , -8.49 , 2.61 , 4.30 ,  ,  
258,이형범,23두, -5.1 , 23 , 27.2 , -5.1 , 2.2 , -1.7 , -1.3 , -0.1 , -7.0 , 0.0 , 0.0 , -11.17 , 1.50 , -17.47 , -3.50 , -4.45 , -2.97 ,  ,  
259,김동혁,23키, -5.3 , 35 , 39.1 , -5.3 , 0.0 , -1.0 , 0.9 , 0.0 , -2.7 , 0.0 , 0.0 , -2.76 ,  , -2.72 , 0.33 ,  , -1.32 ,  ,  
260,최성훈,23L, -5.3 , 5 , 3.0 , -5.3 , 0.1 , 0.5 , 0.0 , 0.0 , -0.7 , 0.0 , 0.0 , -23.07 , 0.29 , 24.60 ,  ,  , -33.95 ,  ,  
261,이영하,23두, -5.4 , 36 , 39.1 , -5.4 , 2.7 , 0.5 , 0.0 , -1.6 , 0.0 , 0.0 , 0.0 , -1.46 , 1.00 , 2.34 ,  , -2.10 ,  ,  ,  
262,김유신,23K, -5.4 , 27 , 30.1 , -5.4 , -1.8 , 1.5 , -3.0 , 0.0 , 0.0 , 0.0 , 0.0 , -1.72 , -1.91 , 2.10 , -5.14 ,  ,  ,  ,  
263,김건국,23K, -5.6 , 6 , 16.0 , -5.6 , 0.9 , 0.2 , 0.0 , 1.5 , 0.0 , 0.0 , 0.0 , -5.39 , 0.88 , 0.81 ,  , 4.70 ,  ,  ,  
264,이태연,23롯, -5.7 , 15 , 5.2 , -5.7 , -2.5 , -1.5 , -0.1 , -0.4 , 0.0 , 0.0 , 0.0 , -5.80 , -4.48 , -38.08 , -6.30 , -13.80 ,  ,  ,  
265,강효종,23L, -5.7 , 7 , 21.2 , -5.7 , 0.9 , 0.1 , 0.1 , 0.0 , 0.0 , 0.0 , 0.0 , -2.90 , 0.53 , 0.19 , 0.52 ,  ,  ,  ,  
266,김동규,23L키, -6.2 , 4 , 4.1 , -6.2 , -0.4 , -0.9 , 0.0 , -0.8 , 0.0 , 0.0 , 0.0 , -5.64 , -3.35 , -10.98 ,  , -5.61 ,  ,  ,  
267,임준섭,23S, -6.3 , 41 , 32.2 , -6.3 , 2.2 , -0.2 , -1.0 , 0.0 , 0.0 , 0.0 , 0.0 , -2.23 , 0.62 , -1.66 , -8.55 ,  ,  ,  ,  
268,이민호,23L, -6.3 , 5 , 19.2 , -6.3 , 5.8 , -1.8 , -0.7 , 0.0 , 0.1 , 0.0 , 0.0 , -6.34 , 3.60 , -3.12 , -1.39 ,  , 6.20 ,  ,  
269,정성곤,23S, -6.6 , 6 , 4.1 , -6.6 , -1.4 , -0.1 , -0.0 , 0.0 , 0.0 , 0.0 , 0.0 , -8.21 , -3.64 , -2.67 , -2.10 ,  ,  ,  ,  
270,문승원,23S, -6.8 , 50 , 105.0 , -6.8 , 10.1 , -4.9 , -0.1 , -4.1 , -1.7 , 0.0 , 0.0 , -0.92 , 1.56 , -4.17 , -0.07 , -6.76 , -5.04 ,  ,  
271,신민혁,23N, -7.2 , 29 , 122.0 , -7.2 , 4.0 , -0.8 , 5.9 , 0.0 , -0.7 , 0.0 , 0.0 , -1.27 , 0.65 , -1.35 , 0.67 ,  , -11.58 ,  ,  
272,한승혁,23한, -7.7 , 21 , 36.1 , -7.7 , -2.5 , -0.5 , 0.0 , -1.7 , -2.4 , 0.0 , -0.0 , -4.38 , -1.70 , -0.52 ,  , -1.64 , -1.51 ,  , -0.03 
273,윤명준,23롯, -7.7 , 21 , 19.1 , -7.7 , -0.7 , -0.4 , 0.0 , 2.9 , -0.2 , 0.0 , 0.0 , -6.18 , -5.87 , -0.40 ,  , 2.66 , -17.10 ,  ,  
274,주권,23K, -7.8 , 42 , 47.0 , -7.8 , -1.2 , 0.5 , 4.7 , 0.4 , 0.0 , 0.0 , 0.0 , -3.20 , -2.90 , 9.10 , 1.17 , 2.38 ,  ,  ,  
275,한현희,23롯, -7.9 , 38 , 104.0 , -7.9 , 2.1 , 0.1 , 0.2 , -3.5 , 0.0 , 0.0 , 0.0 , -0.78 , 0.29 , 1.58 , 0.16 , -6.39 ,  ,  ,  
276,이로운,23S, -8.0 , 50 , 57.2 , -8.0 , -4.2 , 0.6 , 1.3 , -0.1 , 0.0 , 0.0 , 0.0 , -1.31 , -1.32 , 7.82 , 0.81 , -3.05 ,  ,  ,  
277,조이현,23K, -8.6 , 18 , 35.0 , -8.6 , -2.1 , -0.4 , 0.0 , -1.3 , -2.6 , 0.0 , 0.0 , -4.22 , -2.39 , -0.63 ,  , -0.67 , -6.42 ,  ,  
278,김서현,23한, -9.3 , 20 , 22.1 , -9.3 , 3.2 , -0.4 , 1.0 , 0.1 , -1.0 , 0.0 , 0.0 , -3.81 , 1.99 , -2.39 , 5.24 , 0.59 , -4.73 ,  ,  
279,황동하,23K, -9.5 , 13 , 31.1 , -9.5 , 1.8 , 1.6 , 0.0 , -2.2 , 0.0 , 0.0 , 0.0 , -3.32 , 1.01 , 6.02 ,  , -2.94 ,  ,  ,  
280,최채흥,23삼, -10.0 , 15 , 63.1 , -10.0 , -0.6 , 1.5 , -2.6 , 0.0 , 0.0 , 0.0 , 0.0 , -2.27 , -0.16 , 2.00 , -1.07 ,  ,  ,  ,  
281,김선기,23키, -10.1 , 17 , 43.2 , -10.1 , -2.1 , -1.8 , -0.3 , 0.1 , 0.3 , 0.0 , 0.0 , -3.34 , -0.62 , -1.90 , -2.71 , 0.65 , 8.33 ,  ,  
282,김재열,23K, -10.6 , 9 , 11.2 , -10.6 , 0.2 , -0.6 , 0.0 , 0.7 , 0.0 , 0.0 , 0.0 , -6.17 , 1.34 , -0.94 ,  , 1.28 ,  ,  ,  
283,한승주,23한, -11.7 , 47 , 70.2 , -11.7 , 8.8 , -0.2 , 0.5 , 1.3 , 2.0 , 0.0 , 0.0 , -2.14 , 2.00 , -0.12 , 1.07 , 5.53 , 9.16 ,  ,  
284,하영민,23키, -12.5 , 57 , 52.1 , -12.5 , 4.9 , 4.2 , -0.5 , 0.7 , -0.2 , 0.0 , 0.0 , -3.99 , 1.27 , 2.52 , -0.82 , 68.40 , -4.60 ,  ,  
285,김민우,23한, -13.4 , 12 , 51.2 , -13.4 , -0.8 , 1.7 , 0.0 , -1.0 , 0.0 , 0.0 , 0.0 , -3.01 , -2.90 , 1.25 ,  , -0.30 ,  ,  ,  
