순,이름,팀/포지션,정렬용,출장,이닝,선발RAA,구원RAA,종합RAA,대체RUN선발,대체RUN구원,대체RUN종합,선발RAR,구원RAR,종합RAR,선발WAA,구원WAA,종합WAA,선발WAR,구원WAR,종합WAR,fWAR,RA9-WAR
1,페디,23N, 7.29 , 30 , 180.1 , 44.03 ,  , 44.03 , 20.75 , 0.00 , 25.94 , 69.97 ,  , 69.97 , 4.89 ,  , 4.89 , 7.29 ,  , 7.29 , 7.29 , 7.29 
2,고영표,23K, 6.14 , 28 , 174.2 , 34.63 , 0.36 , 34.99 , 20.37 , 0.08 , 25.64 , 60.09 , 0.82 , 60.91 , 3.74 , 0.06 , 3.81 , 6.06 , 0.07 , 6.14 , 6.14 , 6.14 
3,후라도,23키, 6.03 , 30 , 183.2 , 33.73 ,  , 33.73 , 21.80 , 0.00 , 27.25 , 60.99 ,  , 60.99 , 3.58 ,  , 3.58 , 6.03 ,  , 6.03 , 6.03 , 6.03 
4,알칸타라,23두, 5.51 , 31 , 192.0 , 28.68 ,  , 28.68 , 23.19 , 0.00 , 28.99 , 57.67 ,  , 57.67 , 2.95 ,  , 2.95 , 5.51 ,  , 5.51 , 5.51 , 5.51 
5,안우진,23키, 5.20 , 24 , 150.2 , 29.69 ,  , 29.69 , 17.71 , 0.00 , 22.13 , 51.82 ,  , 51.82 , 3.19 ,  , 3.19 , 5.20 ,  , 5.20 , 5.20 , 5.20 
6,뷰캐넌,23삼, 5.10 , 30 , 188.0 , 25.55 ,  , 25.55 , 22.85 , 0.00 , 28.57 , 54.12 ,  , 54.12 , 2.59 ,  , 2.59 , 5.10 ,  , 5.10 , 5.10 , 5.10 
7,곽빈,23두, 4.18 , 23 , 127.1 , 23.58 ,  , 23.58 , 15.25 , 0.00 , 19.06 , 42.64 ,  , 42.64 , 2.48 ,  , 2.48 , 4.18 ,  , 4.18 , 4.18 , 4.18 
8,쿠에바스,23K, 4.08 , 18 , 114.1 , 23.57 ,  , 23.57 , 13.35 , 0.00 , 16.69 , 40.26 ,  , 40.26 , 2.56 ,  , 2.56 , 4.08 ,  , 4.08 , 4.08 , 4.08 
9,플럿코,23L, 3.86 , 21 , 123.1 , 21.22 ,  , 21.22 , 14.79 , 0.00 , 18.49 , 39.70 ,  , 39.70 , 2.22 ,  , 2.22 , 3.86 ,  , 3.86 , 3.86 , 3.86 
10,서진용,23S, 3.63 , 69 , 72.2 ,  , 16.04 , 16.04 , 0.00 , 9.30 , 20.05 ,  , 47.72 , 47.72 , 0.00 , 2.66 , 2.66 , 0.00 , 3.63 , 3.63 , 3.63 , 3.63 
11,반즈,23롯, 3.60 , 30 , 170.1 , 14.26 ,  , 14.26 , 21.37 , 0.00 , 26.71 , 40.98 ,  , 40.98 , 1.33 ,  , 1.33 , 3.60 ,  , 3.60 , 3.60 , 3.60 
12,페냐,23한, 3.53 , 32 , 177.1 , 12.83 ,  , 12.83 , 22.38 , 0.00 , 27.98 , 40.81 ,  , 40.81 , 1.17 ,  , 1.17 , 3.53 ,  , 3.53 , 3.53 , 3.53 
13,원태인,23삼, 3.47 , 26 , 150.0 , 15.26 ,  , 15.26 , 18.65 , 0.00 , 23.31 , 38.56 ,  , 38.56 , 1.47 ,  , 1.47 , 3.47 ,  , 3.47 , 3.47 , 3.47 
14,김광현,23S, 3.30 , 30 , 168.1 , 11.74 ,  , 11.74 , 21.26 , 0.00 , 26.58 , 38.32 ,  , 38.32 , 1.06 ,  , 1.06 , 3.30 ,  , 3.30 , 3.30 , 3.30 
15,브랜든,23두, 3.19 , 18 , 104.2 , 17.23 ,  , 17.23 , 12.61 , 0.00 , 15.76 , 32.99 ,  , 32.99 , 1.79 ,  , 1.79 , 3.19 ,  , 3.19 , 3.19 , 3.19 
16,박세웅,23롯, 3.11 , 27 , 154.0 , 11.58 ,  , 11.58 , 19.39 , 0.00 , 24.24 , 35.83 ,  , 35.83 , 1.06 ,  , 1.06 , 3.11 ,  , 3.11 , 3.11 , 3.11 
17,김진성,23L, 2.96 , 80 , 70.1 ,  , 18.98 , 18.98 , 0.00 , 9.00 , 12.73 ,  , 34.22 , 34.22 , 0.00 , 2.03 , 2.03 , 0.00 , 2.96 , 2.96 , 2.96 , 2.96 
18,김재윤,23K, 2.86 , 59 , 65.2 ,  , 13.97 , 13.97 , 0.00 , 8.40 , 15.72 ,  , 36.65 , 36.65 , 0.00 , 1.98 , 1.98 , 0.00 , 2.86 , 2.86 , 2.86 , 2.86 
19,양현종,23K, 2.80 , 29 , 171.0 , 6.69 ,  , 6.69 , 21.88 , 0.00 , 27.35 , 34.04 ,  , 34.04 , 0.52 ,  , 0.52 , 2.80 ,  , 2.80 , 2.80 , 2.80 
20,박영현,23K, 2.75 , 68 , 75.1 ,  , 14.32 , 14.32 , 0.00 , 9.66 , 15.99 ,  , 34.96 , 34.96 , 0.00 , 1.74 , 1.74 , 0.00 , 2.75 , 2.75 , 2.75 , 2.75 
21,엘리아스,23S, 2.64 , 22 , 131.1 , 5.88 , 3.73 , 9.61 , 15.85 , 0.63 , 20.42 , 25.69 , 3.52 , 29.21 , 0.48 , 0.40 , 0.88 , 2.14 , 0.49 , 2.64 , 2.64 , 2.64 
22,함덕주,23L, 2.63 , 57 , 55.2 ,  , 16.22 , 16.22 , 0.00 , 7.09 , 10.76 ,  , 30.44 , 30.44 , 0.00 , 1.89 , 1.89 , 0.00 , 2.63 , 2.63 , 2.63 , 2.63 
23,류진욱,23N, 2.62 , 70 , 67.0 ,  , 16.53 , 16.53 , 0.00 , 8.57 , 11.98 ,  , 30.45 , 30.45 , 0.00 , 1.72 , 1.72 , 0.00 , 2.62 , 2.62 , 2.62 , 2.62 
24,주현상,23한, 2.58 , 55 , 59.2 ,  , 19.17 , 19.17 , 0.00 , 7.56 , 9.25 ,  , 27.99 , 27.99 , 0.00 , 1.79 , 1.79 , 0.00 , 2.58 , 2.58 , 2.58 , 2.58 
25,문동주,23한, 2.51 , 23 , 118.2 , 9.99 ,  , 9.99 , 14.94 , 0.00 , 18.67 , 28.66 ,  , 28.66 , 0.93 ,  , 0.93 , 2.51 ,  , 2.51 , 2.51 , 2.51 
26,엄상백,23K, 2.45 , 20 , 111.2 , 9.59 , 0.69 , 10.28 , 13.81 , 0.16 , 17.42 , 26.85 , 0.70 , 27.55 , 0.90 , 0.05 , 0.96 , 2.37 , 0.07 , 2.45 , 2.45 , 2.45 
27,벤자민,23K, 2.39 , 29 , 160.0 , 4.07 ,  , 4.07 , 20.62 , 0.00 , 25.78 , 29.85 ,  , 29.85 , 0.25 ,  , 0.25 , 2.39 ,  , 2.39 , 2.39 , 2.39 
28,임찬규,23L, 2.37 , 30 , 144.2 , 7.05 , -1.03 , 6.02 , 17.43 , 1.06 , 23.40 , 28.84 , 0.36 , 29.20 , 0.59 , -0.15 , 0.44 , 2.41 , -0.04 , 2.37 , 2.37 , 2.37 
29,노경은,23S, 2.35 , 76 , 83.0 ,  , 10.41 , 10.41 , 0.00 , 10.70 , 18.58 ,  , 33.04 , 33.04 , 0.00 , 1.24 , 1.24 , 0.00 , 2.35 , 2.35 , 2.35 , 2.35 
30,맥카티,23S, 2.31 , 24 , 130.0 , 6.85 ,  , 6.85 , 16.56 , 0.00 , 20.70 , 27.56 ,  , 27.56 , 0.58 ,  , 0.58 , 2.31 ,  , 2.31 , 2.31 , 2.31 
31,백정현,23삼, 2.22 , 18 , 100.2 , 9.23 ,  , 9.23 , 12.59 , 0.00 , 15.74 , 24.97 ,  , 24.97 , 0.88 ,  , 0.88 , 2.22 ,  , 2.22 , 2.22 , 2.22 
32,임기영,23K, 2.19 , 64 , 82.0 ,  , 12.68 , 12.68 , 0.00 , 10.52 , 13.44 ,  , 26.41 , 26.41 , 0.00 , 1.10 , 1.10 , 0.00 , 2.19 , 2.19 , 2.19 , 2.19 
33,최지민,23K, 2.18 , 58 , 59.1 ,  , 13.78 , 13.78 , 0.00 , 7.59 , 10.35 ,  , 25.39 , 25.39 , 0.00 , 1.39 , 1.39 , 0.00 , 2.18 , 2.18 , 2.18 , 2.18 
34,윌커슨,23롯, 2.17 , 13 , 79.2 , 10.90 ,  , 10.90 , 9.70 , 0.00 , 12.12 , 23.02 ,  , 23.02 , 1.11 ,  , 1.11 , 2.17 ,  , 2.17 , 2.17 , 2.17 
35,백승현,23L, 2.07 , 42 , 40.0 ,  , 13.37 , 13.37 , 0.00 , 5.08 , 7.50 ,  , 23.27 , 23.27 , 0.00 , 1.53 , 1.53 , 0.00 , 2.07 , 2.07 , 2.07 , 2.07 
36,최원태,23키L, 2.03 , 26 , 146.2 , 2.26 ,  , 2.26 , 18.98 , 0.00 , 23.73 , 25.98 ,  , 25.98 , 0.08 ,  , 0.08 , 2.03 ,  , 2.03 , 2.03 , 2.03 
37,이태양,23한, 2.01 , 50 , 100.1 , 0.15 , 9.12 , 9.27 , 6.55 , 6.39 , 15.40 , 8.34 , 15.44 , 23.78 , -0.04 , 0.71 , 0.67 , 0.63 , 1.37 , 2.01 , 2.01 , 2.01 
38,전상현,23K, 1.97 , 64 , 58.2 ,  , 10.59 , 10.59 , 0.00 , 7.55 , 11.76 ,  , 24.96 , 24.96 , 0.00 , 1.19 , 1.19 , 0.00 , 1.97 , 1.97 , 1.97 , 1.97 
39,켈리,23L, 1.95 , 30 , 178.2 , -2.40 ,  , -2.40 , 23.43 , 0.00 , 29.28 , 26.89 ,  , 26.89 , -0.43 ,  , -0.43 , 1.95 ,  , 1.95 , 1.95 , 1.95 
40,김원중,23롯, 1.95 , 63 , 63.2 ,  , 8.96 , 8.96 , 0.00 , 8.20 , 14.33 ,  , 26.85 , 26.85 , 0.00 , 1.10 , 1.10 , 0.00 , 1.95 , 1.95 , 1.95 , 1.95 
41,임창민,23키, 1.89 , 51 , 46.2 ,  , 8.66 , 8.66 , 0.00 , 6.00 , 11.81 ,  , 25.44 , 25.44 , 0.00 , 1.27 , 1.27 , 0.00 , 1.89 , 1.89 , 1.89 , 1.89 
42,손동현,23K, 1.83 , 64 , 73.2 ,  , 8.99 , 8.99 , 0.00 , 9.49 , 13.68 ,  , 24.04 , 24.04 , 0.00 , 0.85 , 0.85 , 0.00 , 1.83 , 1.83 , 1.83 , 1.83 
43,김영규,23N, 1.82 , 63 , 61.2 ,  , 10.53 , 10.53 , 0.00 , 7.93 , 10.79 ,  , 22.25 , 22.25 , 0.00 , 1.00 , 1.00 , 0.00 , 1.82 , 1.82 , 1.82 , 1.82 
44,오승환,23삼, 1.81 , 58 , 62.2 , -0.42 , 7.78 , 7.36 , 0.67 , 7.43 , 14.66 , 0.42 , 25.39 , 25.80 , -0.05 , 1.02 , 0.97 , 0.02 , 1.79 , 1.81 , 1.81 , 1.81 
45,산체스,23한, 1.79 , 24 , 126.0 , 2.38 ,  , 2.38 , 16.29 , 0.00 , 20.37 , 22.74 ,  , 22.74 , 0.11 ,  , 0.11 , 1.79 ,  , 1.79 , 1.79 , 1.79 
46,정해영,23K, 1.76 , 52 , 49.1 ,  , 8.03 , 8.03 , 0.00 , 6.35 , 11.90 ,  , 23.94 , 23.94 , 0.00 , 1.10 , 1.10 , 0.00 , 1.76 , 1.76 , 1.76 , 1.76 
47,나균안,23롯, 1.75 , 23 , 130.1 , 1.47 ,  , 1.47 , 16.90 , 0.00 , 21.12 , 22.59 ,  , 22.59 , 0.02 ,  , 0.02 , 1.75 ,  , 1.75 , 1.75 , 1.75 
48,이의리,23K, 1.74 , 28 , 131.2 , 1.23 ,  , 1.23 , 17.10 , 0.00 , 21.37 , 22.60 ,  , 22.60 , -0.01 ,  , -0.01 , 1.74 ,  , 1.74 , 1.74 , 1.74 
49,김명신,23두, 1.59 , 70 , 79.0 ,  , 6.83 , 6.83 , 0.00 , 10.22 , 13.97 ,  , 21.44 , 21.44 , 0.00 , 0.53 , 0.53 , 0.00 , 1.59 , 1.59 , 1.59 , 1.59 
50,최준용,23롯, 1.56 , 47 , 47.2 ,  , 9.29 , 9.29 , 0.00 , 6.12 , 8.46 ,  , 18.74 , 18.74 , 0.00 , 0.92 , 0.92 , 0.00 , 1.56 , 1.56 , 1.56 , 1.56 
51,최승용,23두, 1.56 , 34 , 111.0 , 0.00 , 2.56 , 2.56 , 12.12 , 2.31 , 17.63 , 15.15 , 4.68 , 19.83 , -0.10 , 0.17 , 0.08 , 1.14 , 0.41 , 1.56 , 1.56 , 1.56 
52,구창모,23N, 1.55 , 11 , 51.2 , 6.29 , 2.61 , 8.90 , 5.79 , 0.55 , 7.81 , 13.52 , 2.76 , 16.28 , 0.63 , 0.23 , 0.86 , 1.26 , 0.30 , 1.55 , 1.55 , 1.55 
53,유영찬,23L, 1.55 , 67 , 68.0 ,  , 7.51 , 7.51 , 0.00 , 8.78 , 12.00 ,  , 20.21 , 20.21 , 0.00 , 0.64 , 0.64 , 0.00 , 1.55 , 1.55 , 1.55 , 1.55 
54,윤영철,23K, 1.48 , 25 , 122.2 , -1.22 , 0.84 , -0.38 , 15.83 , 0.20 , 20.08 , 18.57 , 1.24 , 19.80 , -0.25 , 0.10 , -0.15 , 1.36 , 0.12 , 1.48 , 1.48 , 1.48 
55,태너,23N, 1.47 , 11 , 64.2 , 6.36 ,  , 6.36 , 8.04 , 0.00 , 10.06 , 16.41 ,  , 16.41 , 0.61 ,  , 0.61 , 1.47 ,  , 1.47 , 1.47 , 1.47 
56,수아레즈,23삼, 1.46 , 19 , 108.0 , 1.32 ,  , 1.32 , 14.00 , 0.00 , 17.50 , 18.82 ,  , 18.82 , 0.02 ,  , 0.02 , 1.46 ,  , 1.46 , 1.46 , 1.46 
57,김동주,23두, 1.29 , 18 , 78.1 , 2.46 , 1.10 , 3.56 , 9.84 , 0.24 , 12.47 , 14.75 , 0.83 , 15.59 , 0.17 , 0.07 , 0.24 , 1.19 , 0.09 , 1.29 , 1.29 , 1.29 
58,신민혁,23N, 1.22 , 29 , 122.0 , -2.72 , 0.16 , -2.55 , 14.72 , 1.30 , 19.30 , 15.69 , 0.99 , 16.68 , -0.39 , -0.02 , -0.41 , 1.10 , 0.11 , 1.22 , 1.22 , 1.22 
59,김상수,23롯, 1.21 , 66 , 52.0 ,  , 5.61 , 5.61 , 0.00 , 6.73 , 9.75 ,  , 16.26 , 16.26 , 0.00 , 0.51 , 0.51 , 0.00 , 1.21 , 1.21 , 1.21 , 1.21 
60,이용찬,23N, 1.18 , 60 , 61.0 ,  , 3.76 , 3.76 , 0.00 , 7.91 , 14.06 ,  , 19.40 , 19.40 , 0.00 , 0.37 , 0.37 , 0.00 , 1.18 , 1.18 , 1.18 , 1.18 
61,홍건희,23두, 1.18 , 64 , 61.2 ,  , 4.02 , 4.02 , 0.00 , 8.00 , 13.04 ,  , 18.28 , 18.28 , 0.00 , 0.35 , 0.35 , 0.00 , 1.18 , 1.18 , 1.18 , 1.18 
62,박치국,23두, 1.16 , 62 , 52.2 ,  , 5.18 , 5.18 , 0.00 , 6.82 , 9.84 ,  , 15.82 , 15.82 , 0.00 , 0.46 , 0.46 , 0.00 , 1.16 , 1.16 , 1.16 , 1.16 
63,정철원,23두, 1.13 , 67 , 72.2 ,  , 2.72 , 2.72 , 0.00 , 9.44 , 16.21 ,  , 19.95 , 19.95 , 0.00 , 0.16 , 0.16 , 0.00 , 1.13 , 1.13 , 1.13 , 1.13 
64,김성진,23키, 1.11 , 55 , 47.0 ,  , 6.45 , 6.45 , 0.00 , 6.07 , 7.12 ,  , 13.16 , 13.16 , 0.00 , 0.48 , 0.48 , 0.00 , 1.11 , 1.11 , 1.11 , 1.11 
65,윤대경,23한, 1.11 , 47 , 47.2 ,  , 7.25 , 7.25 , 0.00 , 6.14 , 6.31 ,  , 12.27 , 12.27 , 0.00 , 0.47 , 0.47 , 0.00 , 1.11 , 1.11 , 1.11 , 1.11 
66,배제성,23K, 1.03 , 26 , 130.1 , -4.48 , -1.82 , -6.29 , 16.44 , 0.84 , 21.23 , 16.07 , -0.50 , 15.57 , -0.58 , -0.13 , -0.71 , 1.08 , -0.05 , 1.03 , 1.03 , 1.03 
67,이승현,23삼, 1.03 , 60 , 60.0 ,  , 3.80 , 3.80 , 0.00 , 7.78 , 10.16 ,  , 14.13 , 14.13 , 0.00 , 0.23 , 0.23 , 0.00 , 1.03 , 1.03 , 1.03 , 1.03 
68,한승주,23한, 1.02 , 47 , 70.2 , -4.35 , 7.91 , 3.56 , 2.84 , 6.42 , 10.11 , -0.79 , 13.02 , 12.22 , -0.44 , 0.52 , 0.08 , -0.17 , 1.19 , 1.02 , 1.02 , 1.02 
69,김윤식,23L, 1.00 , 17 , 74.2 , -0.88 , 1.35 , 0.47 , 9.42 , 0.31 , 12.23 , 10.90 , 2.03 , 12.93 , -0.16 , 0.17 , 0.01 , 0.80 , 0.21 , 1.00 , 1.00 , 1.00 
70,김재웅,23키, 1.00 , 67 , 59.2 ,  , 2.81 , 2.81 , 0.00 , 7.75 , 12.80 ,  , 16.51 , 16.51 , 0.00 , 0.20 , 0.20 , 0.00 , 1.00 , 1.00 , 1.00 , 1.00 
71,장시환,23한, 1.00 , 39 , 34.2 ,  , 5.47 , 5.47 , 0.00 , 4.47 , 6.31 ,  , 12.50 , 12.50 , 0.00 , 0.53 , 0.53 , 0.00 , 1.00 , 1.00 , 1.00 , 1.00 
72,고우석,23L, 0.98 , 44 , 44.0 ,  , 3.28 , 3.28 , 0.00 , 5.70 , 11.18 ,  , 16.33 , 16.33 , 0.00 , 0.40 , 0.40 , 0.00 , 0.98 , 0.98 , 0.98 , 0.98 
73,이준영,23K, 0.97 , 64 , 33.2 ,  , 5.58 , 5.58 , 0.00 , 4.36 , 5.89 ,  , 11.91 , 11.91 , 0.00 , 0.52 , 0.52 , 0.00 , 0.97 , 0.97 , 0.97 , 0.97 
74,최민준,23S, 0.96 , 53 , 60.0 ,  , 2.95 , 2.95 , 0.00 , 7.78 , 10.92 ,  , 14.23 , 14.23 , 0.00 , 0.16 , 0.16 , 0.00 , 0.96 , 0.96 , 0.96 , 0.96 
75,이건욱,23S, 0.93 , 27 , 38.2 , -0.91 , 8.80 , 7.89 , 0.56 , 4.40 , 4.32 , -0.21 , 9.43 , 9.22 , -0.09 , 0.50 , 0.41 , -0.04 , 0.97 , 0.93 , 0.93 , 0.93 
76,구승민,23롯, 0.86 , 67 , 63.2 ,  , 1.46 , 1.46 , 0.00 , 8.28 , 14.22 ,  , 16.22 , 16.22 , 0.00 , 0.01 , 0.01 , 0.00 , 0.86 , 0.86 , 0.86 , 0.86 
77,파노니,23K, 0.84 , 16 , 82.1 , -2.49 , 1.01 , -1.48 , 10.60 , 0.24 , 13.48 , 10.76 , 0.96 , 11.72 , -0.33 , 0.08 , -0.26 , 0.74 , 0.10 , 0.84 , 0.84 , 0.84 
78,이정용,23L, 0.81 , 37 , 86.2 , -0.09 , -1.60 , -1.69 , 7.91 , 3.41 , 14.94 , 9.80 , 3.15 , 12.95 , -0.07 , -0.27 , -0.34 , 0.74 , 0.08 , 0.81 , 0.81 , 0.81 
79,스트레일리,23롯, 0.81 , 16 , 80.1 , -1.78 ,  , -1.78 , 10.56 , 0.00 , 13.20 , 11.42 ,  , 11.42 , -0.26 ,  , -0.26 , 0.81 ,  , 0.81 , 0.81 , 0.81 
80,심재민,23K롯, 0.80 , 33 , 47.2 , 2.89 , -0.56 , 2.33 , 3.34 , 2.74 , 7.08 , 7.07 , 2.43 , 9.50 , 0.28 , -0.11 , 0.17 , 0.63 , 0.17 , 0.80 , 0.80 , 0.80 
81,이우찬,23L, 0.80 , 38 , 38.1 ,  , 4.96 , 4.96 , 0.00 , 4.94 , 4.90 ,  , 8.83 , 8.83 , 0.00 , 0.29 , 0.29 , 0.00 , 0.80 , 0.80 , 0.80 , 0.80 
82,김범수,23한, 0.77 , 76 , 62.1 ,  , 0.88 , 0.88 , 0.00 , 8.12 , 13.73 ,  , 14.92 , 14.92 , 0.00 , -0.06 , -0.06 , 0.00 , 0.77 , 0.77 , 0.77 , 0.77 
83,이재익,23삼, 0.77 , 51 , 41.0 ,  , 3.46 , 3.46 , 0.00 , 5.31 , 6.40 ,  , 9.73 , 9.73 , 0.00 , 0.22 , 0.22 , 0.00 , 0.77 , 0.77 , 0.77 , 0.77 
84,주권,23K, 0.75 , 42 , 47.0 , -4.49 , 7.83 , 3.35 , 0.92 , 5.22 , 6.45 , -3.34 , 11.66 , 8.33 , -0.42 , 0.54 , 0.12 , -0.33 , 1.08 , 0.75 , 0.75 , 0.75 
85,최동환,23L, 0.74 , 45 , 42.1 ,  , 3.46 , 3.46 , 0.00 , 5.48 , 5.74 ,  , 8.64 , 8.64 , 0.00 , 0.17 , 0.17 , 0.00 , 0.74 , 0.74 , 0.74 , 0.74 
86,이상동,23K, 0.72 , 36 , 40.2 ,  , 3.43 , 3.43 , 0.00 , 5.26 , 5.61 ,  , 8.53 , 8.53 , 0.00 , 0.18 , 0.18 , 0.00 , 0.72 , 0.72 , 0.72 , 0.72 
87,최성영,23N, 0.68 , 18 , 66.2 , -3.94 , 2.54 , -1.40 , 7.07 , 1.71 , 11.03 , 4.90 , 4.80 , 9.70 , -0.45 , 0.24 , -0.21 , 0.26 , 0.42 , 0.68 , 0.68 , 0.68 
88,이재학,23N, 0.67 , 15 , 67.1 , -3.25 , 1.59 , -1.66 , 8.55 , 0.37 , 11.15 , 7.43 , 2.08 , 9.52 , -0.39 , 0.17 , -0.22 , 0.47 , 0.21 , 0.67 , 0.67 , 0.67 
89,정찬헌,23키, 0.67 , 14 , 72.0 , -2.12 ,  , -2.12 , 9.49 , 0.00 , 11.87 , 9.75 ,  , 9.75 , -0.29 ,  , -0.29 , 0.67 ,  , 0.67 , 0.67 , 0.67 
90,최원준,23두, 0.64 , 26 , 107.2 , -9.92 , 3.42 , -6.50 , 13.17 , 1.29 , 17.84 , 6.54 , 4.30 , 10.84 , -1.08 , 0.28 , -0.79 , 0.22 , 0.42 , 0.64 , 0.64 , 0.64 
91,앤더슨,23K, 0.63 , 14 , 79.0 , -3.39 ,  , -3.39 , 10.49 , 0.00 , 13.11 , 9.72 ,  , 9.72 , -0.42 ,  , -0.42 , 0.63 ,  , 0.63 , 0.63 , 0.63 
92,김진호,23N, 0.60 , 19 , 16.1 ,  , 3.45 , 3.45 , 0.00 , 2.10 , 3.14 ,  , 7.26 , 7.26 , 0.00 , 0.38 , 0.38 , 0.00 , 0.60 , 0.60 , 0.60 , 0.60 
93,하준영,23N, 0.59 , 57 , 49.0 ,  , 0.94 , 0.94 , 0.00 , 6.38 , 6.78 ,  , 7.58 , 7.58 , 0.00 , -0.07 , -0.07 , 0.00 , 0.59 , 0.59 , 0.59 , 0.59 
94,김규연,23한, 0.54 , 23 , 19.2 ,  , 3.88 , 3.88 , 0.00 , 2.53 , 2.67 ,  , 5.94 , 5.94 , 0.00 , 0.28 , 0.28 , 0.00 , 0.54 , 0.54 , 0.54 , 0.54 
95,이호성,23삼, 0.53 , 5 , 17.0 , 1.96 , 1.63 , 3.58 , 1.20 , 0.87 , 2.26 , 3.46 , 1.88 , 5.34 , 0.21 , 0.10 , 0.30 , 0.34 , 0.19 , 0.53 , 0.53 , 0.53 
96,장현식,23K, 0.52 , 56 , 51.0 ,  , -0.08 , -0.08 , 0.00 , 6.65 , 7.76 ,  , 7.68 , 7.68 , 0.00 , -0.16 , -0.16 , 0.00 , 0.52 , 0.52 , 0.52 , 0.52 
97,김대우,23삼, 0.50 , 44 , 64.0 , -1.85 , -0.25 , -2.10 , 2.81 , 5.61 , 9.87 , 1.67 , 6.12 , 7.79 , -0.21 , -0.15 , -0.36 , 0.07 , 0.42 , 0.50 , 0.50 , 0.50 
98,요키시,23키, 0.47 , 12 , 65.2 , -3.42 ,  , -3.42 , 8.75 , 0.00 , 10.93 , 7.51 ,  , 7.51 , -0.41 ,  , -0.41 , 0.47 ,  , 0.47 , 0.47 , 0.47 
99,조민석,23N, 0.44 , 35 , 31.0 ,  , 1.41 , 1.41 , 0.00 , 4.03 , 4.06 ,  , 5.19 , 5.19 , 0.00 , 0.02 , 0.02 , 0.00 , 0.44 , 0.44 , 0.44 , 0.44 
100,고효준,23S, 0.43 , 73 , 58.0 ,  , -1.51 , -1.51 , 0.00 , 7.57 , 10.26 ,  , 8.62 , 8.62 , 0.00 , -0.34 , -0.34 , 0.00 , 0.43 , 0.43 , 0.43 , 0.43 
101,신정락,23롯, 0.43 , 34 , 29.0 ,  , 1.29 , 1.29 , 0.00 , 3.77 , 4.71 ,  , 5.99 , 5.99 , 0.00 , 0.04 , 0.04 , 0.00 , 0.43 , 0.43 , 0.43 , 0.43 
102,윤중현,23K, 0.42 , 31 , 28.0 ,  , 1.49 , 1.49 , 0.00 , 3.64 , 3.95 ,  , 5.24 , 5.24 , 0.00 , 0.05 , 0.05 , 0.00 , 0.42 , 0.42 , 0.42 , 0.42 
103,조영건,23키, 0.40 , 6 , 7.2 ,  , 4.16 , 4.16 , 0.00 , 0.94 , 0.85 ,  , 3.82 , 3.82 , 0.00 , 0.30 , 0.30 , 0.00 , 0.40 , 0.40 , 0.40 , 0.40 
104,박상원,23한, 0.37 , 55 , 61.2 ,  , -1.77 , -1.77 , 0.00 , 8.06 , 15.05 ,  , 12.40 , 12.40 , 0.00 , -0.45 , -0.45 , 0.00 , 0.37 , 0.37 , 0.37 , 0.37 
105,우규민,23삼, 0.34 , 56 , 43.0 ,  , -0.96 , -0.96 , 0.00 , 5.61 , 7.62 ,  , 6.58 , 6.58 , 0.00 , -0.23 , -0.23 , 0.00 , 0.34 , 0.34 , 0.34 , 0.34 
106,김도규,23롯, 0.32 , 36 , 29.2 ,  , 0.10 , 0.10 , 0.00 , 3.87 , 4.65 ,  , 4.75 , 4.75 , 0.00 , -0.08 , -0.08 , 0.00 , 0.32 , 0.32 , 0.32 , 0.32 
107,송명기,23N, 0.30 , 35 , 104.1 , -8.68 , -1.19 , -9.87 , 11.15 , 2.88 , 16.71 , 5.26 , 1.85 , 7.11 , -0.94 , -0.16 , -1.10 , 0.16 , 0.13 , 0.30 , 0.30 , 0.30 
108,박민호,23S, 0.29 , 10 , 10.0 ,  , 2.43 , 2.43 , 0.00 , 1.28 , 1.15 ,  , 2.90 , 2.90 , 0.00 , 0.15 , 0.15 , 0.00 , 0.29 , 0.29 , 0.29 , 0.29 
109,김기중,23한, 0.28 , 37 , 56.1 , 0.39 , -4.77 , -4.39 , 3.50 , 3.87 , 8.37 , 4.76 , 0.05 , 4.81 , 0.01 , -0.49 , -0.47 , 0.37 , -0.09 , 0.28 , 0.28 , 0.28 
110,이민우,23한, 0.26 , 17 , 13.2 ,  , 1.17 , 1.17 , 0.00 , 1.77 , 2.18 ,  , 3.33 , 3.33 , 0.00 , 0.08 , 0.08 , 0.00 , 0.26 , 0.26 , 0.26 , 0.26 
111,문승원,23S, 0.24 , 50 , 105.0 , -13.32 , 2.36 , -10.96 , 8.95 , 5.40 , 19.05 , -2.13 , 10.60 , 8.48 , -1.32 , 0.16 , -1.16 , -0.47 , 0.71 , 0.24 , 0.24 , 0.24 
112,석상호,23롯, 0.24 , 5 , 5.1 ,  , 3.01 , 3.01 , 0.00 , 0.66 , 0.47 ,  , 2.20 , 2.20 , 0.00 , 0.17 , 0.17 , 0.00 , 0.24 , 0.24 , 0.24 , 0.24 
113,강건,23K, 0.24 , 4 , 6.2 ,  , 2.19 , 2.19 , 0.00 , 0.83 , 0.75 ,  , 2.35 , 2.35 , 0.00 , 0.15 , 0.15 , 0.00 , 0.24 , 0.24 , 0.24 , 0.24 
114,정우람,23한, 0.24 , 52 , 40.1 ,  , -1.81 , -1.81 , 0.00 , 5.27 , 6.38 ,  , 4.63 , 4.63 , 0.00 , -0.30 , -0.30 , 0.00 , 0.24 , 0.24 , 0.24 , 0.24 
115,이용준,23N, 0.23 , 24 , 67.0 , -4.73 , -1.13 , -5.86 , 6.67 , 2.28 , 10.55 , 3.61 , 1.33 , 4.94 , -0.52 , -0.14 , -0.66 , 0.14 , 0.09 , 0.23 , 0.23 , 0.23 
116,김강률,23두, 0.23 , 32 , 25.2 ,  , -0.35 , -0.35 , 0.00 , 3.35 , 4.15 ,  , 3.80 , 3.80 , 0.00 , -0.11 , -0.11 , 0.00 , 0.23 , 0.23 , 0.23 , 0.23 
117,박정수,23두, 0.23 , 25 , 36.2 ,  , -2.27 , -2.27 , 0.00 , 4.81 , 3.95 ,  , 2.46 , 2.46 , 0.00 , -0.26 , -0.26 , 0.00 , 0.23 , 0.23 , 0.23 , 0.23 
118,이상규,23L, 0.23 , 8 , 7.2 ,  , 2.13 , 2.13 , 0.00 , 0.98 , 0.82 ,  , 2.25 , 2.25 , 0.00 , 0.13 , 0.13 , 0.00 , 0.23 , 0.23 , 0.23 , 0.23 
119,문용익,23삼, 0.23 , 14 , 13.0 ,  , 1.34 , 1.34 , 0.00 , 1.68 , 1.41 ,  , 2.31 , 2.31 , 0.00 , 0.05 , 0.05 , 0.00 , 0.23 , 0.23 , 0.23 , 0.23 
120,백승우,23두, 0.21 , 6 , 4.0 ,  , 2.04 , 2.04 , 0.00 , 0.51 , 0.49 ,  , 2.06 , 2.06 , 0.00 , 0.15 , 0.15 , 0.00 , 0.21 , 0.21 , 0.21 , 0.21 
121,박준표,23K, 0.18 , 33 , 28.0 ,  , -1.39 , -1.39 , 0.00 , 3.66 , 3.68 ,  , 2.57 , 2.57 , 0.00 , -0.20 , -0.20 , 0.00 , 0.18 , 0.18 , 0.18 , 0.18 
122,윤정현,23키, 0.16 , 5 , 6.0 ,  , 1.63 , 1.63 , 0.00 , 0.76 , 0.56 ,  , 1.51 , 1.51 , 0.00 , 0.08 , 0.08 , 0.00 , 0.16 , 0.16 , 0.16 , 0.16 
123,이명종,23키, 0.16 , 45 , 57.0 , -2.22 , -2.40 , -4.61 , 1.08 , 6.46 , 9.18 , -0.86 , 5.51 , 4.64 , -0.22 , -0.38 , -0.60 , -0.11 , 0.27 , 0.16 , 0.16 , 0.16 
124,이진하,23롯, 0.16 , 9 , 8.0 ,  , 1.25 , 1.25 , 0.00 , 1.03 , 0.76 ,  , 1.50 , 1.50 , 0.00 , 0.05 , 0.05 , 0.00 , 0.16 , 0.16 , 0.16 , 0.16 
125,김승현,23K, 0.16 , 10 , 12.2 ,  , 0.44 , 0.44 , 0.00 , 1.64 , 1.14 ,  , 1.38 , 1.38 , 0.00 , -0.01 , -0.01 , 0.00 , 0.16 , 0.16 , 0.16 , 0.16 
126,이병헌,23두, 0.16 , 36 , 27.0 ,  , -1.45 , -1.45 , 0.00 , 3.53 , 3.68 ,  , 2.47 , 2.47 , 0.00 , -0.20 , -0.20 , 0.00 , 0.16 , 0.16 , 0.16 , 0.16 
127,전용주,23K, 0.15 , 15 , 10.1 ,  , 0.55 , 0.55 , 0.00 , 1.34 , 1.20 ,  , 1.59 , 1.59 , 0.00 , 0.01 , 0.01 , 0.00 , 0.15 , 0.15 , 0.15 , 0.15 
128,백승건,23S, 0.14 , 25 , 38.0 , -1.38 , -1.32 , -2.70 , 0.91 , 4.10 , 6.21 , -0.24 , 3.76 , 3.52 , -0.14 , -0.23 , -0.37 , -0.05 , 0.19 , 0.14 , 0.14 , 0.14 
129,이재희,23삼, 0.14 , 2 , 8.0 , -1.24 , 1.79 , 0.55 , 0.57 , 0.45 , 1.14 , -0.53 , 1.80 , 1.27 , -0.12 , 0.15 , 0.03 , -0.07 , 0.20 , 0.14 , 0.14 , 0.14 
130,전사민,23N, 0.14 , 9 , 17.0 ,  , -0.37 , -0.37 , 0.00 , 2.22 , 2.95 ,  , 2.55 , 2.55 , 0.00 , -0.09 , -0.09 , 0.00 , 0.14 , 0.14 , 0.14 , 0.14 
131,문성현,23키, 0.13 , 32 , 28.1 ,  , -1.29 , -1.29 , 0.00 , 3.70 , 5.60 ,  , 4.04 , 4.04 , 0.00 , -0.24 , -0.24 , 0.00 , 0.13 , 0.13 , 0.13 , 0.13 
132,김태현,23N, 0.13 , 16 , 20.1 ,  , -1.36 , -1.36 , 0.00 , 2.67 , 1.87 ,  , 1.11 , 1.11 , 0.00 , -0.14 , -0.14 , 0.00 , 0.13 , 0.13 , 0.13 , 0.13 
133,진해수,23L, 0.13 , 19 , 14.2 ,  , -0.22 , -0.22 , 0.00 , 1.91 , 2.07 ,  , 1.88 , 1.88 , 0.00 , -0.06 , -0.06 , 0.00 , 0.13 , 0.13 , 0.13 , 0.13 
134,이선우,23K, 0.13 , 22 , 37.1 , -8.49 , 7.34 , -1.15 , 2.27 , 2.82 , 4.95 , -5.66 , 6.51 , 0.86 , -0.76 , 0.40 , -0.37 , -0.56 , 0.69 , 0.13 , 0.13 , 0.13 
135,김창훈,23롯, 0.12 , 3 , 4.1 ,  , 1.22 , 1.22 , 0.00 , 0.55 , 0.41 ,  , 1.16 , 1.16 , 0.00 , 0.07 , 0.07 , 0.00 , 0.12 , 0.12 , 0.12 , 0.12 
136,이승현,23삼, 0.12 , 48 , 43.1 ,  , -2.51 , -2.51 , 0.00 , 5.67 , 9.03 ,  , 5.83 , 5.83 , 0.00 , -0.46 , -0.46 , 0.00 , 0.12 , 0.12 , 0.12 , 0.12 
137,한재승,23N, 0.10 , 11 , 9.2 ,  , 0.07 , 0.07 , 0.00 , 1.26 , 1.07 ,  , 1.11 , 1.11 , 0.00 , -0.02 , -0.02 , 0.00 , 0.10 , 0.10 , 0.10 , 0.10 
138,최지광,23삼, 0.10 , 22 , 17.1 ,  , -0.89 , -0.89 , 0.00 , 2.27 , 2.44 ,  , 1.67 , 1.67 , 0.00 , -0.13 , -0.13 , 0.00 , 0.10 , 0.10 , 0.10 , 0.10 
139,송은범,23L, 0.10 , 4 , 3.2 ,  , 0.86 , 0.86 , 0.00 , 0.47 , 0.41 ,  , 1.01 , 1.01 , 0.00 , 0.05 , 0.05 , 0.00 , 0.10 , 0.10 , 0.10 , 0.10 
140,이상영,23L, 0.10 , 6 , 11.0 , -2.47 , 2.91 , 0.44 , 0.76 , 0.70 , 1.52 , -1.52 , 2.47 , 0.95 , -0.24 , 0.19 , -0.05 , -0.16 , 0.26 , 0.10 , 0.10 , 0.10 
141,김유신,23K, 0.10 , 27 , 30.1 ,  , -2.82 , -2.82 , 0.00 , 3.98 , 3.78 ,  , 1.64 , 1.64 , 0.00 , -0.31 , -0.31 , 0.00 , 0.10 , 0.10 , 0.10 , 0.10 
142,김대유,23K, 0.10 , 41 , 24.2 ,  , -1.74 , -1.74 , 0.00 , 3.22 , 3.62 ,  , 2.06 , 2.06 , 0.00 , -0.23 , -0.23 , 0.00 , 0.10 , 0.10 , 0.10 , 0.10 
143,박승주,23키, 0.09 , 18 , 18.0 ,  , -1.07 , -1.07 , 0.00 , 2.36 , 2.50 ,  , 1.60 , 1.60 , 0.00 , -0.15 , -0.15 , 0.00 , 0.09 , 0.09 , 0.09 , 0.09 
144,이민석,23롯, 0.09 , 1 , 1.1 ,  , 0.62 , 0.62 , 0.00 , 0.17 , 0.25 ,  , 0.99 , 0.99 , 0.00 , 0.08 , 0.08 , 0.00 , 0.09 , 0.09 , 0.09 , 0.09 
145,최지강,23두, 0.09 , 25 , 22.0 ,  , -1.60 , -1.60 , 0.00 , 2.88 , 3.02 ,  , 1.68 , 1.68 , 0.00 , -0.20 , -0.20 , 0.00 , 0.09 , 0.09 , 0.09 , 0.09 
146,윤호솔,23L, 0.08 , 4 , 3.2 ,  , 0.78 , 0.78 , 0.00 , 0.47 , 0.34 ,  , 0.79 , 0.79 , 0.00 , 0.04 , 0.04 , 0.00 , 0.08 , 0.08 , 0.08 , 0.08 
147,박신지,23두, 0.08 , 15 , 26.0 , -1.01 , -1.34 , -2.34 , 0.28 , 3.15 , 3.11 , -0.66 , 1.82 , 1.17 , -0.10 , -0.17 , -0.26 , -0.07 , 0.15 , 0.08 , 0.08 , 0.08 
148,홍원표,23삼, 0.08 , 3 , 3.2 ,  , 0.77 , 0.77 , 0.00 , 0.47 , 0.32 ,  , 0.74 , 0.74 , 0.00 , 0.03 , 0.03 , 0.00 , 0.08 , 0.08 , 0.08 , 0.08 
149,김정운,23K, 0.08 , 5 , 7.0 ,  , 0.06 , 0.06 , 0.00 , 0.91 , 0.60 ,  , 0.63 , 0.63 , 0.00 , -0.02 , -0.02 , 0.00 , 0.08 , 0.08 , 0.08 , 0.08 
150,이승호,23키, 0.08 , 4 , 5.0 , -1.67 , 1.24 , -0.43 , 0.39 , 0.29 , 0.97 , -1.18 , 2.09 , 0.90 , -0.15 , 0.16 , 0.01 , -0.12 , 0.19 , 0.08 , 0.08 , 0.08 
151,임정호,23N, 0.08 , 65 , 50.0 ,  , -4.01 , -4.01 , 0.00 , 6.55 , 8.87 ,  , 4.52 , 4.52 , 0.00 , -0.59 , -0.59 , 0.00 , 0.08 , 0.08 , 0.08 , 0.08 
152,김강현,23롯, 0.05 , 2 , 3.0 ,  , 0.34 , 0.34 , 0.00 , 0.39 , 0.28 ,  , 0.48 , 0.48 , 0.00 , 0.01 , 0.01 , 0.00 , 0.05 , 0.05 , 0.05 , 0.05 
153,서동민,23S, 0.05 , 2 , 1.0 ,  , 0.64 , 0.64 , 0.00 , 0.13 , 0.09 ,  , 0.48 , 0.48 , 0.00 , 0.04 , 0.04 , 0.00 , 0.05 , 0.05 , 0.05 , 0.05 
154,김시훈,23N, 0.05 , 61 , 52.2 ,  , -4.36 , -4.36 , 0.00 , 6.90 , 9.71 ,  , 4.81 , 4.81 , 0.00 , -0.66 , -0.66 , 0.00 , 0.05 , 0.05 , 0.05 , 0.05 
155,박영완,23롯, 0.05 , 1 , 1.0 ,  , 0.54 , 0.54 , 0.00 , 0.12 , 0.10 ,  , 0.43 , 0.43 , 0.00 , 0.03 , 0.03 , 0.00 , 0.05 , 0.05 , 0.05 , 0.05 
156,하준수,23N, 0.04 , 1 , 1.0 ,  , 0.64 , 0.64 , 0.00 , 0.12 , 0.08 ,  , 0.40 , 0.40 , 0.00 , 0.03 , 0.03 , 0.00 , 0.04 , 0.04 , 0.04 , 0.04 
157,하준호,23K, 0.04 , 12 , 13.0 ,  , -1.30 , -1.30 , 0.00 , 1.71 , 1.55 ,  , 0.61 , 0.61 , 0.00 , -0.13 , -0.13 , 0.00 , 0.04 , 0.04 , 0.04 , 0.04 
158,송승기,23L, 0.04 , 1 , 1.0 ,  , 0.54 , 0.54 , 0.00 , 0.12 , 0.08 ,  , 0.35 , 0.35 , 0.00 , 0.03 , 0.03 , 0.00 , 0.04 , 0.04 , 0.04 , 0.04 
159,김태욱,23롯, 0.04 , 1 , 1.0 ,  , 0.52 , 0.52 , 0.00 , 0.12 , 0.08 ,  , 0.34 , 0.34 , 0.00 , 0.02 , 0.02 , 0.00 , 0.04 , 0.04 , 0.04 , 0.04 
160,유승철,23K, 0.03 , 1 , 1.0 ,  , 0.43 , 0.43 , 0.00 , 0.13 , 0.08 ,  , 0.30 , 0.30 , 0.00 , 0.02 , 0.02 , 0.00 , 0.03 , 0.03 , 0.03 , 0.03 
161,류원석,23한, 0.03 , 1 , 2.0 ,  , 0.09 , 0.09 , 0.00 , 0.26 , 0.16 ,  , 0.21 , 0.21 , 0.00 , -0.00 , -0.00 , 0.00 , 0.03 , 0.03 , 0.03 , 0.03 
162,심창민,23N, 0.02 , 5 , 3.1 ,  , -0.15 , -0.15 , 0.00 , 0.44 , 0.45 ,  , 0.33 , 0.33 , 0.00 , -0.02 , -0.02 , 0.00 , 0.02 , 0.02 , 0.02 , 0.02 
163,이우석,23N, 0.02 , 1 , 0.2 ,  , 0.28 , 0.28 , 0.00 , 0.08 , 0.05 ,  , 0.19 , 0.19 , 0.00 , 0.01 , 0.01 , 0.00 , 0.02 , 0.02 , 0.02 , 0.02 
164,조현우,23K, 0.02 , 5 , 3.0 ,  , -0.19 , -0.19 , 0.00 , 0.39 , 0.27 ,  , 0.16 , 0.16 , 0.00 , -0.02 , -0.02 , 0.00 , 0.02 , 0.02 , 0.02 , 0.02 
165,박세진,23K, 0.02 , 16 , 11.2 ,  , -1.40 , -1.40 , 0.00 , 1.53 , 1.38 ,  , 0.37 , 0.37 , 0.00 , -0.14 , -0.14 , 0.00 , 0.02 , 0.02 , 0.02 , 0.02 
166,오석주,23L, 0.01 , 9 , 10.0 ,  , -1.69 , -1.69 , 0.00 , 1.32 , 0.95 ,  , -0.02 , -0.02 , 0.00 , -0.13 , -0.13 , 0.00 , 0.01 , 0.01 , 0.01 , 0.01 
167,김민규,23두, 0.00 , 6 , 8.1 , -0.77 , -0.24 , -1.01 , 0.37 , 0.74 , 1.06 , -0.31 , 0.44 , 0.13 , -0.08 , -0.03 , -0.11 , -0.04 , 0.04 , 0.00 , 0.00 , 0.00 
168,손주영,23L, 0.00 , 3 , 8.2 , 0.36 , -2.99 , -2.63 , 0.86 , 0.32 , 1.29 , 1.43 , -1.46 , -0.02 , 0.03 , -0.15 , -0.11 , 0.12 , -0.12 , 0.00 , 0.00 , 0.00 
169,김주한,23S, 0.00 , 1 , 0.0 ,  ,  , 0.00 , 0.00 , 0.00 , 0.00 ,  ,  , 0.00 , 0.00 ,  , 0.00 , 0.00 ,  , 0.00 , 0.00 , 0.00 
170,고봉재,23두, -0.01 , 10 , 11.1 ,  , -2.07 , -2.07 , 0.00 , 1.50 , 1.10 ,  , -0.12 , -0.12 , 0.00 , -0.16 , -0.16 , 0.00 , -0.01 , -0.01 , -0.01 , -0.01 
171,김영현,23K, -0.01 , 31 , 33.0 ,  , -4.66 , -4.66 , 0.00 , 4.35 , 4.06 ,  , 0.58 , 0.58 , 0.00 , -0.45 , -0.45 , 0.00 , -0.01 , -0.01 , -0.01 , -0.01 
172,홍성민,23키, -0.01 , 2 , 2.0 ,  , -0.63 , -0.63 , 0.00 , 0.27 , 0.17 ,  , -0.16 , -0.16 , 0.00 , -0.04 , -0.04 , 0.00 , -0.01 , -0.01 , -0.01 , -0.01 
173,한두솔,23S, -0.01 , 1 , 1.0 ,  , -0.43 , -0.43 , 0.00 , 0.13 , 0.09 ,  , -0.14 , -0.14 , 0.00 , -0.03 , -0.03 , 0.00 , -0.01 , -0.01 , -0.01 , -0.01 
174,박권후,23삼, -0.01 , 4 , 2.2 ,  , -0.71 , -0.71 , 0.00 , 0.35 , 0.25 ,  , -0.15 , -0.15 , 0.00 , -0.05 , -0.05 , 0.00 , -0.01 , -0.01 , -0.01 , -0.01 
175,성동현,23L, -0.01 , 1 , 1.0 ,  , -0.50 , -0.50 , 0.00 , 0.14 , 0.09 ,  , -0.17 , -0.17 , 0.00 , -0.03 , -0.03 , 0.00 , -0.01 , -0.01 , -0.01 , -0.01 
176,이기순,23S, -0.02 , 2 , 3.0 ,  , -1.04 , -1.04 , 0.00 , 0.41 , 0.26 ,  , -0.27 , -0.27 , 0.00 , -0.06 , -0.06 , 0.00 , -0.02 , -0.02 , -0.02 , -0.02 
177,채지선,23LN, -0.02 , 3 , 3.1 ,  , -1.10 , -1.10 , 0.00 , 0.45 , 0.29 ,  , -0.28 , -0.28 , 0.00 , -0.07 , -0.07 , 0.00 , -0.02 , -0.02 , -0.02 , -0.02 
178,오원석,23S, -0.03 , 28 , 144.2 , -19.95 , 0.97 , -18.98 , 19.14 , 0.68 , 24.95 , 3.98 , 2.20 , 6.17 , -2.07 , 0.11 , -1.96 , -0.21 , 0.19 , -0.03 , -0.03 , -0.03 
179,양지율,23키, -0.04 , 1 , 0.2 ,  , -0.66 , -0.66 , 0.00 , 0.09 , 0.08 ,  , -0.37 , -0.37 , 0.00 , -0.05 , -0.05 , 0.00 , -0.04 , -0.04 , -0.04 , -0.04 
180,김준형,23키, -0.04 , 8 , 7.2 ,  , -2.18 , -2.18 , 0.00 , 1.02 , 0.69 ,  , -0.48 , -0.48 , 0.00 , -0.14 , -0.14 , 0.00 , -0.04 , -0.04 , -0.04 , -0.04 
181,이로운,23S, -0.04 , 50 , 57.2 ,  , -8.17 , -8.17 , 0.00 , 7.61 , 7.37 ,  , 1.04 , 1.04 , 0.00 , -0.81 , -0.81 , 0.00 , -0.04 , -0.04 , -0.04 , -0.04 
182,장재영,23키, -0.04 , 23 , 71.2 , -9.88 , 0.76 , -9.12 , 8.80 , 0.90 , 11.77 , 1.12 , 1.27 , 2.40 , -1.03 , 0.03 , -1.00 , -0.17 , 0.13 , -0.04 , -0.04 , -0.04 
183,김영준,23L, -0.05 , 1 , 0.1 ,  , -0.84 , -0.84 , 0.00 , 0.05 , 0.04 ,  , -0.51 , -0.51 , 0.00 , -0.05 , -0.05 , 0.00 , -0.05 , -0.05 , -0.05 , -0.05 
184,임지민,23N, -0.05 , 2 , 1.1 ,  , -1.36 , -1.36 , 0.00 , 0.18 , 0.11 ,  , -0.57 , -0.57 , 0.00 , -0.07 , -0.07 , 0.00 , -0.05 , -0.05 , -0.05 , -0.05 
185,송윤준,23한, -0.05 , 4 , 4.1 ,  , -1.40 , -1.40 , 0.00 , 0.58 , 0.51 ,  , -0.48 , -0.48 , 0.00 , -0.11 , -0.11 , 0.00 , -0.05 , -0.05 , -0.05 , -0.05 
186,스미스,23한, -0.05 , 1 , 2.2 , -0.91 ,  , -0.91 , 0.37 , 0.00 , 0.46 , -0.45 ,  , -0.45 , -0.09 ,  , -0.09 , -0.05 ,  , -0.05 , -0.05 , -0.05 
187,정성종,23롯, -0.05 , 12 , 22.0 , -3.64 , 0.57 , -3.07 , 1.28 , 1.69 , 3.06 , -2.04 , 1.86 , -0.18 , -0.35 , 0.00 , -0.35 , -0.23 , 0.18 , -0.05 , -0.05 , -0.05 
188,배재준,23L, -0.06 , 1 , 1.0 ,  , -1.60 , -1.60 , 0.00 , 0.15 , 0.09 ,  , -0.72 , -0.72 , 0.00 , -0.08 , -0.08 , 0.00 , -0.06 , -0.06 , -0.06 , -0.06 
189,서상준,23S, -0.06 , 2 , 2.0 ,  , -1.73 , -1.73 , 0.00 , 0.28 , 0.18 ,  , -0.71 , -0.71 , 0.00 , -0.09 , -0.09 , 0.00 , -0.06 , -0.06 , -0.06 , -0.06 
190,윤석원,23키, -0.07 , 21 , 24.0 ,  , -4.59 , -4.59 , 0.00 , 3.18 , 2.72 ,  , -0.42 , -0.42 , 0.00 , -0.39 , -0.39 , 0.00 , -0.07 , -0.07 , -0.07 , -0.07 
191,우강훈,23롯, -0.07 , 3 , 6.0 , -3.05 , 2.01 , -1.04 , 0.48 , 0.36 , 0.84 , -2.45 , 1.31 , -1.13 , -0.26 , 0.11 , -0.15 , -0.22 , 0.15 , -0.07 , -0.07 , -0.07 
192,신헌민,23S, -0.07 , 11 , 12.0 ,  , -3.42 , -3.42 , 0.00 , 1.60 , 1.14 ,  , -0.81 , -0.81 , 0.00 , -0.23 , -0.23 , 0.00 , -0.07 , -0.07 , -0.07 , -0.07 
193,김건국,23K, -0.07 , 6 , 16.0 , -2.48 , -0.41 , -2.90 , 2.03 , 0.13 , 2.62 , 0.05 , -0.12 , -0.07 , -0.26 , -0.02 , -0.28 , -0.06 , -0.01 , -0.07 , -0.07 , -0.07 
194,김민수,23K, -0.07 , 14 , 13.0 ,  , -2.63 , -2.63 , 0.00 , 1.72 , 1.67 ,  , -0.38 , -0.38 , 0.00 , -0.25 , -0.25 , 0.00 , -0.07 , -0.07 , -0.07 , -0.07 
195,슐서,23K, -0.08 , 9 , 49.2 , -7.21 ,  , -7.21 , 6.87 , 0.00 , 8.59 , 1.37 ,  , 1.37 , -0.74 ,  , -0.74 , -0.08 ,  , -0.08 , -0.08 , -0.08 
196,장세진,23롯, -0.08 , 2 , 1.1 ,  , -1.33 , -1.33 , 0.00 , 0.18 , 0.17 ,  , -0.82 , -0.82 , 0.00 , -0.10 , -0.10 , 0.00 , -0.08 , -0.08 , -0.08 , -0.08 
197,최충연,23삼, -0.08 , 7 , 9.1 ,  , -2.95 , -2.95 , 0.00 , 1.26 , 0.97 ,  , -0.86 , -0.86 , 0.00 , -0.21 , -0.21 , 0.00 , -0.08 , -0.08 , -0.08 , -0.08 
198,박진,23롯, -0.08 , 4 , 5.0 ,  , -2.46 , -2.46 , 0.00 , 0.68 , 0.49 ,  , -0.91 , -0.91 , 0.00 , -0.15 , -0.15 , 0.00 , -0.08 , -0.08 , -0.08 , -0.08 
199,조성훈,23S, -0.09 , 2 , 7.0 , -1.80 ,  , -1.80 , 0.98 , 0.00 , 1.22 , -0.58 ,  , -0.58 , -0.18 ,  , -0.18 , -0.09 ,  , -0.09 , -0.09 , -0.09 
200,김태오,23K, -0.09 , 5 , 7.1 ,  , -2.49 , -2.49 , 0.00 , 0.99 , 0.84 ,  , -0.85 , -0.85 , 0.00 , -0.19 , -0.19 , 0.00 , -0.09 , -0.09 , -0.09 , -0.09 
201,김정우,23두, -0.09 , 7 , 6.2 ,  , -3.01 , -3.01 , 0.00 , 0.90 , 0.60 ,  , -1.01 , -1.01 , 0.00 , -0.18 , -0.18 , 0.00 , -0.09 , -0.09 , -0.09 , -0.09 
202,김호준,23두, -0.09 , 3 , 3.0 ,  , -2.52 , -2.52 , 0.00 , 0.42 , 0.26 ,  , -1.02 , -1.02 , 0.00 , -0.13 , -0.13 , 0.00 , -0.09 , -0.09 , -0.09 , -0.09 
203,박명근,23L, -0.09 , 57 , 51.1 , -0.56 , -4.61 , -5.17 , 0.41 , 6.34 , 10.24 , -0.05 , 4.07 , 4.02 , -0.06 , -0.72 , -0.78 , -0.02 , -0.07 , -0.09 , -0.09 , -0.09 
204,김서준,23삼, -0.09 , 8 , 7.2 , -4.38 , 2.61 , -1.77 , 0.17 , 0.84 , 0.85 , -4.17 , 2.20 , -1.97 , -0.34 , 0.14 , -0.20 , -0.33 , 0.23 , -0.09 , -0.09 , -0.09 
205,진승현,23롯, -0.10 , 24 , 27.2 ,  , -4.53 , -4.53 , 0.00 , 3.66 , 3.83 ,  , 0.03 , 0.03 , 0.00 , -0.46 , -0.46 , 0.00 , -0.10 , -0.10 , -0.10 , -0.10 
206,오상원,23키, -0.10 , 11 , 15.0 , -2.20 , -1.14 , -3.35 , 0.25 , 1.75 , 1.49 , -1.89 , 0.56 , -1.32 , -0.19 , -0.10 , -0.30 , -0.17 , 0.08 , -0.10 , -0.10 , -0.10 
207,윤산흠,23한, -0.10 , 5 , 3.0 ,  , -0.58 , -0.58 , 0.00 , 0.39 , 1.08 ,  , -0.19 , -0.19 , 0.00 , -0.14 , -0.14 , 0.00 , -0.10 , -0.10 , -0.10 , -0.10 
208,류희운,23한, -0.10 , 3 , 4.0 ,  , -2.88 , -2.88 , 0.00 , 0.56 , 0.37 ,  , -1.16 , -1.16 , 0.00 , -0.16 , -0.16 , 0.00 , -0.10 , -0.10 , -0.10 , -0.10 
209,제환유,23두, -0.11 , 1 , 2.0 ,  , -3.03 , -3.03 , 0.00 , 0.32 , 0.21 ,  , -1.35 , -1.35 , 0.00 , -0.13 , -0.13 , 0.00 , -0.11 , -0.11 , -0.11 , -0.11 
210,나원탁,23롯, -0.11 , 1 , 0.2 ,  , -2.71 , -2.71 , 0.00 , 0.10 , 0.07 ,  , -1.32 , -1.32 , 0.00 , -0.12 , -0.12 , 0.00 , -0.11 , -0.11 , -0.11 , -0.11 
211,이채호,23K, -0.11 , 25 , 24.2 ,  , -5.28 , -5.28 , 0.00 , 3.27 , 2.82 ,  , -0.83 , -0.83 , 0.00 , -0.44 , -0.44 , 0.00 , -0.11 , -0.11 , -0.11 , -0.11 
212,장민재,23한, -0.12 , 25 , 69.0 , -13.08 , 2.36 , -10.71 , 8.00 , 1.54 , 12.34 , -3.08 , 5.21 , 2.14 , -1.30 , 0.26 , -1.04 , -0.54 , 0.42 , -0.12 , -0.12 , -0.12 
213,박세웅,23삼, -0.12 , 2 , 0.2 ,  , -1.61 , -1.61 , 0.00 , 0.09 , 0.09 ,  , -1.19 , -1.19 , 0.00 , -0.12 , -0.12 , 0.00 , -0.12 , -0.12 , -0.12 , -0.12 
214,김주온,23S, -0.12 , 1 , 0.1 ,  , -2.82 , -2.82 , 0.00 , 0.05 , 0.03 ,  , -1.38 , -1.38 , 0.00 , -0.12 , -0.12 , 0.00 , -0.12 , -0.12 , -0.12 , -0.12 
215,와이드너,23N삼, -0.12 , 21 , 115.0 ,  ,  , 0.00 , 14.73 , 0.26 , 18.77 ,  ,  , 0.00 , -0.12 ,  , -0.12 , -0.12 ,  , -0.12 , -0.12 , -0.12 
216,김시현,23삼, -0.12 , 2 , 3.0 ,  , -3.31 , -3.31 , 0.00 , 0.44 , 0.28 ,  , -1.41 , -1.41 , 0.00 , -0.16 , -0.16 , 0.00 , -0.12 , -0.12 , -0.12 , -0.12 
217,이준호,23N, -0.13 , 17 , 31.2 , -6.98 , 1.39 , -5.59 , 0.98 , 3.32 , 4.10 , -5.75 , 3.83 , -1.92 , -0.57 , 0.02 , -0.55 , -0.49 , 0.36 , -0.13 , -0.13 , -0.13 
218,장지수,23한, -0.14 , 1 , 2.0 ,  , -3.91 , -3.91 , 0.00 , 0.34 , 0.22 ,  , -1.82 , -1.82 , 0.00 , -0.17 , -0.17 , 0.00 , -0.14 , -0.14 , -0.14 , -0.14 
219,이승진,23두, -0.15 , 1 , 0.2 ,  , -3.71 , -3.71 , 0.00 , 0.11 , 0.07 ,  , -1.87 , -1.87 , 0.00 , -0.16 , -0.16 , 0.00 , -0.15 , -0.15 , -0.15 , -0.15 
220,김유성,23두, -0.15 , 7 , 6.1 ,  , -3.74 , -3.74 , 0.00 , 0.86 , 0.63 ,  , -1.57 , -1.57 , 0.00 , -0.23 , -0.23 , 0.00 , -0.15 , -0.15 , -0.15 , -0.15 
221,최이준,23롯, -0.15 , 28 , 29.0 ,  , -6.09 , -6.09 , 0.00 , 3.84 , 3.56 ,  , -0.95 , -0.95 , 0.00 , -0.54 , -0.54 , 0.00 , -0.15 , -0.15 , -0.15 , -0.15 
222,장원준,23두, -0.17 , 11 , 41.0 , -6.67 , -0.32 , -6.99 , 5.43 , 0.18 , 6.95 , 0.13 , -0.07 , 0.06 , -0.69 , -0.03 , -0.71 , -0.16 , -0.01 , -0.17 , -0.17 , -0.17 
223,윤명준,23롯, -0.17 , 21 , 19.1 ,  , -3.63 , -3.63 , 0.00 , 2.55 , 3.27 ,  , -0.45 , -0.45 , 0.00 , -0.43 , -0.43 , 0.00 , -0.17 , -0.17 , -0.17 , -0.17 
224,조이현,23K, -0.17 , 18 , 35.0 , -0.02 , -8.45 , -8.47 , 1.78 , 2.91 , 4.71 , 2.21 , -3.29 , -1.08 , -0.02 , -0.63 , -0.64 , 0.17 , -0.34 , -0.17 , -0.17 , -0.17 
225,배민서,23N, -0.18 , 6 , 6.2 ,  , -4.77 , -4.77 , 0.00 , 0.92 , 0.63 ,  , -1.98 , -1.98 , 0.00 , -0.27 , -0.27 , 0.00 , -0.18 , -0.18 , -0.18 , -0.18 
226,김건희,23키, -0.18 , 3 , 2.0 ,  , -4.04 , -4.04 , 0.00 , 0.29 , 0.19 ,  , -1.99 , -1.99 , 0.00 , -0.21 , -0.21 , 0.00 , -0.18 , -0.18 , -0.18 , -0.18 
227,김기훈,23K, -0.18 , 29 , 31.1 ,  , -6.35 , -6.35 , 0.00 , 4.15 , 4.13 ,  , -0.92 , -0.92 , 0.00 , -0.60 , -0.60 , 0.00 , -0.18 , -0.18 , -0.18 , -0.18 
228,이충호,23한, -0.18 , 11 , 8.2 ,  , -4.26 , -4.26 , 0.00 , 1.16 , 0.94 ,  , -1.83 , -1.83 , 0.00 , -0.30 , -0.30 , 0.00 , -0.18 , -0.18 , -0.18 , -0.18 
229,곽도규,23K, -0.19 , 14 , 11.2 ,  , -5.07 , -5.07 , 0.00 , 1.56 , 1.20 ,  , -1.92 , -1.92 , 0.00 , -0.34 , -0.34 , 0.00 , -0.19 , -0.19 , -0.19 , -0.19 
230,김대현,23L, -0.19 , 5 , 3.1 ,  , -3.35 , -3.35 , 0.00 , 0.46 , 0.40 ,  , -1.93 , -1.93 , 0.00 , -0.24 , -0.24 , 0.00 , -0.19 , -0.19 , -0.19 , -0.19 
231,노건우,23삼, -0.20 , 16 , 12.1 ,  , -4.50 , -4.50 , 0.00 , 1.64 , 1.49 ,  , -1.77 , -1.77 , 0.00 , -0.36 , -0.36 , 0.00 , -0.20 , -0.20 , -0.20 , -0.20 
232,이민호,23L, -0.20 , 5 , 19.2 , -4.64 ,  , -4.64 , 2.74 , 0.00 , 3.43 , -1.20 ,  , -1.20 , -0.46 ,  , -0.46 , -0.20 ,  , -0.20 , -0.20 , -0.20 
233,이영하,23두, -0.20 , 36 , 39.1 ,  , -6.11 , -6.11 , 0.00 , 5.19 , 6.40 ,  , 0.38 , 0.38 , 0.00 , -0.72 , -0.72 , 0.00 , -0.20 , -0.20 , -0.20 , -0.20 
234,이원재,23두, -0.21 , 1 , 1.0 , -2.65 ,  , -2.65 , 0.16 , 0.00 , 0.20 , -2.45 ,  , -2.45 , -0.23 ,  , -0.23 , -0.21 ,  , -0.21 , -0.21 , -0.21 
235,한현희,23롯, -0.22 , 38 , 104.0 , -10.16 , -4.41 , -14.57 , 11.74 , 2.34 , 17.77 , 4.51 , -1.57 , 2.95 , -1.08 , -0.52 , -1.60 , 0.07 , -0.29 , -0.22 , -0.22 , -0.22 
236,최성훈,23L, -0.22 , 5 , 3.0 ,  , -3.76 , -3.76 , 0.00 , 0.41 , 0.36 ,  , -2.24 , -2.24 , 0.00 , -0.26 , -0.26 , 0.00 , -0.22 , -0.22 , -0.22 , -0.22 
237,양현,23키, -0.23 , 54 , 57.0 ,  , -8.59 , -8.59 , 0.00 , 7.52 , 8.84 ,  , 0.76 , 0.76 , 0.00 , -0.99 , -0.99 , 0.00 , -0.23 , -0.23 , -0.23 , -0.23 
238,정구범,23N, -0.23 , 4 , 12.2 , -2.99 , -2.06 , -5.05 , 1.26 , 0.56 , 1.96 , -1.42 , -0.75 , -2.17 , -0.28 , -0.12 , -0.40 , -0.17 , -0.07 , -0.23 , -0.23 , -0.23 
239,임준섭,23S, -0.24 , 41 , 32.2 ,  , -6.91 , -6.91 , 0.00 , 4.31 , 4.47 ,  , -1.26 , -1.26 , 0.00 , -0.67 , -0.67 , 0.00 , -0.24 , -0.24 , -0.24 , -0.24 
240,박윤철,23한, -0.25 , 3 , 3.1 ,  , -6.23 , -6.23 , 0.00 , 0.50 , 0.32 ,  , -2.86 , -2.86 , 0.00 , -0.29 , -0.29 , 0.00 , -0.25 , -0.25 , -0.25 , -0.25 
241,이형범,23두, -0.25 , 23 , 27.2 ,  , -7.70 , -7.70 , 0.00 , 3.70 , 3.24 ,  , -2.16 , -2.16 , 0.00 , -0.62 , -0.62 , 0.00 , -0.25 , -0.25 , -0.25 , -0.25 
242,허윤동,23삼, -0.26 , 7 , 10.2 , -2.12 , -3.08 , -5.20 , 0.45 , 1.04 , 1.36 , -1.56 , -1.09 , -2.65 , -0.19 , -0.21 , -0.40 , -0.15 , -0.11 , -0.26 , -0.26 , -0.26 
243,김재영,23한, -0.26 , 6 , 8.0 ,  , -5.22 , -5.22 , 0.00 , 1.11 , 0.95 ,  , -2.61 , -2.61 , 0.00 , -0.36 , -0.36 , 0.00 , -0.26 , -0.26 , -0.26 , -0.26 
244,송영진,23S, -0.27 , 17 , 47.1 , -9.28 , 0.69 , -8.59 , 5.01 , 1.51 , 7.61 , -3.01 , 1.84 , -1.17 , -0.91 , 0.02 , -0.90 , -0.44 , 0.17 , -0.27 , -0.27 , -0.27 
245,박준영,23한, -0.30 , 4 , 4.1 ,  , -6.86 , -6.86 , 0.00 , 0.64 , 0.44 ,  , -3.35 , -3.35 , 0.00 , -0.35 , -0.35 , 0.00 , -0.30 , -0.30 , -0.30 , -0.30 
246,장필준,23삼, -0.30 , 17 , 19.1 , -4.56 , -1.25 , -5.81 , 0.87 , 1.75 , 2.72 , -3.47 , 0.70 , -2.77 , -0.42 , -0.13 , -0.56 , -0.34 , 0.04 , -0.30 , -0.30 , -0.30 
247,김진욱,23롯, -0.32 , 50 , 36.1 ,  , -7.27 , -7.27 , 0.00 , 4.79 , 5.64 ,  , -1.21 , -1.21 , 0.00 , -0.80 , -0.80 , 0.00 , -0.32 , -0.32 , -0.32 , -0.32 
248,정성곤,23S, -0.32 , 6 , 4.1 ,  , -6.58 , -6.58 , 0.00 , 0.61 , 0.46 ,  , -3.46 , -3.46 , 0.00 , -0.38 , -0.38 , 0.00 , -0.32 , -0.32 , -0.32 , -0.32 
249,딜런,23두, -0.32 , 2 , 9.0 , -5.08 ,  , -5.08 , 1.40 , 0.00 , 1.75 , -3.33 ,  , -3.33 , -0.44 ,  , -0.44 , -0.32 ,  , -0.32 , -0.32 , -0.32 
250,이지강,23L, -0.33 , 22 , 68.0 , -14.19 , 2.56 , -11.63 , 7.29 , 2.13 , 11.09 , -5.07 , 3.87 , -1.20 , -1.38 , 0.15 , -1.23 , -0.70 , 0.37 , -0.33 , -0.33 , -0.33 
251,한승혁,23한, -0.34 , 21 , 36.1 , -6.96 , -1.19 , -8.15 , 3.04 , 1.92 , 5.66 , -3.16 , 0.94 , -2.22 , -0.68 , -0.14 , -0.82 , -0.39 , 0.06 , -0.34 , -0.34 , -0.34 
252,이종민,23키, -0.36 , 11 , 13.2 , -6.27 , 0.13 , -6.14 , 0.59 , 1.30 , 1.71 , -5.53 , 1.05 , -4.48 , -0.52 , -0.02 , -0.55 , -0.47 , 0.11 , -0.36 , -0.36 , -0.36 
253,강재민,23한, -0.37 , 43 , 43.1 ,  , -6.95 , -6.95 , 0.00 , 5.72 , 8.31 ,  , 0.23 , 0.23 , 0.00 , -0.94 , -0.94 , 0.00 , -0.37 , -0.37 , -0.37 , -0.37 
254,황동하,23K, -0.42 , 13 , 31.1 , -8.08 , -0.37 , -8.45 , 3.02 , 1.35 , 5.34 , -4.31 , 1.22 , -3.09 , -0.77 , -0.07 , -0.84 , -0.49 , 0.07 , -0.42 , -0.42 , -0.42 
255,이영준,23키, -0.42 , 2 , 1.2 ,  , -3.23 , -3.23 , 0.00 , 0.24 , 0.46 ,  , -4.39 , -4.39 , 0.00 , -0.45 , -0.45 , 0.00 , -0.42 , -0.42 , -0.42 , -0.42 
256,문경찬,23롯, -0.45 , 2 , 2.0 ,  , -5.01 , -5.01 , 0.00 , 0.31 , 0.42 ,  , -5.01 , -5.01 , 0.00 , -0.47 , -0.47 , 0.00 , -0.45 , -0.45 , -0.45 , -0.45 
257,강효종,23L, -0.45 , 7 , 21.2 , -7.61 ,  , -7.61 , 3.06 , 0.00 , 3.82 , -3.78 ,  , -3.78 , -0.74 ,  , -0.74 , -0.45 ,  , -0.45 , -0.45 , -0.45 
258,김서현,23한, -0.45 , 20 , 22.1 , -1.94 , -5.81 , -7.75 , 0.30 , 2.71 , 3.38 , -1.57 , -2.14 , -3.71 , -0.18 , -0.57 , -0.75 , -0.15 , -0.30 , -0.45 , -0.45 , -0.45 
259,하영민,23키, -0.46 , 57 , 52.1 ,  , -9.00 , -9.00 , 0.00 , 6.90 , 9.49 ,  , -0.41 , -0.41 , 0.00 , -1.16 , -1.16 , 0.00 , -0.46 , -0.46 , -0.46 , -0.46 
260,이태연,23롯, -0.48 , 15 , 5.2 ,  , -7.16 , -7.16 , 0.00 , 0.77 , 0.73 ,  , -4.76 , -4.76 , 0.00 , -0.56 , -0.56 , 0.00 , -0.48 , -0.48 , -0.48 , -0.48 
261,최영환,23롯, -0.51 , 8 , 10.0 ,  , -8.30 , -8.30 , 0.00 , 1.41 , 1.37 ,  , -5.09 , -5.09 , 0.00 , -0.64 , -0.64 , 0.00 , -0.51 , -0.51 , -0.51 , -0.51 
262,남지민,23한, -0.52 , 16 , 37.2 , -5.39 , -4.98 , -10.37 , 3.73 , 1.45 , 6.29 , -0.73 , -2.85 , -3.59 , -0.55 , -0.47 , -1.02 , -0.19 , -0.33 , -0.52 , -0.52 , -0.52 
263,소형준,23K, -0.53 , 3 , 11.0 , -7.73 ,  , -7.73 , 1.71 , 0.00 , 2.14 , -5.59 ,  , -5.59 , -0.67 ,  , -0.67 , -0.53 ,  , -0.53 , -0.53 , -0.53 
264,주승우,23키, -0.53 , 11 , 16.0 , -3.57 , -6.39 , -9.96 , 0.74 , 1.51 , 2.10 , -2.65 , -2.81 , -5.45 , -0.33 , -0.42 , -0.74 , -0.26 , -0.27 , -0.53 , -0.53 , -0.53 
265,김동규,23L키, -0.54 , 4 , 4.1 , -3.91 , -5.69 , -9.59 , 0.34 , 0.35 , 0.66 , -3.49 , -2.87 , -6.36 , -0.31 , -0.28 , -0.60 , -0.29 , -0.25 , -0.54 , -0.54 , -0.54 
266,이상민,23삼, -0.54 , 23 , 18.0 ,  , -7.40 , -7.40 , 0.00 , 2.40 , 2.96 ,  , -4.33 , -4.33 , 0.00 , -0.78 , -0.78 , 0.00 , -0.54 , -0.54 , -0.54 , -0.54 
267,박종훈,23S, -0.55 , 18 , 80.0 , -12.64 , -5.43 , -18.07 , 10.64 , 0.47 , 13.71 , 0.66 , -3.33 , -2.66 , -1.29 , -0.32 , -1.62 , -0.27 , -0.28 , -0.55 , -0.55 , -0.55 
268,산체스,23K, -0.57 , 12 , 63.2 , -12.11 , -3.69 , -15.80 , 8.62 , 0.44 , 11.16 , -1.34 , -2.19 , -3.53 , -1.20 , -0.21 , -1.41 , -0.39 , -0.18 , -0.57 , -0.57 , -0.57 
269,황동재,23삼, -0.58 , 7 , 31.2 , -10.64 ,  , -10.64 , 4.60 , 0.00 , 5.75 , -4.89 ,  , -4.89 , -1.01 ,  , -1.01 , -0.58 ,  , -0.58 , -0.58 , -0.58 
270,메디나,23K, -0.62 , 12 , 58.0 , -14.31 ,  , -14.31 , 8.25 , 0.00 , 10.31 , -4.00 ,  , -4.00 , -1.40 ,  , -1.40 , -0.62 ,  , -0.62 , -0.62 , -0.62 
271,원종현,23키, -0.64 , 20 , 18.2 ,  , -6.47 , -6.47 , 0.00 , 2.49 , 4.03 ,  , -4.34 , -4.34 , 0.00 , -0.89 , -0.89 , 0.00 , -0.64 , -0.64 , -0.64 , -0.64 
272,김민,23K, -0.64 , 16 , 29.0 , -8.09 , -3.99 , -12.08 , 2.20 , 1.92 , 4.29 , -5.34 , -1.02 , -6.36 , -0.73 , -0.30 , -1.03 , -0.54 , -0.11 , -0.64 , -0.64 , -0.64 
273,변시원,23키, -0.69 , 4 , 2.1 ,  , -9.62 , -9.62 , 0.00 , 0.36 , 0.39 ,  , -7.87 , -7.87 , 0.00 , -0.72 , -0.72 , 0.00 , -0.69 , -0.69 , -0.69 , -0.69 
274,최하늘,23삼, -0.71 , 3 , 6.1 , -7.12 , -3.59 , -10.71 , 0.93 , 0.11 , 1.26 , -5.95 , -2.46 , -8.41 , -0.58 , -0.21 , -0.79 , -0.51 , -0.20 , -0.71 , -0.71 , -0.71 
275,김재열,23K, -0.71 , 9 , 11.2 ,  , -11.04 , -11.04 , 0.00 , 1.66 , 1.68 ,  , -7.24 , -7.24 , 0.00 , -0.87 , -0.87 , 0.00 , -0.71 , -0.71 , -0.71 , -0.71 
276,김선기,23키, -0.73 , 17 , 43.2 , -6.25 , -9.09 , -15.34 , 4.73 , 1.35 , 7.18 , -0.34 , -5.56 , -5.89 , -0.63 , -0.68 , -1.31 , -0.18 , -0.55 , -0.73 , -0.73 , -0.73 
277,양창섭,23삼, -0.77 , 15 , 28.2 , -13.12 , -0.22 , -13.34 , 2.65 , 1.61 , 5.04 , -9.82 , 1.54 , -8.28 , -1.09 , -0.06 , -1.15 , -0.88 , 0.11 , -0.77 , -0.77 , -0.77 
278,맥키니,23키, -0.77 , 12 , 59.1 , -16.20 ,  , -16.20 , 8.53 , 0.00 , 10.66 , -5.54 ,  , -5.54 , -1.56 ,  , -1.56 , -0.77 ,  , -0.77 , -0.77 , -0.77 
279,최채흥,23삼, -0.79 , 15 , 63.1 , -15.76 , -1.21 , -16.97 , 8.77 , 0.19 , 11.16 , -4.79 , -0.78 , -5.57 , -1.54 , -0.09 , -1.64 , -0.72 , -0.08 , -0.79 , -0.79 , -0.79 
280,이인복,23롯, -0.80 , 10 , 33.1 , -12.73 , -0.69 , -13.42 , 4.35 , 0.53 , 6.05 , -7.29 , -0.03 , -7.32 , -1.17 , -0.08 , -1.25 , -0.78 , -0.02 , -0.80 , -0.80 , -0.80 
281,홍정우,23삼, -0.81 , 36 , 36.0 , -2.11 , -9.61 , -11.72 , 0.25 , 4.57 , 6.25 , -1.80 , -4.05 , -5.85 , -0.19 , -1.10 , -1.29 , -0.17 , -0.64 , -0.81 , -0.81 , -0.81 
282,김동혁,23키, -0.81 , 35 , 39.1 , -7.56 , -6.03 , -13.59 , 0.83 , 4.54 , 6.86 , -6.52 , -0.36 , -6.89 , -0.61 , -0.72 , -1.33 , -0.54 , -0.27 , -0.81 , -0.81 , -0.81 
283,정우영,23L, -0.88 , 60 , 51.2 ,  , -13.00 , -13.00 , 0.00 , 6.85 , 9.27 ,  , -4.81 , -4.81 , 0.00 , -1.57 , -1.57 , 0.00 , -0.88 , -0.88 , -0.88 , -0.88 
284,김민우,23한, -1.06 , 12 , 51.2 , -18.61 ,  , -18.61 , 7.53 , 0.00 , 9.41 , -9.20 ,  , -9.20 , -1.75 ,  , -1.75 , -1.06 ,  , -1.06 , -1.06 , -1.06 
285,김태훈,23키삼, -1.54 , 71 , 63.1 ,  , -19.38 , -19.38 , 0.00 , 8.43 , 11.91 ,  , -10.00 , -10.00 , 0.00 , -2.38 , -2.38 , 0.00 , -1.54 , -1.54 , -1.54 , -1.54 
