순,이름,팀/포지션,정렬용,출장,이닝,ERA,WHIP,득점%,LOB%,병살타,병살상황,병살%,희번,희번실패,희번%,<2&3B_N,<2&3B_%,0&2B_N,0&2_%,ADV_N,ADV_%
1,조영건,23키, 100.0 , 6 , 7.2 , 0.00 , 0.91 , 0.0 , 100.0 , 1 , 2 , 50.0 , 0 , 0 ,  , 0 ,  , 0 ,  , 1 , 16.7 
,석상호,23롯, 100.0 , 5 , 5.1 , 0.00 , 1.13 , 0.0 , 100.0 , 1 , 5 , 20.0 , 1 , 0 , 100.0 , 1 , 100.0 , 0 ,  , 0 , 0.0 
,백승우,23두, 100.0 , 6 , 4.0 , 0.00 , 1.50 , 0.0 , 100.0 , 1 , 2 , 50.0 , 0 , 0 ,  , 0 ,  , 0 ,  , 2 , 40.0 
,이민석,23롯, 100.0 , 1 , 1.1 , 0.00 , 0.75 , 0.0 , 100.0 , 0 , 0 ,  , 0 , 0 ,  , 0 ,  , 0 ,  , 0 ,  
,서동민,23S, 100.0 , 2 , 1.0 , 0.00 , 3.00 , 0.0 , 100.0 , 0 , 1 , 0.0 , 0 , 1 , 0.0 , 0 ,  , 0 ,  , 0 , 0.0 
,박영완,23롯, 100.0 , 1 , 1.0 , 0.00 , 1.00 , 0.0 , 100.0 , 1 , 1 , 100.0 , 0 , 0 ,  , 0 ,  , 0 ,  , 0 , 0.0 
,하준수,23N, 100.0 , 1 , 1.0 , 0.00 , 2.00 , 0.0 , 100.0 , 0 , 2 , 0.0 , 0 , 0 ,  , 0 ,  , 0 ,  , 0 , 0.0 
,송승기,23L, 100.0 , 1 , 1.0 , 0.00 , 2.00 , 0.0 , 100.0 , 0 , 3 , 0.0 , 0 , 0 ,  , 0 ,  , 0 , 0.0 , 0 , 0.0 
,유승철,23K, 100.0 , 1 , 1.0 , 0.00 , 1.00 , 0.0 , 100.0 , 0 , 1 , 0.0 , 0 , 0 ,  , 0 ,  , 0 ,  , 0 , 0.0 
,이우석,23N, 100.0 , 1 , 0.2 , 0.00 , 1.50 , 0.0 , 100.0 , 1 , 1 , 100.0 , 0 , 0 ,  , 0 ,  , 0 ,  , 0 , 0.0 
11,백승현,23L, 90.3 , 42 , 40.0 , 1.58 , 1.15 , 15.2 , 90.3 , 4 , 36 , 11.1 , 2 , 3 , 40.0 , 5 , 71.4 , 1 , 33.3 , 7 , 10.3 
12,김진성,23L, 89.6 , 80 , 70.1 , 2.18 , 0.95 , 25.4 , 89.6 , 6 , 64 , 9.4 , 6 , 1 , 85.7 , 13 , 56.5 , 1 , 16.7 , 16 , 14.7 
13,송은범,23L, 88.9 , 4 , 3.2 , 2.45 , 2.46 , 11.1 , 88.9 , 2 , 7 , 28.6 , 0 , 0 ,  , 0 ,  , 0 ,  , 1 , 7.1 
14,홍성민,23키, 87.0 , 2 , 2.0 , 9.00 , 3.00 , 33.3 , 87.0 , 0 , 0 ,  , 0 , 0 ,  , 0 , 0.0 , 0 ,  , 0 , 0.0 
15,강건,23K, 85.7 , 4 , 6.2 , 1.35 , 1.05 , 14.3 , 85.7 , 0 , 3 , 0.0 , 1 , 0 , 100.0 , 1 , 50.0 , 0 ,  , 0 , 0.0 
16,서진용,23S, 83.8 , 69 , 72.2 , 2.48 , 1.51 , 17.5 , 83.8 , 11 , 91 , 12.1 , 4 , 3 , 57.1 , 12 , 57.1 , 3 , 27.3 , 27 , 16.7 
17,최지민,23K, 83.6 , 58 , 59.1 , 2.12 , 1.20 , 18.7 , 83.6 , 10 , 55 , 18.2 , 2 , 3 , 40.0 , 11 , 55.0 , 4 , 44.4 , 20 , 18.7 
18,이상규,23L, 83.3 , 8 , 7.2 , 2.35 , 1.57 , 16.7 , 83.3 , 2 , 12 , 16.7 , 0 , 1 , 0.0 , 0 ,  , 1 , 100.0 , 5 , 21.7 
,김창훈,23롯, 83.3 , 3 , 4.1 , 2.08 , 1.39 , 16.7 , 83.3 , 2 , 4 , 50.0 , 0 , 0 ,  , 0 , 0.0 , 0 , 0.0 , 1 , 12.5 
,윤호솔,23L, 83.3 , 4 , 3.2 , 2.45 , 1.64 , 16.7 , 83.3 , 0 , 4 , 0.0 , 0 , 0 ,  , 0 ,  , 0 , 0.0 , 3 , 37.5 
,박권후,23삼, 83.3 , 4 , 2.2 , 3.38 , 1.88 , 20.0 , 83.3 , 0 , 0 ,  , 0 , 0 ,  , 0 , 0.0 , 0 ,  , 1 , 50.0 
22,박민호,23S, 82.4 , 10 , 10.0 , 0.90 , 1.50 , 5.9 , 82.4 , 0 , 12 , 0.0 , 0 , 1 , 0.0 , 0 , 0.0 , 0 , 0.0 , 4 , 16.0 
23,임창민,23키, 82.1 , 51 , 46.2 , 2.51 , 1.46 , 18.6 , 82.1 , 2 , 53 , 3.8 , 2 , 3 , 40.0 , 8 , 88.9 , 1 , 25.0 , 21 , 21.4 
24,윤정현,23키, 81.8 , 5 , 6.0 , 1.50 , 1.83 , 9.1 , 81.8 , 4 , 7 , 57.1 , 0 , 0 ,  , 0 , 0.0 , 0 ,  , 2 , 13.3 
25,이호성,23삼, 81.6 , 5 , 17.0 , 2.65 , 1.24 , 23.8 , 81.6 , 0 , 9 , 0.0 , 2 , 0 , 100.0 , 4 , 80.0 , 1 , 100.0 , 7 , 46.7 
26,최준용,23롯, 81.6 , 47 , 47.2 , 2.45 , 1.43 , 18.8 , 81.6 , 1 , 48 , 2.1 , 2 , 1 , 66.7 , 4 , 57.1 , 2 , 50.0 , 17 , 18.7 
27,김성진,23키, 81.0 , 55 , 47.0 , 3.64 , 1.47 , 27.1 , 81.0 , 2 , 39 , 5.1 , 3 , 1 , 75.0 , 11 , 68.8 , 8 , 80.0 , 17 , 23.6 
28,김진호,23N, 80.8 , 19 , 16.1 , 2.76 , 1.53 , 19.2 , 80.8 , 2 , 15 , 13.3 , 0 , 1 , 0.0 , 2 , 66.7 , 0 ,  , 12 , 34.3 
29,함덕주,23L, 80.6 , 57 , 55.2 , 1.62 , 0.97 , 17.9 , 80.6 , 1 , 44 , 2.3 , 4 , 3 , 57.1 , 7 , 53.9 , 2 , 40.0 , 11 , 15.1 
30,한재승,23N, 80.4 , 11 , 9.2 , 3.72 , 1.45 , 28.6 , 80.4 , 1 , 7 , 14.3 , 0 , 0 ,  , 0 , 0.0 , 0 ,  , 4 , 25.0 
31,정해영,23K, 80.2 , 52 , 49.1 , 2.92 , 1.48 , 21.6 , 80.2 , 1 , 47 , 2.1 , 6 , 1 , 85.7 , 10 , 55.6 , 3 , 50.0 , 21 , 25.3 
32,주현상,23한, 79.7 , 55 , 59.2 , 1.96 , 0.84 , 24.5 , 79.7 , 2 , 51 , 3.9 , 5 , 2 , 71.4 , 10 , 76.9 , 1 , 33.3 , 15 , 17.9 
33,페디,23N, 79.6 , 30 , 180.1 , 2.00 , 0.95 , 22.7 , 79.6 , 11 , 112 , 9.8 , 5 , 6 , 45.5 , 15 , 55.6 , 3 , 30.0 , 45 , 21.2 
34,최지광,23삼, 79.4 , 22 , 17.1 , 5.19 , 1.50 , 37.0 , 79.4 , 0 , 16 , 0.0 , 0 , 0 ,  , 2 , 66.7 , 1 , 25.0 , 11 , 33.3 
35,진해수,23L, 79.4 , 19 , 14.2 , 3.07 , 1.91 , 17.9 , 79.4 , 1 , 23 , 4.4 , 0 , 1 , 0.0 , 4 , 66.7 , 0 , 0.0 , 9 , 23.1 
36,장시환,23한, 79.1 , 39 , 34.2 , 3.38 , 1.53 , 22.8 , 79.1 , 5 , 42 , 11.9 , 3 , 2 , 60.0 , 8 , 72.7 , 2 , 66.7 , 13 , 16.7 
37,이재희,23삼, 78.9 , 2 , 8.0 , 3.38 , 1.13 , 33.3 , 78.9 , 0 , 5 , 0.0 , 0 , 0 ,  , 0 , 0.0 , 0 ,  , 4 , 50.0 
,이승호,23키, 78.9 , 4 , 5.0 , 5.40 , 1.80 , 33.3 , 78.9 , 0 , 4 , 0.0 , 0 , 0 ,  , 1 , 100.0 , 0 ,  , 0 , 0.0 
39,플럿코,23L, 78.9 , 21 , 123.1 , 2.41 , 1.18 , 22.1 , 78.9 , 8 , 96 , 8.3 , 5 , 4 , 55.6 , 14 , 63.6 , 5 , 33.3 , 27 , 14.4 
40,윤명준,23롯, 78.7 , 21 , 19.1 , 6.52 , 2.12 , 31.1 , 78.7 , 2 , 27 , 7.4 , 2 , 1 , 66.7 , 6 , 42.9 , 1 , 33.3 , 12 , 19.7 
41,이상영,23L, 78.3 , 6 , 11.0 , 3.27 , 1.82 , 17.4 , 78.3 , 2 , 21 , 9.5 , 2 , 0 , 100.0 , 2 , 66.7 , 2 , 66.7 , 4 , 13.3 
42,오승환,23삼, 78.2 , 58 , 62.2 , 3.45 , 1.15 , 32.4 , 78.2 , 2 , 40 , 5.0 , 5 , 0 , 100.0 , 11 , 78.6 , 1 , 50.0 , 23 , 27.1 
43,유영찬,23L, 77.8 , 67 , 68.0 , 3.44 , 1.40 , 25.5 , 77.8 , 4 , 61 , 6.6 , 4 , 4 , 50.0 , 10 , 71.4 , 3 , 50.0 , 24 , 22.2 
44,윤산흠,23한, 77.8 , 5 , 3.0 , 6.00 , 3.00 , 22.2 , 77.8 , 0 , 7 , 0.0 , 1 , 0 , 100.0 , 1 , 50.0 , 0 , 0.0 , 1 , 10.0 
45,김승현,23K, 77.7 , 10 , 12.2 , 4.26 , 1.66 , 27.3 , 77.7 , 4 , 16 , 25.0 , 1 , 0 , 100.0 , 2 , 100.0 , 1 , 50.0 , 7 , 22.6 
46,윤대경,23한, 77.6 , 47 , 47.2 , 2.45 , 1.15 , 21.3 , 77.6 , 2 , 29 , 6.9 , 1 , 3 , 25.0 , 2 , 28.6 , 1 , 20.0 , 7 , 12.3 
47,이건욱,23S, 77.6 , 27 , 38.2 , 2.33 , 1.45 , 17.2 , 77.6 , 0 , 38 , 0.0 , 3 , 2 , 60.0 , 7 , 58.3 , 2 , 22.2 , 20 , 28.6 
48,최민준,23S, 77.5 , 53 , 60.0 , 4.20 , 1.57 , 29.5 , 77.5 , 8 , 62 , 12.9 , 5 , 3 , 62.5 , 11 , 61.1 , 4 , 57.1 , 33 , 25.6 
49,원태인,23삼, 77.1 , 26 , 150.0 , 3.18 , 1.27 , 27.0 , 77.1 , 10 , 107 , 9.4 , 6 , 9 , 40.0 , 15 , 55.6 , 5 , 45.5 , 41 , 19.1 
50,곽빈,23두, 77.1 , 23 , 127.1 , 2.90 , 1.21 , 25.8 , 77.1 , 6 , 105 , 5.7 , 7 , 2 , 77.8 , 17 , 73.9 , 4 , 57.1 , 34 , 19.3 
51,장현식,23K, 77.0 , 56 , 51.0 , 4.06 , 1.65 , 27.1 , 77.0 , 8 , 54 , 14.8 , 1 , 4 , 20.0 , 5 , 41.7 , 3 , 60.0 , 18 , 16.4 
52,장세진,23롯, 76.9 , 2 , 1.1 , 13.50 , 3.00 , 50.0 , 76.9 , 0 , 3 , 0.0 , 1 , 0 , 100.0 , 1 , 100.0 , 0 , 0.0 , 0 , 0.0 
,박세웅,23삼, 76.9 , 2 , 0.2 , 27.00 , 6.00 , 50.0 , 76.9 , 0 , 1 , 0.0 , 0 , 0 ,  , 1 , 100.0 , 0 ,  , 0 ,  
54,신정락,23롯, 76.7 , 34 , 29.0 , 4.66 , 1.48 , 32.6 , 76.7 , 5 , 36 , 13.9 , 1 , 0 , 100.0 , 10 , 62.5 , 3 , 42.9 , 22 , 29.7 
55,박치국,23두, 76.5 , 62 , 52.2 , 3.59 , 1.42 , 26.3 , 76.5 , 2 , 43 , 4.7 , 1 , 0 , 100.0 , 4 , 57.1 , 3 , 50.0 , 12 , 14.3 
56,이준영,23K, 76.5 , 64 , 33.2 , 3.21 , 1.46 , 23.5 , 76.5 , 2 , 30 , 6.7 , 0 , 0 ,  , 4 , 40.0 , 2 , 66.7 , 11 , 18.0 
57,알칸타라,23두, 76.4 , 31 , 192.0 , 2.67 , 1.07 , 27.0 , 76.4 , 9 , 132 , 6.8 , 10 , 5 , 66.7 , 17 , 56.7 , 6 , 54.6 , 49 , 19.8 
58,고영표,23K, 76.3 , 28 , 174.2 , 2.78 , 1.15 , 25.8 , 76.3 , 16 , 112 , 14.3 , 2 , 5 , 28.6 , 14 , 50.0 , 8 , 44.4 , 44 , 18.7 
59,쿠에바스,23K, 76.3 , 18 , 114.1 , 2.60 , 1.04 , 27.3 , 76.3 , 4 , 63 , 6.4 , 5 , 4 , 55.6 , 16 , 84.2 , 3 , 42.9 , 25 , 19.7 
60,한승주,23한, 76.2 , 47 , 70.2 , 3.95 , 1.59 , 26.7 , 76.2 , 5 , 66 , 7.6 , 2 , 3 , 40.0 , 7 , 41.2 , 5 , 41.7 , 39 , 28.7 
61,박세진,23K, 76.1 , 16 , 11.2 , 3.86 , 2.49 , 17.2 , 76.1 , 1 , 21 , 4.8 , 0 , 1 , 0.0 , 1 , 25.0 , 2 , 66.7 , 6 , 18.2 
62,최충연,23삼, 75.9 , 7 , 9.1 , 4.82 , 1.82 , 25.0 , 75.9 , 2 , 12 , 16.7 , 1 , 0 , 100.0 , 2 , 100.0 , 0 , 0.0 , 3 , 15.8 
63,안우진,23키, 75.8 , 24 , 150.2 , 2.39 , 1.06 , 25.0 , 75.8 , 8 , 125 , 6.4 , 5 , 12 , 29.4 , 19 , 55.9 , 9 , 45.0 , 47 , 20.5 
64,류진욱,23N, 75.8 , 70 , 67.0 , 2.15 , 1.09 , 21.6 , 75.8 , 7 , 57 , 12.3 , 4 , 1 , 80.0 , 13 , 65.0 , 2 , 40.0 , 23 , 22.8 
65,노경은,23S, 75.6 , 76 , 83.0 , 3.58 , 1.37 , 28.0 , 75.6 , 11 , 73 , 15.1 , 7 , 3 , 70.0 , 21 , 70.0 , 4 , 30.8 , 19 , 15.3 
66,브랜든,23두, 75.6 , 18 , 104.2 , 2.49 , 1.05 , 23.8 , 75.6 , 5 , 78 , 6.4 , 8 , 2 , 80.0 , 13 , 56.5 , 6 , 85.7 , 27 , 20.2 
67,이선우,23K, 75.5 , 22 , 37.1 , 4.34 , 1.50 , 30.0 , 75.5 , 5 , 44 , 11.4 , 0 , 1 , 0.0 , 6 , 60.0 , 2 , 50.0 , 22 , 28.2 
68,전상현,23K, 75.4 , 64 , 58.2 , 2.15 , 1.30 , 18.2 , 75.4 , 4 , 58 , 6.9 , 6 , 3 , 66.7 , 10 , 66.7 , 3 , 37.5 , 14 , 13.5 
69,이상동,23K, 75.4 , 36 , 40.2 , 3.98 , 1.48 , 30.0 , 75.4 , 1 , 39 , 2.6 , 3 , 1 , 75.0 , 5 , 71.4 , 2 , 50.0 , 15 , 21.4 
70,박영현,23K, 75.2 , 68 , 75.1 , 2.75 , 1.14 , 26.1 , 75.2 , 3 , 63 , 4.8 , 7 , 2 , 77.8 , 13 , 59.1 , 6 , 60.0 , 23 , 19.3 
71,김규연,23한, 75.0 , 23 , 19.2 , 2.75 , 1.32 , 21.4 , 75.0 , 3 , 19 , 15.8 , 1 , 2 , 33.3 , 2 , 50.0 , 1 , 50.0 , 6 , 16.2 
,홍원표,23삼, 75.0 , 3 , 3.2 , 2.45 , 1.09 , 25.0 , 75.0 , 0 , 3 , 0.0 , 0 , 0 ,  , 0 ,  , 0 ,  , 1 , 14.3 
,김강현,23롯, 75.0 , 2 , 3.0 , 3.00 , 1.00 , 25.0 , 75.0 , 0 , 2 , 0.0 , 1 , 0 , 100.0 , 1 , 100.0 , 0 ,  , 1 , 33.3 
,심창민,23N, 75.0 , 5 , 3.1 , 2.70 , 2.10 , 12.5 , 75.0 , 0 , 10 , 0.0 , 0 , 1 , 0.0 , 0 , 0.0 , 0 , 0.0 , 0 , 0.0 
,조현우,23K, 75.0 , 5 , 3.0 , 6.00 , 2.67 , 25.0 , 75.0 , 0 , 0 ,  , 0 , 0 ,  , 2 , 100.0 , 1 , 100.0 , 1 , 33.3 
,양지율,23키, 75.0 , 1 , 0.2 , 13.50 , 6.00 , 25.0 , 75.0 , 0 , 0 ,  , 0 , 0 ,  , 0 ,  , 0 ,  , 1 , 100.0 
77,이재익,23삼, 74.8 , 51 , 41.0 , 3.95 , 1.54 , 28.6 , 74.8 , 5 , 39 , 12.8 , 3 , 2 , 60.0 , 11 , 68.8 , 6 , 75.0 , 22 , 30.1 
78,이우찬,23L, 74.6 , 38 , 38.1 , 3.52 , 1.38 , 27.3 , 74.6 , 9 , 38 , 23.7 , 1 , 1 , 50.0 , 3 , 42.9 , 3 , 60.0 , 10 , 14.7 
79,엘리아스,23S, 74.6 , 22 , 131.1 , 3.77 , 1.32 , 30.7 , 74.6 , 11 , 98 , 11.2 , 2 , 3 , 40.0 , 15 , 51.7 , 6 , 50.0 , 47 , 22.8 
80,반즈,23롯, 74.5 , 30 , 170.1 , 3.28 , 1.33 , 25.6 , 74.5 , 13 , 157 , 8.3 , 9 , 7 , 56.3 , 27 , 71.1 , 10 , 55.6 , 61 , 21.3 
81,조민석,23N, 74.2 , 35 , 31.0 , 4.06 , 1.52 , 28.0 , 74.2 , 5 , 40 , 12.5 , 3 , 1 , 75.0 , 8 , 61.5 , 5 , 71.4 , 14 , 21.5 
82,임찬규,23L, 73.8 , 30 , 144.2 , 3.42 , 1.36 , 27.4 , 73.8 , 9 , 143 , 6.3 , 7 , 6 , 53.9 , 22 , 62.9 , 5 , 45.5 , 52 , 19.3 
83,홍건희,23두, 73.8 , 64 , 61.2 , 3.06 , 1.48 , 23.1 , 73.8 , 3 , 52 , 5.8 , 6 , 1 , 85.7 , 13 , 56.5 , 7 , 63.6 , 18 , 17.3 
84,박승주,23키, 73.7 , 18 , 18.0 , 3.50 , 1.78 , 20.6 , 73.7 , 0 , 22 , 0.0 , 1 , 0 , 100.0 , 4 , 57.1 , 1 , 50.0 , 1 , 2.9 
85,고우석,23L, 73.5 , 44 , 44.0 , 3.68 , 1.36 , 28.1 , 73.5 , 5 , 37 , 13.5 , 2 , 3 , 40.0 , 4 , 40.0 , 2 , 40.0 , 20 , 26.0 
86,후라도,23키, 73.5 , 30 , 183.2 , 2.65 , 1.12 , 25.2 , 73.5 , 9 , 133 , 6.8 , 4 , 2 , 66.7 , 21 , 65.6 , 13 , 68.4 , 69 , 25.4 
87,주권,23K, 73.0 , 42 , 47.0 , 4.40 , 1.45 , 32.9 , 73.0 , 2 , 33 , 6.1 , 5 , 1 , 83.3 , 14 , 82.4 , 3 , 100.0 , 26 , 42.6 
88,최성영,23N, 72.9 , 18 , 66.2 , 4.86 , 1.64 , 31.6 , 72.9 , 5 , 63 , 7.9 , 7 , 4 , 63.6 , 18 , 72.0 , 5 , 55.6 , 28 , 23.3 
89,김원중,23롯, 72.9 , 63 , 63.2 , 2.97 , 1.19 , 25.9 , 72.9 , 2 , 43 , 4.7 , 1 , 1 , 50.0 , 9 , 75.0 , 2 , 33.3 , 21 , 25.9 
90,김윤식,23L, 72.9 , 17 , 74.2 , 4.22 , 1.49 , 30.7 , 72.9 , 10 , 75 , 13.3 , 3 , 5 , 37.5 , 9 , 64.3 , 6 , 60.0 , 25 , 20.0 
91,김광현,23S, 72.9 , 30 , 168.1 , 3.53 , 1.38 , 28.1 , 72.9 , 19 , 155 , 12.3 , 6 , 9 , 40.0 , 29 , 72.5 , 12 , 44.4 , 67 , 21.9 
92,전사민,23N, 72.8 , 9 , 17.0 , 4.76 , 1.82 , 27.3 , 72.8 , 4 , 19 , 21.1 , 4 , 1 , 80.0 , 9 , 90.0 , 0 , 0.0 , 7 , 22.6 
93,문용익,23삼, 72.7 , 14 , 13.0 , 4.15 , 1.54 , 27.3 , 72.7 , 1 , 12 , 8.3 , 1 , 2 , 33.3 , 2 , 66.7 , 0 , 0.0 , 5 , 20.0 
94,최동환,23L, 72.6 , 45 , 42.1 , 3.19 , 1.39 , 24.2 , 72.6 , 4 , 47 , 8.5 , 4 , 1 , 80.0 , 6 , 40.0 , 7 , 70.0 , 16 , 18.2 
95,윤중현,23K, 72.6 , 31 , 28.0 , 3.86 , 1.39 , 30.0 , 72.6 , 8 , 30 , 26.7 , 2 , 1 , 66.7 , 5 , 45.5 , 3 , 100.0 , 10 , 17.5 
96,심재민,23K롯, 72.4 , 33 , 47.2 , 3.78 , 1.57 , 26.3 , 72.4 , 5 , 53 , 9.4 , 4 , 2 , 66.7 , 15 , 71.4 , 1 , 50.0 , 26 , 25.5 
97,김유성,23두, 72.4 , 7 , 6.1 , 9.95 , 2.84 , 38.9 , 72.4 , 0 , 11 , 0.0 , 0 , 0 ,  , 4 , 80.0 , 2 , 66.7 , 7 , 50.0 
98,태너,23N, 72.3 , 11 , 64.2 , 2.92 , 1.10 , 29.2 , 72.3 , 3 , 54 , 5.6 , 5 , 1 , 83.3 , 10 , 62.5 , 3 , 75.0 , 15 , 15.5 
,이승현,23삼, 72.3 , 48 , 43.1 , 4.98 , 1.62 , 33.3 , 72.3 , 4 , 43 , 9.3 , 4 , 0 , 100.0 , 7 , 63.6 , 3 , 100.0 , 20 , 25.6 
100,구창모,23N, 72.3 , 11 , 51.2 , 2.96 , 1.05 , 31.5 , 72.3 , 7 , 34 , 20.6 , 0 , 0 ,  , 5 , 83.3 , 1 , 25.0 , 12 , 18.2 
101,김재윤,23K, 72.1 , 59 , 65.2 , 2.60 , 1.02 , 27.9 , 72.1 , 3 , 46 , 6.5 , 8 , 1 , 88.9 , 15 , 75.0 , 3 , 50.0 , 29 , 30.5 
102,정철원,23두, 72.1 , 67 , 72.2 , 3.96 , 1.35 , 32.0 , 72.1 , 9 , 60 , 15.0 , 5 , 3 , 62.5 , 14 , 66.7 , 5 , 45.5 , 27 , 22.3 
103,윌커슨,23롯, 71.9 , 13 , 79.2 , 2.26 , 1.09 , 22.5 , 71.9 , 4 , 61 , 6.6 , 5 , 3 , 62.5 , 10 , 90.9 , 1 , 14.3 , 14 , 13.9 
104,맥카티,23S, 71.8 , 24 , 130.0 , 3.39 , 1.30 , 28.8 , 71.8 , 13 , 120 , 10.8 , 3 , 5 , 37.5 , 14 , 63.6 , 7 , 46.7 , 37 , 17.6 
105,구승민,23롯, 71.7 , 67 , 63.2 , 3.96 , 1.48 , 28.3 , 71.7 , 0 , 66 , 0.0 , 8 , 2 , 80.0 , 13 , 68.4 , 2 , 33.3 , 27 , 22.7 
106,박신지,23두, 71.7 , 15 , 26.0 , 5.54 , 1.92 , 30.2 , 71.7 , 0 , 27 , 0.0 , 0 , 0 ,  , 2 , 66.7 , 4 , 50.0 , 14 , 25.0 
107,윤영철,23K, 71.7 , 25 , 122.2 , 4.04 , 1.40 , 31.8 , 71.7 , 9 , 105 , 8.6 , 3 , 6 , 33.3 , 20 , 71.4 , 7 , 50.0 , 44 , 22.9 
108,나균안,23롯, 71.7 , 23 , 130.1 , 3.80 , 1.40 , 29.4 , 71.7 , 9 , 119 , 7.6 , 6 , 3 , 66.7 , 26 , 63.4 , 10 , 47.6 , 55 , 25.0 
109,양현종,23K, 71.6 , 29 , 171.0 , 3.53 , 1.33 , 29.3 , 71.6 , 11 , 138 , 8.0 , 12 , 5 , 70.6 , 34 , 73.9 , 11 , 47.8 , 54 , 20.5 
110,임기영,23K, 71.6 , 64 , 82.0 , 2.96 , 0.92 , 33.3 , 71.6 , 5 , 58 , 8.6 , 4 , 1 , 80.0 , 13 , 76.5 , 3 , 50.0 , 21 , 21.4 
111,김동주,23두, 71.4 , 18 , 78.1 , 4.14 , 1.38 , 32.1 , 71.4 , 5 , 66 , 7.6 , 5 , 2 , 71.4 , 14 , 70.0 , 4 , 50.0 , 25 , 24.0 
,이민우,23한, 71.4 , 17 , 13.2 , 2.63 , 1.02 , 28.6 , 71.4 , 0 , 10 , 0.0 , 1 , 0 , 100.0 , 3 , 100.0 , 0 ,  , 6 , 40.0 
,김정운,23K, 71.4 , 5 , 7.0 , 3.86 , 1.71 , 21.4 , 71.4 , 1 , 10 , 10.0 , 0 , 0 ,  , 1 , 50.0 , 4 , 80.0 , 4 , 22.2 
,이기순,23S, 71.4 , 2 , 3.0 , 9.00 , 2.33 , 42.9 , 71.4 , 0 , 5 , 0.0 , 0 , 0 ,  , 1 , 100.0 , 0 ,  , 1 , 33.3 
,박진,23롯, 71.4 , 4 , 5.0 , 9.00 , 2.80 , 35.7 , 71.4 , 0 , 5 , 0.0 , 1 , 0 , 100.0 , 2 , 100.0 , 0 ,  , 2 , 20.0 
,노건우,23삼, 71.4 , 16 , 12.1 , 7.30 , 2.19 , 35.7 , 71.4 , 1 , 14 , 7.1 , 0 , 0 ,  , 3 , 60.0 , 5 , 100.0 , 7 , 19.4 
,정구범,23N, 71.4 , 4 , 12.2 , 7.82 , 2.21 , 39.3 , 71.4 , 1 , 20 , 5.0 , 0 , 1 , 0.0 , 1 , 50.0 , 3 , 60.0 , 4 , 12.5 
118,스트레일리,23롯, 71.3 , 16 , 80.1 , 4.37 , 1.48 , 30.2 , 71.3 , 4 , 99 , 4.0 , 2 , 1 , 66.7 , 17 , 68.0 , 6 , 66.7 , 36 , 21.4 
119,하준영,23N, 71.2 , 57 , 49.0 , 4.59 , 1.45 , 34.2 , 71.2 , 2 , 43 , 4.7 , 2 , 0 , 100.0 , 5 , 71.4 , 2 , 40.0 , 18 , 22.8 
120,산체스,23한, 71.1 , 24 , 126.0 , 3.79 , 1.30 , 31.2 , 71.1 , 11 , 90 , 12.2 , 5 , 6 , 45.5 , 19 , 79.2 , 6 , 46.2 , 48 , 26.4 
121,손동현,23K, 71.1 , 64 , 73.2 , 3.42 , 1.20 , 31.1 , 71.1 , 7 , 65 , 10.8 , 9 , 2 , 81.8 , 18 , 81.8 , 4 , 80.0 , 22 , 18.8 
122,이승현,23삼, 71.1 , 60 , 60.0 , 3.60 , 1.38 , 28.9 , 71.1 , 2 , 50 , 4.0 , 3 , 5 , 37.5 , 7 , 87.5 , 1 , 50.0 , 26 , 23.9 
123,문동주,23한, 71.0 , 23 , 118.2 , 3.72 , 1.31 , 30.8 , 71.0 , 6 , 93 , 6.5 , 2 , 4 , 33.3 , 9 , 69.2 , 5 , 41.7 , 37 , 22.0 
124,김영규,23N, 71.0 , 63 , 61.2 , 3.06 , 1.10 , 30.4 , 71.0 , 6 , 37 , 16.2 , 2 , 3 , 40.0 , 9 , 60.0 , 3 , 42.9 , 20 , 24.4 
125,김태현,23N, 70.9 , 16 , 20.1 , 4.43 , 1.48 , 32.3 , 70.9 , 2 , 16 , 12.5 , 0 , 1 , 0.0 , 1 , 25.0 , 1 , 100.0 , 5 , 15.6 
126,이병헌,23두, 70.8 , 36 , 27.0 , 4.67 , 1.74 , 29.2 , 70.8 , 2 , 39 , 5.1 , 1 , 0 , 100.0 , 8 , 100.0 , 3 , 50.0 , 11 , 17.2 
127,백정현,23삼, 70.7 , 18 , 100.2 , 3.67 , 1.29 , 31.5 , 70.7 , 6 , 80 , 7.5 , 7 , 5 , 58.3 , 16 , 69.6 , 5 , 55.6 , 36 , 23.4 
128,최승용,23두, 70.7 , 34 , 111.0 , 3.97 , 1.35 , 31.8 , 70.7 , 10 , 104 , 9.6 , 7 , 7 , 50.0 , 16 , 61.5 , 7 , 41.2 , 39 , 19.5 
129,이의리,23K, 70.6 , 28 , 131.2 , 3.96 , 1.49 , 28.4 , 70.6 , 9 , 150 , 6.0 , 7 , 3 , 70.0 , 24 , 68.6 , 11 , 45.8 , 49 , 21.1 
130,백승건,23S, 70.5 , 25 , 38.0 , 4.97 , 1.53 , 36.2 , 70.5 , 0 , 34 , 0.0 , 2 , 0 , 100.0 , 6 , 85.7 , 1 , 20.0 , 10 , 17.2 
131,김명신,23두, 70.4 , 70 , 79.0 , 3.65 , 1.25 , 30.5 , 70.4 , 5 , 64 , 7.8 , 4 , 2 , 66.7 , 11 , 64.7 , 5 , 62.5 , 27 , 22.3 
132,배제성,23K, 70.4 , 26 , 130.1 , 4.49 , 1.70 , 29.1 , 70.4 , 16 , 147 , 10.9 , 9 , 4 , 69.2 , 27 , 67.5 , 12 , 54.6 , 57 , 21.1 
133,문성현,23키, 70.1 , 32 , 28.1 , 4.13 , 1.59 , 27.7 , 70.1 , 1 , 29 , 3.5 , 5 , 2 , 71.4 , 9 , 64.3 , 2 , 50.0 , 16 , 30.2 
134,박세웅,23롯, 70.1 , 27 , 154.0 , 3.45 , 1.33 , 28.4 , 70.1 , 9 , 128 , 7.0 , 6 , 6 , 50.0 , 19 , 61.3 , 14 , 70.0 , 59 , 25.8 
135,이태양,23한, 70.1 , 50 , 100.1 , 3.23 , 1.20 , 29.0 , 70.1 , 5 , 87 , 5.8 , 7 , 4 , 63.6 , 16 , 48.5 , 6 , 54.6 , 34 , 20.6 
136,김범수,23한, 69.9 , 76 , 62.1 , 4.19 , 1.56 , 29.0 , 69.9 , 4 , 69 , 5.8 , 2 , 7 , 22.2 , 13 , 46.4 , 5 , 50.0 , 36 , 26.9 
137,뷰캐넌,23삼, 69.9 , 30 , 188.0 , 2.54 , 1.15 , 23.8 , 69.9 , 12 , 165 , 7.3 , 8 , 9 , 47.1 , 28 , 63.6 , 14 , 48.3 , 70 , 23.3 
138,페냐,23한, 69.8 , 32 , 177.1 , 3.60 , 1.17 , 31.4 , 69.8 , 11 , 113 , 9.7 , 10 , 5 , 66.7 , 26 , 74.3 , 6 , 40.0 , 51 , 23.6 
139,김기중,23한, 69.7 , 37 , 56.1 , 4.63 , 1.54 , 30.2 , 69.7 , 6 , 56 , 10.7 , 5 , 1 , 83.3 , 9 , 52.9 , 3 , 42.9 , 20 , 18.2 
140,문승원,23S, 69.7 , 50 , 105.0 , 5.23 , 1.65 , 34.1 , 69.7 , 17 , 108 , 15.7 , 4 , 3 , 57.1 , 17 , 53.1 , 9 , 56.3 , 47 , 23.3 
141,이명종,23키, 69.7 , 45 , 57.0 , 5.21 , 1.58 , 34.4 , 69.7 , 6 , 69 , 8.7 , 5 , 3 , 62.5 , 19 , 65.5 , 5 , 45.5 , 25 , 20.7 
142,최원태,23키L, 69.7 , 26 , 146.2 , 4.30 , 1.33 , 34.7 , 69.7 , 6 , 128 , 4.7 , 10 , 7 , 58.8 , 31 , 81.6 , 5 , 45.5 , 53 , 23.1 
143,김유신,23K, 69.5 , 27 , 30.1 , 5.64 , 1.75 , 33.9 , 69.5 , 5 , 37 , 13.5 , 1 , 1 , 50.0 , 5 , 71.4 , 2 , 40.0 , 15 , 24.2 
144,김상수,23롯, 69.5 , 66 , 52.0 , 3.12 , 1.27 , 26.1 , 69.5 , 7 , 61 , 11.5 , 3 , 2 , 60.0 , 5 , 45.5 , 1 , 20.0 , 19 , 17.1 
145,엄상백,23K, 69.3 , 20 , 111.2 , 3.63 , 1.16 , 34.4 , 69.3 , 7 , 75 , 9.3 , 4 , 4 , 50.0 , 13 , 54.2 , 1 , 20.0 , 36 , 22.5 
146,장재영,23키, 69.3 , 23 , 71.2 , 5.53 , 1.80 , 32.1 , 69.3 , 11 , 95 , 11.6 , 2 , 1 , 66.7 , 14 , 73.7 , 8 , 50.0 , 43 , 25.6 
147,이용찬,23N, 69.1 , 60 , 61.0 , 4.13 , 1.18 , 37.3 , 69.1 , 3 , 49 , 6.1 , 4 , 0 , 100.0 , 9 , 69.2 , 5 , 71.4 , 21 , 25.9 
148,고효준,23S, 69.0 , 73 , 58.0 , 4.50 , 1.57 , 30.9 , 69.0 , 5 , 62 , 8.1 , 3 , 5 , 37.5 , 9 , 56.3 , 1 , 16.7 , 26 , 21.5 
149,하준호,23K, 69.0 , 12 , 13.0 , 4.85 , 1.85 , 24.1 , 69.0 , 4 , 20 , 20.0 , 4 , 0 , 100.0 , 6 , 75.0 , 0 ,  , 6 , 18.2 
150,최원준,23두, 68.9 , 26 , 107.2 , 4.93 , 1.37 , 37.1 , 68.9 , 6 , 89 , 6.7 , 8 , 2 , 80.0 , 18 , 64.3 , 9 , 56.3 , 40 , 24.1 
151,조성훈,23S, 68.8 , 2 , 7.0 , 6.43 , 2.00 , 31.3 , 68.8 , 1 , 15 , 6.7 , 0 , 0 ,  , 1 , 50.0 , 0 ,  , 6 , 20.7 
152,수아레즈,23삼, 68.6 , 19 , 108.0 , 3.92 , 1.49 , 28.8 , 68.6 , 10 , 119 , 8.4 , 6 , 1 , 85.7 , 24 , 72.7 , 8 , 61.5 , 56 , 26.9 
153,박종훈,23S, 68.4 , 18 , 80.0 , 6.19 , 1.71 , 35.3 , 68.4 , 9 , 84 , 10.7 , 3 , 7 , 30.0 , 13 , 65.0 , 9 , 50.0 , 49 , 31.0 
154,김시훈,23N, 68.3 , 61 , 52.2 , 4.44 , 1.73 , 28.3 , 68.3 , 6 , 64 , 9.4 , 4 , 1 , 80.0 , 13 , 72.2 , 4 , 50.0 , 29 , 26.6 
155,파노니,23K, 68.2 , 16 , 82.1 , 4.26 , 1.32 , 35.1 , 68.2 , 4 , 59 , 6.8 , 4 , 3 , 57.1 , 9 , 52.9 , 4 , 80.0 , 23 , 19.8 
156,양현,23키, 68.0 , 54 , 57.0 , 5.05 , 1.83 , 30.8 , 68.0 , 11 , 66 , 16.7 , 3 , 1 , 75.0 , 15 , 71.4 , 3 , 50.0 , 35 , 26.5 
157,송명기,23N, 67.9 , 35 , 104.1 , 4.92 , 1.47 , 34.8 , 67.9 , 4 , 105 , 3.8 , 6 , 1 , 85.7 , 15 , 65.2 , 8 , 50.0 , 40 , 22.1 
158,이용준,23N, 67.7 , 24 , 67.0 , 4.30 , 1.55 , 30.2 , 67.7 , 7 , 65 , 10.8 , 2 , 5 , 28.6 , 13 , 68.4 , 7 , 70.0 , 31 , 27.2 
159,신민혁,23N, 67.5 , 29 , 122.0 , 3.98 , 1.21 , 35.3 , 67.5 , 7 , 94 , 7.5 , 5 , 5 , 50.0 , 18 , 62.1 , 8 , 57.1 , 31 , 18.3 
160,이재학,23N, 67.4 , 15 , 67.1 , 4.54 , 1.31 , 36.6 , 67.4 , 1 , 57 , 1.8 , 5 , 1 , 83.3 , 14 , 77.8 , 7 , 77.8 , 20 , 22.2 
161,장민재,23한, 67.3 , 25 , 69.0 , 4.83 , 1.46 , 34.9 , 67.3 , 2 , 49 , 4.1 , 4 , 1 , 80.0 , 16 , 72.7 , 5 , 71.4 , 29 , 29.3 
162,김강률,23두, 67.3 , 32 , 25.2 , 4.21 , 1.36 , 32.4 , 67.3 , 1 , 25 , 4.0 , 1 , 1 , 50.0 , 6 , 75.0 , 3 , 75.0 , 9 , 18.8 
163,김대유,23K, 67.2 , 41 , 24.2 , 5.11 , 1.38 , 35.0 , 67.2 , 2 , 25 , 8.0 , 2 , 1 , 66.7 , 8 , 72.7 , 2 , 66.7 , 14 , 28.6 
164,박명근,23L, 67.2 , 57 , 51.1 , 5.08 , 1.50 , 34.9 , 67.2 , 5 , 59 , 8.5 , 1 , 0 , 100.0 , 13 , 72.2 , 7 , 63.6 , 20 , 20.8 
165,김기훈,23K, 67.2 , 29 , 31.1 , 4.60 , 2.07 , 23.9 , 67.2 , 2 , 37 , 5.4 , 0 , 2 , 0.0 , 6 , 60.0 , 2 , 50.0 , 10 , 16.4 
166,슐서,23K, 67.0 , 9 , 49.2 , 5.62 , 1.61 , 38.8 , 67.0 , 4 , 54 , 7.4 , 6 , 0 , 100.0 , 11 , 84.6 , 2 , 66.7 , 18 , 20.9 
167,한현희,23롯, 67.0 , 38 , 104.0 , 5.45 , 1.61 , 35.4 , 67.0 , 7 , 102 , 6.9 , 2 , 3 , 40.0 , 16 , 61.5 , 17 , 68.0 , 49 , 25.0 
168,정우람,23한, 66.9 , 52 , 40.1 , 5.36 , 1.54 , 37.5 , 66.9 , 1 , 39 , 2.6 , 0 , 1 , 0.0 , 5 , 83.3 , 5 , 50.0 , 13 , 21.0 
169,이정용,23L, 66.7 , 37 , 86.2 , 4.15 , 1.37 , 33.1 , 66.7 , 5 , 85 , 5.9 , 5 , 7 , 41.7 , 17 , 85.0 , 3 , 23.1 , 42 , 26.9 
,한두솔,23S, 66.7 , 1 , 1.0 , 9.00 , 2.00 , 33.3 , 66.7 , 0 , 1 , 0.0 , 0 , 0 ,  , 0 ,  , 0 ,  , 0 , 0.0 
,성동현,23L, 66.7 , 1 , 1.0 , 9.00 , 3.00 , 33.3 , 66.7 , 0 , 2 , 0.0 , 0 , 0 ,  , 0 ,  , 0 , 0.0 , 1 , 25.0 
,임지민,23N, 66.7 , 2 , 1.1 , 13.50 , 4.50 , 33.3 , 66.7 , 0 , 1 , 0.0 , 0 , 0 ,  , 0 , 0.0 , 0 , 0.0 , 0 , 0.0 
173,이로운,23S, 66.5 , 50 , 57.2 , 5.62 , 1.67 , 37.1 , 66.5 , 1 , 60 , 1.7 , 3 , 1 , 75.0 , 15 , 71.4 , 4 , 40.0 , 23 , 20.9 
174,김대우,23삼, 66.5 , 44 , 64.0 , 4.50 , 1.38 , 35.2 , 66.5 , 2 , 58 , 3.5 , 5 , 3 , 62.5 , 14 , 66.7 , 4 , 50.0 , 26 , 22.8 
175,한승혁,23한, 66.4 , 21 , 36.1 , 6.44 , 1.90 , 36.1 , 66.4 , 1 , 33 , 3.0 , 0 , 0 ,  , 7 , 87.5 , 3 , 42.9 , 20 , 31.3 
176,김정우,23두, 66.3 , 7 , 6.2 , 9.45 , 2.70 , 38.9 , 66.3 , 0 , 14 , 0.0 , 0 , 0 ,  , 3 , 50.0 , 0 , 0.0 , 7 , 25.0 
177,김재웅,23키, 66.1 , 67 , 59.2 , 4.22 , 1.34 , 35.0 , 66.1 , 6 , 56 , 10.7 , 2 , 2 , 50.0 , 8 , 57.1 , 7 , 58.3 , 22 , 22.5 
178,황동재,23삼, 65.9 , 7 , 31.2 , 7.11 , 1.93 , 39.7 , 65.9 , 2 , 29 , 6.9 , 1 , 1 , 50.0 , 4 , 50.0 , 2 , 33.3 , 12 , 20.7 
179,켈리,23L, 65.9 , 30 , 178.2 , 3.83 , 1.24 , 33.3 , 65.9 , 17 , 146 , 11.6 , 6 , 5 , 54.6 , 29 , 64.4 , 14 , 70.0 , 55 , 20.5 
180,김진욱,23롯, 65.7 , 50 , 36.1 , 6.44 , 1.82 , 38.2 , 65.7 , 0 , 41 , 0.0 , 3 , 4 , 42.9 , 10 , 83.3 , 3 , 60.0 , 23 , 35.4 
181,오석주,23L, 65.6 , 9 , 10.0 , 6.30 , 1.50 , 46.7 , 65.6 , 0 , 6 , 0.0 , 0 , 1 , 0.0 , 0 , 0.0 , 0 , 0.0 , 4 , 23.5 
182,벤자민,23K, 65.5 , 29 , 160.0 , 3.54 , 1.21 , 32.0 , 65.5 , 4 , 120 , 3.3 , 9 , 6 , 60.0 , 23 , 57.5 , 6 , 42.9 , 50 , 22.2 
183,박정수,23두, 65.4 , 25 , 36.2 , 4.17 , 1.50 , 27.9 , 65.4 , 3 , 45 , 6.7 , 3 , 2 , 60.0 , 5 , 35.7 , 4 , 80.0 , 17 , 20.5 
184,요키시,23키, 65.4 , 12 , 65.2 , 4.39 , 1.46 , 32.3 , 65.4 , 10 , 77 , 13.0 , 1 , 8 , 11.1 , 16 , 76.2 , 7 , 58.3 , 37 , 25.3 
185,오원석,23S, 65.3 , 28 , 144.2 , 5.23 , 1.57 , 35.6 , 65.3 , 17 , 151 , 11.3 , 5 , 14 , 26.3 , 30 , 66.7 , 16 , 61.5 , 64 , 22.9 
186,하영민,23키, 65.2 , 57 , 52.1 , 4.64 , 1.76 , 29.0 , 65.2 , 6 , 56 , 10.7 , 3 , 4 , 42.9 , 14 , 56.0 , 4 , 33.3 , 32 , 26.5 
187,박상원,23한, 65.1 , 55 , 61.2 , 3.65 , 1.49 , 26.3 , 65.1 , 6 , 58 , 10.3 , 4 , 5 , 44.4 , 15 , 68.2 , 2 , 33.3 , 35 , 28.2 
188,김도규,23롯, 64.9 , 36 , 29.2 , 4.85 , 1.42 , 37.2 , 64.9 , 2 , 30 , 6.7 , 3 , 1 , 75.0 , 9 , 81.8 , 1 , 33.3 , 13 , 24.1 
189,최지강,23두, 64.9 , 25 , 22.0 , 5.32 , 1.68 , 35.1 , 64.9 , 2 , 26 , 7.7 , 1 , 0 , 100.0 , 4 , 66.7 , 1 , 100.0 , 8 , 19.5 
190,앤더슨,23K, 64.9 , 14 , 79.0 , 3.76 , 1.29 , 31.7 , 64.9 , 10 , 74 , 13.5 , 3 , 5 , 37.5 , 11 , 57.9 , 8 , 61.5 , 31 , 22.8 
191,조이현,23K, 64.8 , 18 , 35.0 , 6.69 , 1.91 , 37.7 , 64.8 , 2 , 38 , 5.3 , 1 , 0 , 100.0 , 12 , 66.7 , 7 , 58.3 , 25 , 30.9 
192,김서준,23삼, 64.7 , 8 , 7.2 , 7.04 , 1.96 , 35.3 , 64.7 , 0 , 11 , 0.0 , 0 , 0 ,  , 0 , 0.0 , 2 , 50.0 , 2 , 8.7 
193,우규민,23삼, 64.6 , 56 , 43.0 , 4.81 , 1.40 , 36.5 , 64.6 , 1 , 45 , 2.2 , 2 , 2 , 50.0 , 10 , 76.9 , 3 , 60.0 , 16 , 18.8 
194,정성종,23롯, 64.6 , 12 , 22.0 , 5.32 , 1.64 , 35.1 , 64.6 , 4 , 18 , 22.2 , 3 , 1 , 75.0 , 5 , 83.3 , 4 , 100.0 , 12 , 38.7 
195,장원준,23두, 64.6 , 11 , 41.0 , 5.27 , 1.56 , 36.4 , 64.6 , 7 , 46 , 15.2 , 5 , 1 , 83.3 , 13 , 76.5 , 3 , 60.0 , 14 , 17.5 
196,이채호,23K, 64.2 , 25 , 24.2 , 6.93 , 1.42 , 50.0 , 64.2 , 1 , 17 , 5.9 , 1 , 0 , 100.0 , 7 , 77.8 , 3 , 60.0 , 11 , 36.7 
197,메디나,23K, 64.1 , 12 , 58.0 , 6.05 , 1.60 , 38.2 , 64.1 , 6 , 55 , 10.9 , 3 , 1 , 75.0 , 10 , 76.9 , 5 , 71.4 , 20 , 21.3 
198,박준표,23K, 64.0 , 33 , 28.0 , 4.50 , 1.32 , 37.8 , 64.0 , 5 , 26 , 19.2 , 1 , 0 , 100.0 , 2 , 50.0 , 3 , 50.0 , 7 , 14.6 
199,황동하,23K, 64.0 , 13 , 31.1 , 6.61 , 1.79 , 40.4 , 64.0 , 2 , 30 , 6.7 , 3 , 4 , 42.9 , 5 , 62.5 , 5 , 71.4 , 15 , 30.0 
200,김영현,23K, 63.9 , 31 , 33.0 , 5.45 , 1.52 , 39.2 , 63.9 , 0 , 38 , 0.0 , 2 , 0 , 100.0 , 7 , 70.0 , 3 , 60.0 , 13 , 25.0 
201,장필준,23삼, 63.8 , 17 , 19.1 , 7.91 , 2.07 , 40.5 , 63.8 , 2 , 24 , 8.3 , 0 , 0 ,  , 4 , 57.1 , 0 , 0.0 , 10 , 23.3 
202,최이준,23롯, 63.6 , 28 , 29.0 , 6.83 , 2.00 , 37.9 , 63.6 , 0 , 37 , 0.0 , 1 , 2 , 33.3 , 6 , 85.7 , 3 , 60.0 , 8 , 12.5 
203,신헌민,23S, 63.6 , 11 , 12.0 , 6.00 , 2.08 , 32.0 , 63.6 , 1 , 17 , 5.9 , 1 , 1 , 50.0 , 2 , 33.3 , 2 , 66.7 , 6 , 22.2 
,진승현,23롯, 63.6 , 24 , 27.2 , 5.86 , 1.81 , 36.0 , 63.6 , 3 , 32 , 9.4 , 0 , 1 , 0.0 , 5 , 55.6 , 5 , 62.5 , 12 , 20.0 
205,오상원,23키, 63.3 , 11 , 15.0 , 6.60 , 1.80 , 36.7 , 63.3 , 2 , 20 , 10.0 , 0 , 0 ,  , 2 , 40.0 , 2 , 66.7 , 12 , 30.0 
206,김서현,23한, 63.2 , 20 , 22.1 , 7.25 , 2.02 , 34.6 , 63.2 , 3 , 36 , 8.3 , 1 , 0 , 100.0 , 7 , 77.8 , 3 , 33.3 , 11 , 19.0 
207,양창섭,23삼, 63.2 , 15 , 28.2 , 9.10 , 2.13 , 46.8 , 63.2 , 5 , 34 , 14.7 , 0 , 1 , 0.0 , 2 , 66.7 , 1 , 33.3 , 15 , 21.1 
208,와이드너,23N삼, 62.8 , 21 , 115.0 , 4.54 , 1.32 , 36.7 , 62.8 , 11 , 85 , 12.9 , 4 , 3 , 57.1 , 16 , 80.0 , 9 , 69.2 , 52 , 27.8 
209,이진하,23롯, 62.5 , 9 , 8.0 , 3.38 , 0.88 , 37.5 , 62.5 , 1 , 9 , 11.1 , 0 , 0 ,  , 1 , 50.0 , 0 ,  , 2 , 11.8 
,채지선,23LN, 62.5 , 3 , 3.1 , 8.10 , 2.40 , 37.5 , 62.5 , 1 , 8 , 12.5 , 0 , 0 ,  , 1 , 25.0 , 1 , 50.0 , 2 , 14.3 
,김대현,23L, 62.5 , 5 , 3.1 , 10.80 , 3.00 , 36.4 , 62.5 , 0 , 6 , 0.0 , 0 , 1 , 0.0 , 0 , 0.0 , 1 , 100.0 , 2 , 20.0 
212,임준섭,23S, 62.3 , 41 , 32.2 , 5.79 , 1.93 , 32.8 , 62.3 , 7 , 43 , 16.3 , 3 , 0 , 100.0 , 10 , 76.9 , 2 , 40.0 , 22 , 31.0 
213,이민호,23L, 62.1 , 5 , 19.2 , 5.03 , 1.63 , 34.4 , 62.1 , 2 , 22 , 9.1 , 3 , 0 , 100.0 , 8 , 80.0 , 3 , 100.0 , 7 , 22.6 
214,이준호,23N, 62.0 , 17 , 31.2 , 4.83 , 1.48 , 33.3 , 62.0 , 4 , 35 , 11.4 , 0 , 0 ,  , 5 , 71.4 , 3 , 60.0 , 11 , 18.6 
215,임정호,23N, 61.9 , 65 , 50.0 , 4.68 , 1.36 , 36.1 , 61.9 , 11 , 46 , 23.9 , 2 , 2 , 50.0 , 9 , 64.3 , 4 , 66.7 , 16 , 20.5 
216,맥키니,23키, 61.9 , 12 , 59.1 , 6.52 , 1.64 , 43.9 , 61.9 , 3 , 61 , 4.9 , 0 , 5 , 0.0 , 10 , 66.7 , 7 , 53.9 , 25 , 24.0 
217,전용주,23K, 61.5 , 15 , 10.1 , 4.35 , 1.16 , 38.5 , 61.5 , 1 , 3 , 33.3 , 0 , 0 ,  , 0 , 0.0 , 0 ,  , 0 , 0.0 
218,이형범,23두, 61.3 , 23 , 27.2 , 6.51 , 1.88 , 36.4 , 61.3 , 6 , 30 , 20.0 , 2 , 0 , 100.0 , 10 , 71.4 , 7 , 100.0 , 24 , 33.8 
219,손주영,23L, 61.1 , 3 , 8.2 , 5.19 , 2.08 , 27.8 , 61.1 , 0 , 13 , 0.0 , 0 , 0 ,  , 1 , 33.3 , 0 ,  , 11 , 36.7 
220,이영하,23두, 61.1 , 36 , 39.1 , 5.49 , 1.55 , 36.9 , 61.1 , 1 , 39 , 2.6 , 3 , 1 , 75.0 , 8 , 53.3 , 2 , 33.3 , 19 , 32.2 
221,김민,23K, 60.9 , 16 , 29.0 , 6.83 , 1.93 , 36.7 , 60.9 , 4 , 39 , 10.3 , 1 , 0 , 100.0 , 7 , 77.8 , 3 , 60.0 , 20 , 28.6 
222,김태훈,23키삼, 60.7 , 71 , 63.1 , 7.11 , 1.85 , 41.7 , 60.7 , 4 , 70 , 5.7 , 8 , 4 , 66.7 , 13 , 54.2 , 5 , 71.4 , 28 , 23.0 
223,주승우,23키, 60.1 , 11 , 16.0 , 9.56 , 2.56 , 39.5 , 60.1 , 1 , 18 , 5.6 , 2 , 1 , 66.7 , 5 , 71.4 , 3 , 75.0 , 5 , 20.0 
224,김민우,23한, 60.0 , 12 , 51.2 , 6.97 , 1.80 , 42.1 , 60.0 , 5 , 61 , 8.2 , 3 , 2 , 60.0 , 20 , 80.0 , 9 , 64.3 , 23 , 21.7 
225,고봉재,23두, 60.0 , 10 , 11.1 , 6.35 , 1.68 , 40.0 , 60.0 , 1 , 9 , 11.1 , 1 , 0 , 100.0 , 6 , 100.0 , 2 , 100.0 , 6 , 33.3 
226,정우영,23L, 59.8 , 60 , 51.2 , 4.70 , 1.55 , 28.4 , 59.8 , 9 , 48 , 18.8 , 1 , 3 , 25.0 , 8 , 61.5 , 5 , 71.4 , 31 , 32.0 
227,이충호,23한, 59.2 , 11 , 8.2 , 9.35 , 1.96 , 50.0 , 59.2 , 2 , 12 , 16.7 , 1 , 1 , 50.0 , 4 , 80.0 , 1 , 100.0 , 5 , 27.8 
228,최채흥,23삼, 59.1 , 15 , 63.1 , 6.68 , 1.67 , 43.1 , 59.1 , 8 , 60 , 13.3 , 0 , 2 , 0.0 , 11 , 78.6 , 6 , 42.9 , 33 , 29.5 
229,산체스,23K, 59.0 , 12 , 63.2 , 5.94 , 1.48 , 42.9 , 59.0 , 4 , 52 , 7.7 , 1 , 4 , 20.0 , 8 , 57.1 , 5 , 55.6 , 24 , 22.0 
230,송영진,23S, 58.8 , 17 , 47.1 , 5.70 , 1.63 , 38.0 , 58.8 , 3 , 58 , 5.2 , 4 , 1 , 80.0 , 16 , 69.6 , 6 , 54.6 , 16 , 17.6 
231,윤석원,23키, 58.5 , 21 , 24.0 , 4.50 , 1.54 , 32.4 , 58.5 , 2 , 24 , 8.3 , 4 , 1 , 80.0 , 12 , 92.3 , 4 , 100.0 , 15 , 35.7 
232,김민규,23두, 58.3 , 6 , 8.1 , 4.32 , 1.20 , 33.3 , 58.3 , 0 , 6 , 0.0 , 1 , 1 , 50.0 , 4 , 80.0 , 0 , 0.0 , 4 , 36.4 
233,김민수,23K, 58.3 , 14 , 13.0 , 6.92 , 1.69 , 45.5 , 58.3 , 2 , 7 , 28.6 , 3 , 0 , 100.0 , 6 , 100.0 , 0 , 0.0 , 4 , 26.7 
234,김시현,23삼, 57.7 , 2 , 3.0 , 12.00 , 2.67 , 50.0 , 57.7 , 1 , 5 , 20.0 , 0 , 0 ,  , 0 ,  , 0 ,  , 1 , 14.3 
,김건희,23키, 57.7 , 3 , 2.0 , 22.50 , 4.00 , 62.5 , 57.7 , 0 , 4 , 0.0 , 0 , 0 ,  , 0 ,  , 0 ,  , 1 , 20.0 
,곽도규,23K, 57.7 , 14 , 11.2 , 8.49 , 2.06 , 42.3 , 57.7 , 0 , 14 , 0.0 , 4 , 0 , 100.0 , 7 , 63.6 , 2 , 50.0 , 5 , 16.1 
237,남지민,23한, 57.5 , 16 , 37.2 , 6.45 , 1.78 , 37.0 , 57.5 , 3 , 50 , 6.0 , 0 , 2 , 0.0 , 11 , 61.1 , 6 , 46.2 , 23 , 25.6 
238,정찬헌,23키, 57.2 , 14 , 72.0 , 4.75 , 1.17 , 44.2 , 57.2 , 2 , 42 , 4.8 , 3 , 4 , 42.9 , 13 , 86.7 , 4 , 80.0 , 32 , 40.0 
239,김태오,23K, 57.1 , 5 , 7.1 , 7.36 , 1.91 , 42.9 , 57.1 , 1 , 9 , 11.1 , 0 , 0 ,  , 3 , 75.0 , 3 , 100.0 , 13 , 52.0 
,허윤동,23삼, 57.1 , 7 , 10.2 , 10.13 , 2.63 , 42.9 , 57.1 , 0 , 21 , 0.0 , 0 , 1 , 0.0 , 6 , 100.0 , 0 ,  , 8 , 20.5 
241,이인복,23롯, 57.1 , 10 , 33.1 , 6.48 , 1.92 , 34.8 , 57.1 , 4 , 45 , 8.9 , 5 , 2 , 71.4 , 15 , 83.3 , 9 , 90.0 , 23 , 34.3 
242,이지강,23L, 56.9 , 22 , 68.0 , 3.97 , 1.29 , 30.9 , 56.9 , 7 , 73 , 9.6 , 2 , 2 , 50.0 , 11 , 64.7 , 5 , 45.5 , 30 , 23.6 
243,강재민,23한, 56.4 , 43 , 43.1 , 6.44 , 1.25 , 50.0 , 56.4 , 1 , 40 , 2.5 , 1 , 3 , 25.0 , 10 , 76.9 , 2 , 40.0 , 12 , 17.7 
244,김재영,23한, 56.3 , 6 , 8.0 , 10.13 , 1.88 , 52.9 , 56.3 , 1 , 7 , 14.3 , 0 , 1 , 0.0 , 2 , 66.7 , 2 , 100.0 , 5 , 38.5 
245,이태연,23롯, 56.1 , 15 , 5.2 , 15.88 , 3.71 , 47.6 , 56.1 , 1 , 12 , 8.3 , 0 , 0 ,  , 1 , 100.0 , 1 , 100.0 , 4 , 22.2 
246,이상민,23삼, 55.9 , 23 , 18.0 , 8.50 , 1.94 , 48.6 , 55.9 , 4 , 22 , 18.2 , 0 , 1 , 0.0 , 5 , 83.3 , 6 , 75.0 , 9 , 20.5 
247,강효종,23L, 55.9 , 7 , 21.2 , 6.23 , 1.71 , 38.5 , 55.9 , 3 , 28 , 10.7 , 3 , 0 , 100.0 , 6 , 85.7 , 3 , 75.0 , 15 , 37.5 
248,김동혁,23키, 55.7 , 35 , 39.1 , 7.55 , 1.75 , 44.0 , 55.7 , 4 , 50 , 8.0 , 4 , 3 , 57.1 , 13 , 68.4 , 2 , 40.0 , 30 , 31.9 
249,이종민,23키, 55.2 , 11 , 13.2 , 7.24 , 2.05 , 37.9 , 55.2 , 1 , 21 , 4.8 , 0 , 1 , 0.0 , 7 , 63.6 , 3 , 60.0 , 10 , 27.0 
250,홍정우,23삼, 54.7 , 36 , 36.0 , 7.50 , 1.58 , 50.0 , 54.7 , 3 , 51 , 5.9 , 3 , 3 , 50.0 , 10 , 66.7 , 7 , 70.0 , 20 , 22.5 
251,우강훈,23롯, 54.5 , 3 , 6.0 , 6.00 , 1.67 , 36.4 , 54.5 , 1 , 11 , 9.1 , 1 , 0 , 100.0 , 2 , 100.0 , 1 , 100.0 , 2 , 15.4 
252,원종현,23키, 54.3 , 20 , 18.2 , 5.79 , 1.55 , 40.0 , 54.3 , 1 , 11 , 9.1 , 1 , 2 , 33.3 , 3 , 42.9 , 1 , 33.3 , 6 , 25.0 
253,김준형,23키, 53.8 , 8 , 7.2 , 7.04 , 1.30 , 46.2 , 53.8 , 0 , 9 , 0.0 , 1 , 0 , 100.0 , 3 , 100.0 , 0 ,  , 1 , 16.7 
254,김호준,23두, 53.6 , 3 , 3.0 , 12.00 , 2.33 , 57.1 , 53.6 , 0 , 6 , 0.0 , 0 , 0 ,  , 1 , 100.0 , 0 ,  , 1 , 11.1 
255,김재열,23K, 53.0 , 9 , 11.2 , 13.11 , 2.83 , 51.5 , 53.0 , 1 , 22 , 4.6 , 0 , 0 ,  , 7 , 70.0 , 5 , 100.0 , 10 , 23.8 
256,소형준,23K, 52.6 , 3 , 11.0 , 11.45 , 2.27 , 50.0 , 52.6 , 3 , 18 , 16.7 , 1 , 1 , 50.0 , 3 , 75.0 , 5 , 100.0 , 11 , 33.3 
257,김선기,23키, 50.6 , 17 , 43.2 , 5.98 , 1.63 , 40.3 , 50.6 , 2 , 35 , 5.7 , 2 , 3 , 40.0 , 10 , 83.3 , 1 , 25.0 , 30 , 39.0 
258,류원석,23한, 50.0 , 1 , 2.0 , 4.50 , 0.50 , 50.0 , 50.0 , 0 , 2 , 0.0 , 0 , 0 ,  , 0 ,  , 0 ,  , 1 , 25.0 
,김영준,23L, 50.0 , 1 , 0.1 , 27.00 , 6.00 , 50.0 , 50.0 , 0 , 0 ,  , 0 , 0 ,  , 0 ,  , 1 , 100.0 , 0 , 0.0 
,스미스,23한, 50.0 , 1 , 2.2 , 6.75 , 1.13 , 50.0 , 50.0 , 0 , 4 , 0.0 , 0 , 0 ,  , 0 ,  , 0 ,  , 2 , 28.6 
,서상준,23S, 50.0 , 2 , 2.0 , 0.00 , 3.00 , 0.0 , 50.0 , 0 , 4 , 0.0 , 0 , 0 ,  , 0 ,  , 0 , 0.0 , 1 , 12.5 
,이원재,23두, 50.0 , 1 , 1.0 , 27.00 , 6.00 , 50.0 , 50.0 , 0 , 4 , 0.0 , 0 , 0 ,  , 1 , 100.0 , 2 , 100.0 , 1 , 16.7 
263,정성곤,23S, 49.2 , 6 , 4.1 , 10.38 , 3.46 , 33.3 , 49.2 , 1 , 6 , 16.7 , 1 , 1 , 50.0 , 3 , 60.0 , 1 , 50.0 , 5 , 55.6 
,딜런,23두, 49.2 , 2 , 9.0 , 8.00 , 1.67 , 53.3 , 49.2 , 0 , 11 , 0.0 , 0 , 0 ,  , 0 ,  , 0 ,  , 4 , 30.8 
265,김건국,23K, 47.8 , 6 , 16.0 , 6.75 , 1.38 , 52.2 , 47.8 , 1 , 6 , 16.7 , 1 , 0 , 100.0 , 4 , 80.0 , 2 , 66.7 , 13 , 81.3 
266,류희운,23한, 45.5 , 3 , 4.0 , 11.25 , 2.00 , 62.5 , 45.5 , 0 , 4 , 0.0 , 0 , 0 ,  , 0 , 0.0 , 1 , 50.0 , 2 , 18.2 
267,김동규,23L키, 43.0 , 4 , 4.1 , 22.85 , 4.15 , 55.0 , 43.0 , 2 , 13 , 15.4 , 0 , 1 , 0.0 , 2 , 66.7 , 1 , 33.3 , 4 , 26.7 
268,제환유,23두, 42.9 , 1 , 2.0 , 13.50 , 3.50 , 42.9 , 42.9 , 0 , 8 , 0.0 , 0 , 0 ,  , 2 , 50.0 , 1 , 50.0 , 2 , 15.4 
269,최영환,23롯, 39.1 , 8 , 10.0 , 9.90 , 2.20 , 47.8 , 39.1 , 1 , 17 , 5.9 , 1 , 1 , 50.0 , 4 , 66.7 , 3 , 75.0 , 7 , 25.0 
270,나원탁,23롯, 38.5 , 1 , 0.2 , 40.50 , 6.00 , 75.0 , 38.5 , 0 , 0 ,  , 0 , 0 ,  , 0 ,  , 0 ,  , 0 , 0.0 
,배민서,23N, 38.5 , 6 , 6.2 , 6.75 , 1.80 , 38.5 , 38.5 , 0 , 3 , 0.0 , 0 , 0 ,  , 4 , 100.0 , 4 , 80.0 , 4 , 57.1 
,최하늘,23삼, 38.5 , 3 , 6.1 , 19.89 , 3.00 , 66.7 , 38.5 , 0 , 13 , 0.0 , 1 , 0 , 100.0 , 4 , 100.0 , 1 , 33.3 , 4 , 21.1 
273,최성훈,23L, 37.5 , 5 , 3.0 , 15.00 , 2.67 , 62.5 , 37.5 , 0 , 7 , 0.0 , 0 , 0 ,  , 1 , 100.0 , 0 , 0.0 , 5 , 31.3 
274,송윤준,23한, 33.3 , 4 , 4.1 , 8.31 , 1.39 , 66.7 , 33.3 , 0 , 5 , 0.0 , 0 , 0 ,  , 2 , 100.0 , 1 , 100.0 , 4 , 57.1 
,배재준,23L, 33.3 , 1 , 1.0 , 18.00 , 3.00 , 66.7 , 33.3 , 0 , 3 , 0.0 , 0 , 0 ,  , 0 ,  , 0 ,  , 1 , 25.0 
276,박윤철,23한, 27.8 , 3 , 3.1 , 21.60 , 3.00 , 80.0 , 27.8 , 0 , 7 , 0.0 , 0 , 0 ,  , 2 , 100.0 , 0 , 0.0 , 3 , 42.9 
277,김주온,23S, 25.0 , 1 , 0.1 , 81.00 , 9.00 , 75.0 , 25.0 , 0 , 4 , 0.0 , 0 , 0 ,  , 1 , 100.0 , 0 , 0.0 , 0 , 0.0 
278,이영준,23키, 20.0 , 2 , 1.2 , 21.60 , 3.00 , 80.0 , 20.0 , 0 , 3 , 0.0 , 0 , 0 ,  , 1 , 100.0 , 0 ,  , 2 , 25.0 
279,장지수,23한, 16.7 , 1 , 2.0 , 18.00 , 3.00 , 66.7 , 16.7 , 1 , 5 , 20.0 , 0 , 0 ,  , 1 , 50.0 , 2 , 100.0 , 5 , 62.5 
280,박준영,23한, 10.0 , 4 , 4.1 , 18.69 , 2.31 , 90.0 , 10.0 , 0 , 5 , 0.0 , 0 , 0 ,  , 1 , 100.0 , 0 ,  , 1 , 50.0 
281,변시원,23키, 9.4 , 4 , 2.1 , 42.43 , 4.29 , 91.7 , 9.4 , 0 , 5 , 0.0 , 0 , 2 , 0.0 , 0 ,  , 0 , 0.0 , 2 , 33.3 
282,김주한,23S, 0.0 , 1 , 0.0 ,  ,  , 100.0 , 0.0 , 0 , 2 , 0.0 , 0 , 0 ,  , 0 ,  , 1 , 100.0 , 0 , 0.0 
,문경찬,23롯, 0.0 , 2 , 2.0 , 27.00 , 3.00 , 100.0 , 0.0 , 0 , 4 , 0.0 , 0 , 0 ,  , 1 , 100.0 , 0 ,  , 1 , 33.3 
284,이승진,23두, -33.3 , 1 , 0.2 , 0.00 , 3.00 , 0.0 , -33.3 , 0 , 4 , 0.0 , 0 , 0 ,  , 0 , 0.0 , 0 ,  , 1 , 14.3 
285,김태욱,23롯,  , 1 , 1.0 , 0.00 , 0.00 ,  ,  , 0 , 0 ,  , 0 , 0 ,  , 0 ,  , 0 ,  , 0 ,  