순,이름,팀/포지션,정렬용,타석,투구수,P/PA,루킹,헛스윙,파울,타격,투구S%,투구B%,배트적극성_전체,배트적극성_초구,컨택%,2S후커트%,2S후선구%,스윙삼진,루킹삼진,LSO%,배팅찬스N,배팅찬스스윙,배팅찬스W%
1,박민석,23KSS, 5.75 , 4 , 23 , 5.75 , 38.5 , 7.7 , 46.2 , 7.7 , 56.5 , 43.5 , 34.8 , 25.0 , 87.5 , 40.0 , 37.5 , 1 , 2 , 66.7 , 12 , 2 , 16.7 
2,신성현,23두1B, 5.07 , 15 , 76 , 5.07 , 22.0 , 26.8 , 31.7 , 19.5 , 54.0 , 46.1 , 42.1 , 20.0 , 65.6 , 69.2 , 38.1 , 4 , 0 , 0.0 , 50 , 6 , 12.0 
3,박형준,23롯, 5.00 , 1 , 5 , 5.00 , 50.0 , 25.0 , 25.0 , 0.0 , 80.0 , 20.0 , 40.0 , 100.0 , 50.0 , 50.0 , 33.3 , 0 , 1 , 100.0 , 0 , 0 ,  
,전준호,23LC, 5.00 , 1 , 5 , 5.00 , 0.0 , 0.0 , 66.7 , 33.3 , 60.0 , 40.0 , 60.0 , 100.0 , 100.0 , 100.0 , 50.0 , 0 , 0 ,  , 0 , 0 ,  
5,문상준,23K2B, 4.80 , 5 , 24 , 4.80 , 23.5 , 23.5 , 47.1 , 5.9 , 70.8 , 29.2 , 54.2 , 60.0 , 69.2 , 42.9 , 41.7 , 3 , 1 , 25.0 , 11 , 0 , 0.0 
6,유상빈,23한DH, 4.75 , 8 , 38 , 4.75 , 23.8 , 23.8 , 28.6 , 23.8 , 55.3 , 44.7 , 42.1 , 25.0 , 68.8 , 87.5 , 46.7 , 1 , 0 , 0.0 , 12 , 0 , 0.0 
7,홍종표,23K2B, 4.67 , 12 , 56 , 4.67 , 29.0 , 12.9 , 35.5 , 22.6 , 55.4 , 44.6 , 39.3 , 25.0 , 81.8 , 87.5 , 50.0 , 1 , 0 , 0.0 , 14 , 2 , 14.3 
,김동혁,23롯RF, 4.67 , 9 , 42 , 4.67 , 28.0 , 16.0 , 40.0 , 16.0 , 59.5 , 40.5 , 42.9 , 22.2 , 77.8 , 70.0 , 33.3 , 2 , 1 , 33.3 , 2 , 1 , 50.0 
,송대현,23LSS, 4.67 , 3 , 14 , 4.67 , 9.1 , 36.4 , 45.5 , 9.1 , 78.6 , 21.4 , 71.4 , 33.3 , 60.0 , 60.0 , 16.7 , 2 , 0 , 0.0 , 0 , 0 ,  
10,김준완,23키LF, 4.63 , 225 , 1041 , 4.63 , 47.1 , 9.6 , 21.8 , 21.5 , 63.0 , 37.0 , 33.3 , 13.8 , 81.8 , 75.9 , 36.0 , 36 , 21 , 36.8 , 252 , 6 , 2.4 
11,윤정빈,23삼1B, 4.58 , 43 , 197 , 4.58 , 32.8 , 22.1 , 27.1 , 18.0 , 61.9 , 38.1 , 41.6 , 20.9 , 67.1 , 72.7 , 30.2 , 9 , 3 , 25.0 , 53 , 4 , 7.6 
12,오선우,23K1B, 4.55 , 31 , 141 , 4.55 , 26.2 , 35.7 , 22.6 , 15.5 , 59.6 , 40.4 , 44.0 , 38.7 , 51.6 , 44.4 , 42.6 , 9 , 6 , 40.0 , 40 , 4 , 10.0 
13,홍현빈,23KCF, 4.55 , 86 , 391 , 4.55 , 35.3 , 12.1 , 31.7 , 20.9 , 63.7 , 36.3 , 41.2 , 19.8 , 81.4 , 78.4 , 34.9 , 14 , 7 , 33.3 , 33 , 3 , 9.1 
14,이병헌,23삼C, 4.52 , 33 , 149 , 4.52 , 27.8 , 23.7 , 28.9 , 19.6 , 65.1 , 34.9 , 47.0 , 39.4 , 67.1 , 67.7 , 37.0 , 8 , 3 , 27.3 , 25 , 1 , 4.0 
15,오그레디,23한LF, 4.44 , 86 , 382 , 4.44 , 19.1 , 30.2 , 34.5 , 16.3 , 66.0 , 34.0 , 53.4 , 36.1 , 62.8 , 58.1 , 27.3 , 34 , 6 , 15.0 , 163 , 11 , 6.8 
16,김범석,23L1B, 4.41 , 29 , 128 , 4.41 , 16.5 , 18.8 , 37.7 , 27.1 , 66.4 , 33.6 , 55.5 , 24.1 , 77.5 , 84.9 , 32.7 , 5 , 0 , 0.0 , 23 , 1 , 4.4 
17,박준영,23두3B, 4.41 , 138 , 609 , 4.41 , 26.5 , 20.0 , 35.5 , 18.0 , 67.5 , 32.5 , 49.6 , 23.2 , 72.9 , 67.7 , 24.8 , 39 , 14 , 26.4 , 129 , 12 , 9.3 
18,서동욱,23롯RF, 4.40 , 20 , 88 , 4.40 , 24.5 , 20.8 , 32.1 , 22.6 , 60.2 , 39.8 , 45.5 , 40.0 , 72.5 , 68.8 , 38.5 , 1 , 4 , 80.0 , 15 , 3 , 20.0 
19,권희동,23NLF, 4.40 , 373 , 1641 , 4.40 , 35.2 , 8.4 , 29.6 , 26.9 , 60.8 , 39.2 , 39.4 , 15.3 , 87.0 , 84.6 , 37.2 , 38 , 12 , 24.0 , 526 , 33 , 6.3 
20,박경수,23K2B, 4.40 , 221 , 972 , 4.40 , 30.2 , 17.9 , 27.1 , 24.8 , 59.7 , 40.3 , 41.7 , 25.8 , 74.3 , 74.7 , 42.0 , 37 , 9 , 19.6 , 249 , 14 , 5.6 
21,오선진,23한SS, 4.39 , 199 , 873 , 4.39 , 36.5 , 10.6 , 28.1 , 24.8 , 62.8 , 37.2 , 39.9 , 9.6 , 83.3 , 82.5 , 36.9 , 24 , 10 , 29.4 , 207 , 11 , 5.3 
22,김도환,23삼C, 4.38 , 8 , 35 , 4.38 , 27.3 , 4.6 , 36.4 , 31.8 , 62.9 , 37.1 , 45.7 , 37.5 , 93.8 , 128.6 , 41.7 , 0 , 0 ,  , 0 , 0 ,  
23,최원준,23K1B, 4.35 , 274 , 1191 , 4.35 , 35.2 , 7.6 , 30.2 , 27.0 , 63.4 , 36.6 , 41.1 , 21.5 , 88.3 , 84.1 , 30.5 , 24 , 15 , 38.5 , 314 , 18 , 5.7 
24,이시원,23KRF, 4.31 , 32 , 138 , 4.31 , 25.0 , 10.2 , 37.5 , 27.3 , 63.8 , 36.2 , 47.8 , 21.9 , 86.4 , 80.7 , 41.5 , 4 , 2 , 33.3 , 46 , 3 , 6.5 
25,이진영,23한RF, 4.29 , 422 , 1812 , 4.29 , 32.1 , 20.8 , 25.7 , 21.4 , 62.0 , 38.0 , 42.1 , 24.6 , 69.3 , 65.1 , 33.8 , 95 , 32 , 25.2 , 579 , 44 , 7.6 
26,신본기,23KSS, 4.29 , 75 , 322 , 4.29 , 29.6 , 14.0 , 29.0 , 27.4 , 57.8 , 42.2 , 40.7 , 28.0 , 80.2 , 84.0 , 51.0 , 5 , 3 , 37.5 , 129 , 3 , 2.3 
27,박주홍,23키1B, 4.28 , 57 , 244 , 4.28 , 29.1 , 33.1 , 20.3 , 17.6 , 60.7 , 39.3 , 43.0 , 14.0 , 53.3 , 40.9 , 40.5 , 20 , 6 , 23.1 , 94 , 8 , 8.5 
28,조용호,23KRF, 4.28 , 184 , 787 , 4.28 , 28.0 , 10.3 , 34.4 , 27.4 , 63.2 , 36.9 , 45.5 , 25.0 , 85.8 , 84.2 , 35.5 , 17 , 8 , 32.0 , 95 , 6 , 6.3 
29,최주환,23S2B, 4.28 , 478 , 2044 , 4.28 , 29.4 , 11.6 , 33.2 , 25.9 , 63.5 , 36.5 , 44.9 , 16.3 , 83.6 , 79.2 , 28.0 , 82 , 12 , 12.8 , 673 , 60 , 8.9 
30,김재성,23삼C, 4.27 , 125 , 534 , 4.27 , 34.4 , 15.1 , 28.4 , 22.1 , 59.4 , 40.6 , 39.0 , 20.0 , 76.9 , 68.3 , 35.7 , 26 , 5 , 16.1 , 180 , 15 , 8.3 
31,정은원,23한2B, 4.27 , 459 , 1960 , 4.27 , 40.8 , 9.8 , 21.5 , 27.9 , 58.8 , 41.2 , 34.8 , 11.1 , 83.4 , 78.7 , 40.8 , 50 , 23 , 31.5 , 670 , 39 , 5.8 
32,오장한,23NRF, 4.25 , 8 , 34 , 4.25 , 22.7 , 36.4 , 31.8 , 9.1 , 64.7 , 35.3 , 50.0 , 25.0 , 52.9 , 37.5 , 27.3 , 5 , 0 , 0.0 , 12 , 0 , 0.0 
,고명준,23S1B, 4.25 , 4 , 17 , 4.25 , 35.7 , 42.9 , 14.3 , 7.1 , 82.4 , 17.7 , 52.9 , 25.0 , 33.3 , 50.0 , 25.0 , 2 , 1 , 33.3 , 0 , 0 ,  
34,박승욱,23롯2B, 4.25 , 338 , 1436 , 4.25 , 30.0 , 17.3 , 28.6 , 24.1 , 62.1 , 37.9 , 43.5 , 29.9 , 75.3 , 70.0 , 37.8 , 64 , 23 , 26.4 , 386 , 29 , 7.5 
35,김규성,23K2B, 4.24 , 177 , 751 , 4.24 , 28.5 , 16.1 , 30.2 , 25.2 , 63.5 , 36.5 , 45.4 , 32.2 , 77.4 , 73.3 , 39.0 , 30 , 13 , 30.2 , 191 , 25 , 13.1 
,김웅빈,23키1B, 4.24 , 74 , 314 , 4.24 , 31.0 , 16.2 , 29.4 , 23.4 , 62.7 , 37.3 , 43.3 , 25.7 , 76.5 , 70.6 , 26.9 , 12 , 8 , 40.0 , 77 , 10 , 13.0 
37,최재훈,23한C, 4.24 , 417 , 1769 , 4.24 , 41.1 , 6.8 , 25.0 , 27.1 , 60.5 , 39.5 , 35.7 , 6.0 , 88.4 , 84.2 , 41.0 , 33 , 15 , 31.3 , 449 , 13 , 2.9 
38,송민섭,23KRF, 4.24 , 25 , 106 , 4.24 , 20.8 , 19.4 , 38.9 , 20.8 , 67.9 , 32.1 , 53.8 , 32.0 , 75.4 , 70.4 , 27.0 , 6 , 2 , 25.0 , 24 , 2 , 8.3 
39,김호재,23삼3B, 4.24 , 127 , 538 , 4.24 , 31.2 , 11.6 , 27.8 , 29.5 , 65.6 , 34.4 , 45.2 , 19.7 , 83.1 , 86.3 , 29.1 , 14 , 3 , 17.7 , 204 , 8 , 3.9 
40,정수빈,23두CF, 4.22 , 583 , 2462 , 4.22 , 36.1 , 7.1 , 27.3 , 29.4 , 61.9 , 38.1 , 39.6 , 16.6 , 88.9 , 86.7 , 30.8 , 52 , 11 , 17.5 , 937 , 57 , 6.1 
,김강민,23SCF, 4.22 , 166 , 701 , 4.22 , 26.6 , 19.8 , 29.2 , 24.5 , 60.6 , 39.4 , 44.5 , 22.9 , 73.1 , 73.3 , 31.5 , 35 , 3 , 7.9 , 273 , 21 , 7.7 
42,이유찬,23두2B, 4.22 , 239 , 1009 , 4.22 , 31.0 , 12.9 , 30.7 , 25.5 , 64.0 , 36.0 , 44.2 , 21.8 , 81.4 , 78.4 , 26.7 , 44 , 7 , 13.7 , 250 , 18 , 7.2 
43,김형준,23NC, 4.22 , 82 , 346 , 4.22 , 32.4 , 22.9 , 21.4 , 23.3 , 60.7 , 39.3 , 41.0 , 24.4 , 66.2 , 63.4 , 35.5 , 19 , 5 , 20.8 , 151 , 9 , 6.0 
44,노수광,23한LF, 4.21 , 94 , 396 , 4.21 , 31.5 , 18.3 , 27.2 , 23.0 , 59.3 , 40.7 , 40.7 , 26.6 , 73.3 , 63.5 , 38.3 , 16 , 11 , 40.7 , 157 , 14 , 8.9 
45,김상수,23KSS, 4.20 , 512 , 2152 , 4.20 , 39.6 , 7.7 , 23.7 , 29.0 , 61.9 , 38.1 , 37.4 , 10.7 , 87.3 , 83.0 , 36.6 , 50 , 18 , 26.5 , 515 , 23 , 4.5 
46,장준원,23KSS, 4.20 , 104 , 437 , 4.20 , 30.9 , 16.0 , 27.9 , 25.2 , 60.0 , 40.1 , 41.4 , 28.9 , 76.8 , 69.5 , 38.8 , 14 , 11 , 44.0 , 87 , 5 , 5.8 
47,조현진,23NSS, 4.20 , 5 , 21 , 4.20 , 16.7 , 33.3 , 16.7 , 33.3 , 57.1 , 42.9 , 47.6 , 40.0 , 60.0 , 75.0 , 42.9 , 0 , 1 , 100.0 , 1 , 1 , 100.0 
,전병우,23키1B, 4.20 , 75 , 315 , 4.20 , 33.9 , 24.7 , 22.0 , 19.4 , 59.1 , 41.0 , 39.1 , 30.7 , 62.6 , 50.0 , 37.8 , 20 , 8 , 28.6 , 78 , 6 , 7.7 
49,강백호,23KDH, 4.19 , 271 , 1135 , 4.19 , 30.0 , 17.1 , 26.1 , 26.8 , 60.8 , 39.2 , 42.6 , 25.1 , 75.6 , 74.3 , 28.2 , 47 , 8 , 14.6 , 472 , 39 , 8.3 
50,오재일,23삼1B, 4.18 , 364 , 1522 , 4.18 , 16.9 , 27.8 , 32.6 , 22.7 , 60.3 , 39.8 , 50.1 , 43.7 , 66.5 , 61.3 , 37.5 , 96 , 14 , 12.7 , 529 , 48 , 9.1 
51,이형종,23키RF, 4.17 , 374 , 1558 , 4.17 , 29.1 , 16.4 , 28.7 , 25.8 , 60.5 , 39.5 , 42.9 , 23.5 , 76.8 , 73.3 , 36.7 , 58 , 20 , 25.6 , 596 , 51 , 8.6 
52,노시환,23한3B, 4.16 , 595 , 2474 , 4.16 , 26.6 , 16.7 , 30.2 , 26.5 , 60.8 , 39.2 , 44.7 , 20.2 , 77.3 , 75.0 , 38.7 , 96 , 22 , 18.6 , 705 , 59 , 8.4 
53,김휘집,23키SS, 4.15 , 435 , 1807 , 4.15 , 30.4 , 19.1 , 24.7 , 25.9 , 61.0 , 39.0 , 42.5 , 25.5 , 72.6 , 70.4 , 38.0 , 77 , 20 , 20.6 , 541 , 33 , 6.1 
54,홍창기,23LRF, 4.15 , 643 , 2670 , 4.15 , 31.2 , 10.8 , 29.0 , 29.0 , 58.2 , 41.8 , 40.0 , 23.6 , 84.3 , 81.3 , 40.7 , 56 , 27 , 32.5 , 700 , 63 , 9.0 
55,이원석,23한CF, 4.15 , 138 , 572 , 4.15 , 33.9 , 17.0 , 24.4 , 24.7 , 58.7 , 41.3 , 38.8 , 29.7 , 74.3 , 67.3 , 39.9 , 27 , 6 , 18.2 , 131 , 6 , 4.6 
56,김수환,23키1B, 4.14 , 114 , 472 , 4.14 , 26.4 , 25.4 , 27.1 , 21.1 , 63.4 , 36.7 , 46.6 , 36.0 , 65.5 , 58.9 , 37.5 , 23 , 13 , 36.1 , 103 , 11 , 10.7 
57,도태훈,23N3B, 4.13 , 302 , 1247 , 4.13 , 36.4 , 11.5 , 25.0 , 27.2 , 58.8 , 41.2 , 37.4 , 16.6 , 82.0 , 77.9 , 39.0 , 38 , 10 , 20.8 , 363 , 27 , 7.4 
58,마틴,23NCF, 4.13 , 503 , 2076 , 4.13 , 23.8 , 18.5 , 30.9 , 26.9 , 60.6 , 39.5 , 46.2 , 28.2 , 75.8 , 71.1 , 37.3 , 85 , 22 , 20.6 , 631 , 61 , 9.7 
59,김주원,23NSS, 4.12 , 474 , 1955 , 4.12 , 26.1 , 15.7 , 33.0 , 25.2 , 62.8 , 37.2 , 46.4 , 26.0 , 78.7 , 73.8 , 34.8 , 75 , 31 , 29.3 , 562 , 62 , 11.0 
60,로하스,23두LF, 4.12 , 464 , 1913 , 4.12 , 26.1 , 12.6 , 33.1 , 28.3 , 62.5 , 37.5 , 46.2 , 32.1 , 83.0 , 82.7 , 33.7 , 51 , 17 , 25.0 , 601 , 53 , 8.8 
,김주형,23키SS, 4.12 , 81 , 334 , 4.12 , 33.9 , 25.2 , 20.6 , 20.2 , 65.3 , 34.7 , 43.1 , 35.8 , 61.8 , 62.9 , 47.4 , 19 , 8 , 29.6 , 81 , 2 , 2.5 
62,박석민,23N3B, 4.12 , 107 , 441 , 4.12 , 26.5 , 17.8 , 29.9 , 25.8 , 59.9 , 40.1 , 44.0 , 32.7 , 75.8 , 70.1 , 41.7 , 16 , 6 , 27.3 , 112 , 8 , 7.1 
63,렉스,23롯RF, 4.12 , 234 , 963 , 4.12 , 28.5 , 13.5 , 32.0 , 26.1 , 60.1 , 39.9 , 43.0 , 32.1 , 81.2 , 69.5 , 39.4 , 38 , 16 , 29.6 , 350 , 23 , 6.6 
64,변우혁,23K1B, 4.11 , 226 , 928 , 4.11 , 22.9 , 28.8 , 26.5 , 21.8 , 62.2 , 37.8 , 48.0 , 39.8 , 62.7 , 58.6 , 40.1 , 60 , 14 , 18.9 , 153 , 16 , 10.5 
65,류승민,23삼RF, 4.11 , 57 , 234 , 4.11 , 27.0 , 19.0 , 32.5 , 21.5 , 69.7 , 30.3 , 50.9 , 38.6 , 74.0 , 66.7 , 29.4 , 14 , 5 , 26.3 , 62 , 2 , 3.2 
66,김인태,23두RF, 4.10 , 115 , 471 , 4.10 , 33.9 , 14.3 , 26.2 , 25.5 , 60.7 , 39.3 , 40.1 , 24.4 , 78.3 , 67.5 , 41.6 , 16 , 10 , 38.5 , 99 , 15 , 15.2 
,김준태,23KC, 4.10 , 136 , 557 , 4.10 , 30.2 , 15.4 , 29.0 , 25.4 , 59.4 , 40.6 , 41.5 , 30.9 , 77.9 , 69.2 , 35.4 , 20 , 12 , 37.5 , 205 , 15 , 7.3 
,장진혁,23한CF, 4.10 , 178 , 729 , 4.10 , 26.8 , 18.2 , 28.1 , 26.8 , 62.4 , 37.6 , 45.7 , 30.9 , 75.1 , 70.7 , 32.4 , 31 , 10 , 24.4 , 238 , 17 , 7.1 
69,김동헌,23키C, 4.09 , 242 , 990 , 4.09 , 34.4 , 13.1 , 26.9 , 25.6 , 63.9 , 36.1 , 41.9 , 16.5 , 80.0 , 71.8 , 37.5 , 41 , 14 , 25.5 , 215 , 16 , 7.4 
70,한승택,23KC, 4.09 , 104 , 425 , 4.09 , 32.3 , 20.2 , 25.1 , 22.4 , 61.9 , 38.1 , 41.9 , 25.0 , 70.2 , 64.0 , 33.6 , 23 , 9 , 28.1 , 154 , 12 , 7.8 
71,윤동희,23롯RF, 4.08 , 423 , 1727 , 4.08 , 36.0 , 10.3 , 24.0 , 29.8 , 63.3 , 36.7 , 40.5 , 14.4 , 84.0 , 79.2 , 29.4 , 40 , 29 , 42.0 , 624 , 48 , 7.7 
72,박찬혁,23키LF, 4.08 , 167 , 681 , 4.08 , 29.8 , 18.5 , 25.9 , 25.9 , 64.2 , 35.8 , 45.1 , 26.4 , 73.6 , 70.1 , 36.9 , 29 , 12 , 29.3 , 217 , 14 , 6.5 
73,김건희,23키1B, 4.08 , 13 , 53 , 4.08 , 16.1 , 48.4 , 12.9 , 22.6 , 58.5 , 41.5 , 49.1 , 38.5 , 42.3 , 42.9 , 30.0 , 3 , 1 , 25.0 , 24 , 3 , 12.5 
74,박주찬,23N3B, 4.07 , 14 , 57 , 4.07 , 21.6 , 24.3 , 21.6 , 32.4 , 64.9 , 35.1 , 50.9 , 35.7 , 69.0 , 83.3 , 40.0 , 2 , 0 , 0.0 , 33 , 3 , 9.1 
75,구자욱,23삼RF, 4.07 , 515 , 2096 , 4.07 , 26.7 , 15.4 , 29.3 , 28.7 , 62.8 , 37.2 , 46.0 , 27.2 , 79.1 , 79.2 , 33.4 , 68 , 13 , 16.1 , 576 , 41 , 7.1 
76,안주형,23삼2B, 4.07 , 91 , 370 , 4.07 , 20.8 , 20.8 , 32.6 , 25.9 , 63.8 , 36.2 , 50.5 , 48.4 , 73.8 , 72.4 , 39.7 , 15 , 5 , 25.0 , 88 , 3 , 3.4 
77,전의산,23S1B, 4.07 , 153 , 622 , 4.07 , 18.9 , 25.8 , 31.1 , 24.2 , 63.0 , 37.0 , 51.1 , 39.9 , 68.2 , 66.4 , 39.3 , 30 , 10 , 25.0 , 175 , 21 , 12.0 
78,박한결,23NLF, 4.06 , 18 , 73 , 4.06 , 37.8 , 24.4 , 20.0 , 17.8 , 61.6 , 38.4 , 38.4 , 16.7 , 60.7 , 50.0 , 46.2 , 6 , 1 , 14.3 , 28 , 2 , 7.1 
79,이용규,23키LF, 4.05 , 178 , 721 , 4.05 , 27.9 , 5.8 , 37.1 , 29.2 , 64.6 , 35.4 , 46.6 , 27.5 , 92.0 , 87.1 , 28.2 , 16 , 6 , 27.3 , 239 , 9 , 3.8 
80,오지환,23LSS, 4.03 , 502 , 2025 , 4.03 , 25.2 , 18.1 , 26.8 , 29.9 , 57.5 , 42.5 , 43.0 , 29.3 , 75.8 , 73.8 , 43.0 , 66 , 16 , 19.5 , 609 , 71 , 11.7 
81,알포드,23KLF, 4.03 , 547 , 2206 , 4.03 , 23.1 , 22.8 , 28.7 , 25.4 , 63.2 , 36.8 , 48.6 , 32.7 , 70.3 , 66.8 , 35.5 , 116 , 24 , 17.1 , 537 , 54 , 10.1 
,노진혁,23롯SS, 4.03 , 390 , 1573 , 4.03 , 25.2 , 20.0 , 27.8 , 27.0 , 60.7 , 39.4 , 45.4 , 26.2 , 73.3 , 72.1 , 32.5 , 72 , 12 , 14.3 , 507 , 48 , 9.5 
83,신범수,23KC, 4.03 , 100 , 403 , 4.03 , 28.5 , 12.3 , 31.5 , 27.7 , 64.5 , 35.5 , 46.2 , 19.0 , 82.8 , 78.2 , 21.6 , 19 , 0 , 0.0 , 165 , 11 , 6.7 
84,박성한,23SSS, 4.03 , 529 , 2131 , 4.03 , 35.9 , 7.2 , 24.7 , 32.2 , 60.3 , 39.8 , 38.6 , 22.7 , 88.8 , 85.1 , 33.7 , 42 , 14 , 25.0 , 628 , 43 , 6.9 
85,최형우,23KDH, 4.03 , 508 , 2045 , 4.03 , 26.1 , 16.8 , 28.1 , 29.0 , 59.3 , 40.7 , 43.9 , 28.2 , 77.3 , 76.0 , 34.0 , 68 , 15 , 18.1 , 625 , 38 , 6.1 
,고승민,23롯1B, 4.03 , 307 , 1236 , 4.03 , 30.3 , 15.7 , 27.2 , 26.8 , 60.4 , 39.6 , 42.1 , 24.1 , 77.5 , 71.6 , 38.6 , 56 , 8 , 12.5 , 332 , 30 , 9.0 
87,김재환,23두DH, 4.03 , 484 , 1948 , 4.03 , 24.9 , 20.6 , 27.7 , 26.8 , 58.8 , 41.2 , 44.2 , 35.3 , 72.6 , 69.5 , 40.7 , 77 , 23 , 23.0 , 602 , 49 , 8.1 
,구드럼,23롯3B, 4.03 , 201 , 809 , 4.03 , 26.3 , 19.7 , 27.7 , 26.3 , 61.6 , 38.4 , 45.4 , 29.9 , 73.3 , 69.1 , 37.2 , 34 , 12 , 26.1 , 170 , 18 , 10.6 
,황대인,23K1B, 4.03 , 199 , 801 , 4.03 , 24.8 , 20.3 , 30.1 , 24.8 , 63.9 , 36.1 , 48.1 , 27.6 , 73.0 , 68.2 , 39.4 , 40 , 10 , 20.0 , 254 , 22 , 8.7 
90,한유섬,23SRF, 4.02 , 388 , 1560 , 4.02 , 23.4 , 18.3 , 31.0 , 27.2 , 61.5 , 38.5 , 47.1 , 26.6 , 76.1 , 73.3 , 37.9 , 62 , 19 , 23.5 , 505 , 44 , 8.7 
91,이재현,23삼SS, 4.02 , 538 , 2163 , 4.02 , 34.8 , 10.0 , 26.7 , 28.5 , 63.5 , 36.5 , 41.4 , 17.5 , 84.7 , 78.4 , 32.1 , 74 , 15 , 16.9 , 607 , 36 , 5.9 
,양찬열,23두RF, 4.02 , 99 , 398 , 4.02 , 23.0 , 18.0 , 33.7 , 25.3 , 65.6 , 34.4 , 50.5 , 25.3 , 76.6 , 75.0 , 33.8 , 18 , 5 , 21.7 , 119 , 9 , 7.6 
93,김호령,23KCF, 4.02 , 107 , 430 , 4.02 , 24.1 , 22.4 , 32.5 , 21.0 , 66.5 , 33.5 , 50.5 , 40.2 , 70.5 , 60.0 , 33.6 , 29 , 9 , 23.7 , 78 , 6 , 7.7 
94,최준우,23S2B, 4.01 , 69 , 277 , 4.01 , 35.1 , 14.6 , 20.5 , 29.8 , 61.7 , 38.3 , 40.1 , 17.4 , 77.5 , 80.4 , 31.3 , 10 , 0 , 0.0 , 71 , 4 , 5.6 
95,양석환,23두1B, 4.00 , 581 , 2324 , 4.00 , 22.1 , 21.6 , 30.3 , 25.9 , 66.7 , 33.3 , 51.9 , 29.3 , 72.3 , 74.2 , 28.2 , 122 , 11 , 8.3 , 544 , 51 , 9.4 
,김민성,23L2B, 4.00 , 316 , 1264 , 4.00 , 27.6 , 14.5 , 30.7 , 27.1 , 65.9 , 34.1 , 47.7 , 22.8 , 79.9 , 78.6 , 33.0 , 46 , 12 , 20.7 , 273 , 13 , 4.8 
,이민준,23한SS, 4.00 , 2 , 8 , 4.00 , 50.0 , 0.0 , 25.0 , 25.0 , 50.0 , 50.0 , 25.0 , 0.0 , 100.0 , 100.0 , 0.0 , 0 , 0 ,  , 1 , 0 , 0.0 
,안중열,23NC, 4.00 , 177 , 708 , 4.00 , 31.4 , 17.0 , 25.5 , 26.2 , 61.6 , 38.4 , 42.2 , 31.1 , 75.3 , 64.9 , 37.3 , 27 , 18 , 40.0 , 199 , 16 , 8.0 
,김정민,23SRF, 4.00 , 2 , 8 , 4.00 , 20.0 , 20.0 , 40.0 , 20.0 , 62.5 , 37.5 , 50.0 , 0.0 , 75.0 , 50.0 , 0.0 , 1 , 0 , 0.0 , 0 , 0 ,  
,이상혁,23한CF, 4.00 , 2 , 8 , 4.00 , 40.0 , 40.0 , 0.0 , 20.0 , 62.5 , 37.5 , 37.5 , 0.0 , 33.3 , 0.0 , 0.0 , 1 , 0 , 0.0 , 11 , 1 , 9.1 
,윤수녕,23롯RF, 4.00 , 4 , 16 , 4.00 , 27.3 , 36.4 , 9.1 , 27.3 , 68.8 , 31.3 , 50.0 , 25.0 , 50.0 , 66.7 , 25.0 , 1 , 0 , 0.0 , 0 , 0 ,  
,이태훈,23삼1B, 4.00 , 14 , 56 , 4.00 , 24.3 , 37.8 , 21.6 , 16.2 , 66.1 , 33.9 , 50.0 , 35.7 , 50.0 , 36.4 , 38.9 , 6 , 1 , 14.3 , 23 , 2 , 8.7 
,박지훈,23두1B, 4.00 , 21 , 84 , 4.00 , 25.9 , 15.5 , 37.9 , 20.7 , 69.1 , 31.0 , 51.2 , 38.1 , 79.1 , 68.2 , 24.1 , 3 , 4 , 57.1 , 25 , 1 , 4.0 
,김수윤,23N3B, 4.00 , 15 , 60 , 4.00 , 17.5 , 32.5 , 25.0 , 25.0 , 66.7 , 33.3 , 55.0 , 46.7 , 60.6 , 71.4 , 48.2 , 3 , 1 , 25.0 , 11 , 0 , 0.0 
105,강현우,23KC, 3.98 , 111 , 442 , 3.98 , 29.9 , 9.4 , 31.5 , 29.2 , 67.4 , 32.6 , 47.3 , 19.8 , 86.6 , 83.0 , 26.5 , 15 , 2 , 11.8 , 104 , 7 , 6.7 
106,김민수,23롯3B, 3.98 , 51 , 203 , 3.98 , 36.0 , 16.0 , 26.4 , 21.6 , 61.6 , 38.4 , 39.4 , 33.3 , 75.0 , 52.8 , 41.9 , 10 , 7 , 41.2 , 38 , 2 , 5.3 
107,배정대,23KCF, 3.98 , 361 , 1436 , 3.98 , 31.3 , 15.7 , 25.7 , 27.4 , 62.1 , 37.9 , 42.7 , 26.6 , 77.2 , 71.8 , 39.0 , 47 , 29 , 38.2 , 445 , 21 , 4.7 
,손호영,23LSS, 3.98 , 45 , 179 , 3.98 , 15.8 , 22.1 , 37.0 , 25.2 , 71.0 , 29.1 , 59.8 , 48.9 , 73.8 , 74.5 , 24.2 , 9 , 3 , 25.0 , 29 , 5 , 17.2 
109,박찬호,23KSS, 3.98 , 507 , 2016 , 3.98 , 32.2 , 8.3 , 27.3 , 32.1 , 63.1 , 36.9 , 42.8 , 28.8 , 87.7 , 86.2 , 36.6 , 38 , 18 , 32.1 , 465 , 19 , 4.1 
110,안권수,23롯LF, 3.97 , 309 , 1227 , 3.97 , 30.6 , 9.5 , 29.2 , 30.8 , 62.9 , 37.1 , 43.7 , 26.2 , 86.4 , 83.6 , 33.3 , 31 , 9 , 22.5 , 316 , 28 , 8.9 
111,김민석,23롯CF, 3.97 , 454 , 1802 , 3.97 , 29.1 , 16.1 , 29.1 , 25.8 , 65.7 , 34.3 , 46.6 , 23.8 , 77.4 , 70.9 , 27.8 , 87 , 25 , 22.3 , 542 , 26 , 4.8 
112,김태연,23한RF, 3.96 , 280 , 1110 , 3.96 , 26.6 , 18.4 , 27.4 , 27.6 , 62.3 , 37.8 , 45.7 , 22.5 , 75.0 , 72.7 , 32.4 , 46 , 13 , 22.0 , 298 , 26 , 8.7 
113,신윤후,23롯LF, 3.96 , 27 , 107 , 3.96 , 28.8 , 21.9 , 26.0 , 23.3 , 68.2 , 31.8 , 48.6 , 33.3 , 69.2 , 65.2 , 41.0 , 7 , 1 , 12.5 , 35 , 1 , 2.9 
114,안치홍,23롯2B, 3.96 , 494 , 1957 , 3.96 , 36.3 , 8.9 , 23.9 , 31.0 , 63.0 , 37.1 , 40.1 , 9.1 , 86.1 , 83.4 , 35.5 , 40 , 13 , 24.5 , 464 , 27 , 5.8 
115,김영웅,23삼3B, 3.95 , 103 , 407 , 3.95 , 25.5 , 25.9 , 22.4 , 26.3 , 62.7 , 37.4 , 46.7 , 35.0 , 65.3 , 63.2 , 30.9 , 23 , 5 , 17.9 , 146 , 11 , 7.5 
116,강승호,23두2B, 3.95 , 458 , 1808 , 3.95 , 28.0 , 18.9 , 26.1 , 27.1 , 64.6 , 35.5 , 46.5 , 26.9 , 73.8 , 70.9 , 36.8 , 90 , 19 , 17.4 , 466 , 45 , 9.7 
117,추신수,23SDH, 3.95 , 462 , 1823 , 3.95 , 25.9 , 16.2 , 29.1 , 28.8 , 58.2 , 41.9 , 43.1 , 26.0 , 78.1 , 71.3 , 39.4 , 62 , 17 , 21.5 , 595 , 62 , 10.4 
118,정주현,23L1B, 3.94 , 101 , 398 , 3.94 , 34.9 , 10.2 , 25.1 , 29.8 , 64.1 , 35.9 , 41.7 , 23.8 , 84.3 , 76.7 , 41.1 , 13 , 3 , 18.8 , 120 , 4 , 3.3 
119,임지열,23키1B, 3.94 , 246 , 969 , 3.94 , 29.0 , 19.0 , 26.4 , 25.6 , 60.9 , 39.1 , 43.2 , 29.7 , 73.3 , 62.7 , 38.6 , 40 , 24 , 37.5 , 281 , 21 , 7.5 
120,권광민,23한LF, 3.94 , 81 , 319 , 3.94 , 28.2 , 22.0 , 25.8 , 23.9 , 65.5 , 34.5 , 47.0 , 23.5 , 69.3 , 64.1 , 22.9 , 19 , 5 , 20.8 , 94 , 10 , 10.6 
121,정훈,23롯1B, 3.94 , 233 , 917 , 3.94 , 31.0 , 12.6 , 27.4 , 29.0 , 63.3 , 36.8 , 43.6 , 21.0 , 81.8 , 77.1 , 38.4 , 30 , 9 , 23.1 , 171 , 9 , 5.3 
122,강민성,23K3B, 3.93 , 27 , 106 , 3.93 , 34.3 , 25.7 , 21.4 , 18.6 , 66.0 , 34.0 , 43.4 , 18.5 , 60.9 , 56.5 , 34.3 , 9 , 1 , 10.0 , 4 , 2 , 50.0 
123,손민석,23K2B, 3.92 , 12 , 47 , 3.92 , 23.3 , 26.7 , 26.7 , 23.3 , 63.8 , 36.2 , 48.9 , 58.3 , 65.2 , 66.7 , 40.0 , 2 , 1 , 33.3 , 3 , 0 , 0.0 
124,김인환,23한1B, 3.92 , 365 , 1429 , 3.92 , 18.6 , 25.3 , 29.8 , 26.4 , 62.9 , 37.1 , 51.2 , 45.8 , 69.0 , 67.8 , 37.2 , 76 , 15 , 16.5 , 358 , 34 , 9.5 
125,박해민,23LCF, 3.91 , 558 , 2183 , 3.91 , 28.2 , 10.0 , 31.8 , 30.1 , 66.5 , 33.5 , 47.7 , 32.3 , 86.1 , 84.4 , 28.0 , 52 , 22 , 29.7 , 624 , 42 , 6.7 
126,장운호,23한RF, 3.91 , 11 , 43 , 3.91 , 13.0 , 26.1 , 30.4 , 30.4 , 53.5 , 46.5 , 46.5 , 36.4 , 70.0 , 71.4 , 41.7 , 2 , 0 , 0.0 , 2 , 0 , 0.0 
127,이창진,23KLF, 3.90 , 284 , 1108 , 3.90 , 30.6 , 11.5 , 27.3 , 30.6 , 60.2 , 39.8 , 41.8 , 29.6 , 83.4 , 77.5 , 46.8 , 28 , 16 , 36.4 , 292 , 17 , 5.8 
128,김현준,23삼CF, 3.90 , 479 , 1868 , 3.90 , 31.4 , 9.5 , 29.2 , 29.9 , 64.6 , 35.4 , 44.3 , 18.0 , 86.1 , 77.2 , 33.1 , 56 , 28 , 33.3 , 503 , 40 , 8.0 
,지시완,23롯C, 3.90 , 10 , 39 , 3.90 , 26.9 , 30.8 , 23.1 , 19.2 , 66.7 , 33.3 , 48.7 , 30.0 , 57.9 , 44.4 , 18.2 , 5 , 0 , 0.0 , 11 , 1 , 9.1 
130,이재원,23LLF, 3.90 , 129 , 503 , 3.90 , 26.3 , 22.4 , 26.6 , 24.7 , 60.4 , 39.6 , 44.5 , 41.1 , 69.6 , 57.9 , 38.3 , 28 , 12 , 30.0 , 155 , 17 , 11.0 
,김대한,23두RF, 3.90 , 89 , 347 , 3.90 , 23.7 , 19.9 , 28.0 , 28.4 , 60.8 , 39.2 , 46.4 , 41.6 , 73.9 , 67.7 , 43.0 , 18 , 3 , 14.3 , 101 , 8 , 7.9 
132,강한울,23삼3B, 3.89 , 240 , 934 , 3.89 , 29.5 , 16.1 , 26.8 , 27.6 , 64.4 , 35.7 , 45.4 , 28.3 , 77.1 , 72.0 , 33.0 , 41 , 13 , 24.1 , 332 , 17 , 5.1 
133,김병희,23K3B, 3.89 , 9 , 35 , 3.89 , 33.3 , 41.7 , 8.3 , 16.7 , 68.6 , 31.4 , 45.7 , 22.2 , 37.5 , 50.0 , 20.0 , 3 , 1 , 25.0 , 1 , 0 , 0.0 
134,문보경,23L3B, 3.89 , 542 , 2106 , 3.89 , 29.0 , 14.6 , 25.0 , 31.3 , 60.5 , 39.5 , 42.9 , 32.5 , 79.4 , 76.2 , 36.0 , 65 , 18 , 21.7 , 670 , 63 , 9.4 
135,황재균,23K3B, 3.88 , 457 , 1773 , 3.88 , 29.4 , 10.4 , 28.4 , 31.9 , 61.4 , 38.6 , 43.4 , 21.4 , 85.3 , 78.4 , 37.8 , 41 , 23 , 35.9 , 578 , 49 , 8.5 
136,유강남,23롯C, 3.88 , 403 , 1563 , 3.88 , 24.5 , 17.2 , 28.5 , 29.9 , 63.0 , 37.0 , 47.5 , 27.5 , 77.3 , 77.2 , 35.1 , 59 , 5 , 7.8 , 507 , 44 , 8.7 
137,최정,23S3B, 3.88 , 552 , 2140 , 3.88 , 19.3 , 20.1 , 30.6 , 30.0 , 60.8 , 39.2 , 49.1 , 38.6 , 75.1 , 77.4 , 38.1 , 85 , 2 , 2.3 , 634 , 59 , 9.3 
138,신민재,23L2B, 3.88 , 331 , 1283 , 3.88 , 28.6 , 6.1 , 32.4 , 33.0 , 63.1 , 36.9 , 45.1 , 32.0 , 91.5 , 86.5 , 35.8 , 20 , 14 , 41.2 , 381 , 36 , 9.5 
139,송준석,23삼RF, 3.88 , 8 , 31 , 3.88 , 35.3 , 0.0 , 17.7 , 47.1 , 54.8 , 45.2 , 35.5 , 0.0 , 100.0 , 100.0 , 50.0 , 0 , 0 ,  , 13 , 2 , 15.4 
140,이원석,23삼키1B, 3.87 , 345 , 1336 , 3.87 , 24.8 , 17.2 , 28.3 , 29.8 , 60.6 , 39.4 , 45.6 , 27.5 , 77.2 , 69.4 , 39.2 , 55 , 12 , 17.9 , 402 , 46 , 11.4 
141,문상철,23KDH, 3.87 , 330 , 1277 , 3.87 , 24.3 , 20.7 , 27.5 , 27.6 , 65.2 , 34.8 , 49.4 , 33.6 , 72.7 , 68.1 , 34.0 , 55 , 26 , 32.1 , 359 , 28 , 7.8 
142,김성욱,23NLF, 3.87 , 204 , 789 , 3.87 , 29.8 , 20.1 , 27.3 , 22.8 , 66.8 , 33.2 , 46.9 , 32.4 , 71.4 , 61.5 , 34.8 , 49 , 14 , 22.2 , 160 , 13 , 8.1 
143,김현수,23LDH, 3.87 , 556 , 2150 , 3.87 , 25.4 , 10.7 , 29.5 , 34.4 , 60.0 , 40.0 , 44.8 , 23.9 , 85.7 , 84.5 , 32.0 , 40 , 13 , 24.5 , 893 , 61 , 6.8 
,최승민,23LCF, 3.87 , 15 , 58 , 3.87 , 17.1 , 19.5 , 39.0 , 24.4 , 70.7 , 29.3 , 58.6 , 53.3 , 76.5 , 69.2 , 31.6 , 2 , 2 , 50.0 , 24 , 2 , 8.3 
145,윤형준,23N1B, 3.86 , 236 , 912 , 3.86 , 19.8 , 20.1 , 34.2 , 25.9 , 69.9 , 30.2 , 56.0 , 39.4 , 75.0 , 73.8 , 24.7 , 50 , 8 , 13.8 , 187 , 17 , 9.1 
146,김민식,23SC, 3.86 , 318 , 1228 , 3.86 , 26.1 , 14.6 , 29.5 , 29.9 , 62.1 , 37.9 , 45.9 , 34.6 , 80.3 , 76.1 , 34.1 , 43 , 14 , 24.6 , 348 , 27 , 7.8 
147,주성원,23키RF, 3.86 , 72 , 278 , 3.86 , 24.2 , 23.2 , 25.3 , 27.3 , 69.8 , 30.2 , 52.9 , 29.2 , 69.4 , 71.4 , 21.3 , 17 , 1 , 5.6 , 121 , 7 , 5.8 
148,최인호,23한LF, 3.86 , 148 , 571 , 3.86 , 32.2 , 10.0 , 26.7 , 31.1 , 63.1 , 37.0 , 42.7 , 15.5 , 85.3 , 80.0 , 32.5 , 15 , 7 , 31.8 , 200 , 15 , 7.5 
149,장성우,23KC, 3.86 , 464 , 1789 , 3.86 , 29.8 , 11.2 , 27.3 , 31.7 , 61.7 , 38.3 , 43.3 , 30.2 , 84.0 , 77.3 , 34.0 , 55 , 15 , 21.4 , 593 , 38 , 6.4 
150,박병호,23K1B, 3.85 , 493 , 1900 , 3.85 , 21.8 , 23.5 , 27.2 , 27.5 , 62.2 , 37.8 , 48.6 , 25.4 , 69.9 , 65.4 , 35.0 , 100 , 14 , 12.3 , 648 , 56 , 8.6 
,김재호,23두SS, 3.85 , 302 , 1164 , 3.85 , 33.1 , 6.5 , 26.2 , 34.1 , 60.4 , 39.6 , 40.4 , 23.2 , 90.2 , 87.7 , 39.6 , 18 , 6 , 25.0 , 389 , 24 , 6.2 
,최상민,23SCF, 3.85 , 41 , 158 , 3.85 , 25.5 , 14.7 , 30.4 , 29.4 , 64.6 , 35.4 , 48.1 , 34.2 , 80.3 , 80.0 , 20.5 , 7 , 0 , 0.0 , 50 , 2 , 4.0 
153,나성범,23KRF, 3.85 , 253 , 974 , 3.85 , 13.8 , 19.6 , 35.3 , 31.3 , 62.3 , 37.7 , 53.7 , 42.7 , 77.3 , 80.2 , 38.7 , 30 , 6 , 16.7 , 215 , 31 , 14.4 
154,김지찬,23삼2B, 3.84 , 355 , 1364 , 3.84 , 38.9 , 6.6 , 22.9 , 31.6 , 60.9 , 39.2 , 37.2 , 20.0 , 89.2 , 84.9 , 32.1 , 26 , 10 , 27.8 , 321 , 12 , 3.7 
155,이성규,23삼CF, 3.84 , 162 , 622 , 3.84 , 21.5 , 21.0 , 31.3 , 26.3 , 66.7 , 33.3 , 52.4 , 45.1 , 73.3 , 66.9 , 36.1 , 32 , 10 , 23.8 , 178 , 10 , 5.6 
156,박동원,23LC, 3.84 , 481 , 1845 , 3.84 , 20.9 , 21.2 , 28.1 , 29.8 , 61.0 , 39.0 , 48.2 , 42.4 , 73.2 , 71.5 , 41.3 , 63 , 27 , 30.0 , 458 , 53 , 11.6 
157,김건,23한DH, 3.83 , 12 , 46 , 3.83 , 13.9 , 44.4 , 30.6 , 11.1 , 78.3 , 21.7 , 67.4 , 41.7 , 48.4 , 42.9 , 17.7 , 6 , 2 , 25.0 , 11 , 1 , 9.1 
158,김동엽,23삼DH, 3.83 , 182 , 697 , 3.83 , 25.6 , 20.6 , 23.9 , 29.9 , 66.1 , 33.9 , 49.2 , 28.6 , 72.3 , 80.0 , 31.5 , 25 , 4 , 13.8 , 167 , 17 , 10.2 
159,김기연,23LC, 3.83 , 40 , 153 , 3.83 , 21.9 , 17.1 , 37.1 , 23.8 , 68.6 , 31.4 , 53.6 , 40.0 , 78.1 , 71.4 , 30.0 , 8 , 2 , 20.0 , 26 , 2 , 7.7 
160,이우성,23KRF, 3.82 , 400 , 1529 , 3.82 , 30.0 , 14.8 , 26.3 , 29.0 , 63.8 , 36.2 , 44.7 , 25.3 , 78.9 , 71.6 , 32.7 , 62 , 19 , 23.5 , 477 , 34 , 7.1 
161,조수행,23두RF, 3.82 , 249 , 951 , 3.82 , 31.8 , 10.4 , 26.3 , 31.6 , 61.9 , 38.1 , 42.3 , 27.7 , 84.8 , 75.6 , 35.9 , 26 , 12 , 31.6 , 274 , 21 , 7.7 
162,문성주,23LLF, 3.82 , 534 , 2039 , 3.82 , 29.7 , 5.2 , 30.2 , 35.0 , 59.6 , 40.4 , 41.9 , 25.8 , 92.6 , 88.6 , 38.4 , 21 , 13 , 38.2 , 694 , 33 , 4.8 
,정준영,23KCF, 3.82 , 55 , 210 , 3.82 , 29.1 , 11.5 , 31.8 , 27.7 , 70.5 , 29.5 , 50.0 , 29.1 , 83.8 , 78.4 , 25.0 , 7 , 4 , 36.4 , 43 , 5 , 11.6 
,김재상,23삼, 3.82 , 22 , 84 , 3.82 , 24.5 , 22.6 , 22.6 , 30.2 , 63.1 , 36.9 , 47.6 , 36.4 , 70.0 , 76.5 , 32.0 , 3 , 1 , 25.0 , 24 , 2 , 8.3 
,송찬의,23L1B, 3.82 , 22 , 84 , 3.82 , 21.6 , 21.6 , 33.3 , 23.5 , 60.7 , 39.3 , 47.6 , 50.0 , 72.5 , 53.9 , 50.0 , 5 , 1 , 16.7 , 26 , 2 , 7.7 
,김태근,23두RF, 3.82 , 55 , 210 , 3.82 , 18.9 , 27.7 , 31.1 , 22.3 , 70.5 , 29.5 , 57.1 , 41.8 , 65.8 , 58.8 , 29.2 , 15 , 6 , 28.6 , 14 , 2 , 14.3 
167,김도영,23K3B, 3.82 , 385 , 1469 , 3.82 , 26.0 , 13.1 , 29.7 , 31.2 , 61.9 , 38.1 , 45.8 , 28.3 , 82.3 , 76.7 , 36.9 , 54 , 8 , 12.9 , 427 , 33 , 7.7 
,박세혁,23NC, 3.82 , 283 , 1080 , 3.82 , 21.2 , 15.2 , 32.3 , 31.4 , 60.8 , 39.2 , 48.0 , 33.2 , 80.7 , 77.4 , 44.0 , 30 , 13 , 30.2 , 293 , 30 , 10.2 
,송승환,23두LF, 3.82 , 76 , 290 , 3.82 , 26.0 , 14.3 , 31.1 , 28.6 , 67.6 , 32.4 , 50.0 , 36.8 , 80.7 , 73.8 , 23.8 , 13 , 3 , 18.8 , 108 , 8 , 7.4 
,장승현,23두C, 3.82 , 158 , 603 , 3.82 , 29.1 , 13.9 , 29.1 , 27.8 , 64.3 , 35.7 , 45.6 , 31.7 , 80.4 , 67.3 , 33.5 , 22 , 14 , 38.9 , 263 , 25 , 9.5 
171,오영수,23N1B, 3.82 , 238 , 908 , 3.82 , 30.6 , 15.7 , 26.5 , 27.2 , 65.2 , 34.8 , 45.3 , 30.7 , 77.4 , 68.2 , 30.5 , 36 , 19 , 34.6 , 295 , 25 , 8.5 
172,박건우,23NRF, 3.81 , 533 , 2033 , 3.81 , 23.4 , 13.1 , 31.3 , 32.2 , 60.7 , 39.3 , 46.5 , 35.7 , 82.9 , 79.0 , 38.3 , 57 , 14 , 19.7 , 582 , 52 , 8.9 
173,하재훈,23SLF, 3.81 , 229 , 873 , 3.81 , 22.8 , 19.9 , 31.0 , 26.3 , 66.2 , 33.8 , 51.1 , 29.7 , 74.2 , 72.0 , 29.2 , 45 , 8 , 15.1 , 179 , 26 , 14.5 
174,이주형,23L키CF, 3.81 , 243 , 926 , 3.81 , 30.2 , 16.5 , 24.6 , 28.8 , 62.3 , 37.7 , 43.5 , 29.2 , 76.4 , 69.3 , 34.4 , 36 , 17 , 32.1 , 294 , 25 , 8.5 
175,류지혁,23K삼3B, 3.81 , 522 , 1989 , 3.81 , 31.4 , 10.3 , 26.9 , 31.4 , 63.6 , 36.5 , 43.6 , 29.9 , 85.0 , 80.0 , 36.5 , 46 , 27 , 37.0 , 604 , 35 , 5.8 
176,이정후,23키CF, 3.81 , 387 , 1474 , 3.81 , 37.0 , 5.6 , 21.9 , 35.5 , 59.6 , 40.4 , 37.5 , 13.4 , 91.1 , 89.1 , 31.9 , 13 , 10 , 43.5 , 488 , 28 , 5.7 
,채은성,23한1B, 3.81 , 596 , 2270 , 3.81 , 27.3 , 16.7 , 27.6 , 28.4 , 65.6 , 34.5 , 47.7 , 18.1 , 77.0 , 76.8 , 33.6 , 96 , 6 , 5.9 , 563 , 42 , 7.5 
178,오윤석,23K1B, 3.81 , 223 , 849 , 3.81 , 30.9 , 18.1 , 22.0 , 29.1 , 65.3 , 34.8 , 45.1 , 25.1 , 73.9 , 72.4 , 33.5 , 34 , 10 , 22.7 , 277 , 22 , 7.9 
179,주효상,23KC, 3.81 , 36 , 137 , 3.81 , 31.1 , 18.9 , 23.3 , 26.7 , 65.7 , 34.3 , 45.3 , 33.3 , 72.6 , 60.9 , 25.8 , 7 , 3 , 30.0 , 28 , 5 , 17.9 
180,오스틴,23L1B, 3.80 , 583 , 2218 , 3.80 , 27.1 , 9.1 , 31.2 , 32.6 , 62.5 , 37.5 , 45.6 , 22.3 , 87.5 , 80.6 , 32.2 , 60 , 15 , 20.0 , 706 , 69 , 9.8 
181,강준서,23삼LF, 3.80 , 15 , 57 , 3.80 , 37.5 , 12.5 , 12.5 , 37.5 , 56.1 , 43.9 , 35.1 , 33.3 , 80.0 , 60.0 , 50.0 , 1 , 1 , 50.0 , 13 , 1 , 7.7 
,이승원,23키SS, 3.80 , 5 , 19 , 3.80 , 13.3 , 40.0 , 26.7 , 20.0 , 79.0 , 21.1 , 68.4 , 40.0 , 53.9 , 60.0 , 28.6 , 2 , 0 , 0.0 , 0 , 0 ,  
183,이학주,23롯SS, 3.80 , 122 , 463 , 3.80 , 25.1 , 21.5 , 27.7 , 25.7 , 66.3 , 33.7 , 49.7 , 31.2 , 71.3 , 65.6 , 40.0 , 26 , 5 , 16.1 , 107 , 7 , 6.5 
184,박민우,23N2B, 3.79 , 509 , 1931 , 3.79 , 28.2 , 9.9 , 29.3 , 32.6 , 64.1 , 35.9 , 46.0 , 20.0 , 86.2 , 83.7 , 33.2 , 50 , 7 , 12.3 , 513 , 42 , 8.2 
,박계범,23두SS, 3.79 , 194 , 736 , 3.79 , 31.1 , 13.5 , 27.8 , 27.6 , 65.5 , 34.5 , 45.1 , 33.5 , 80.4 , 71.2 , 34.3 , 35 , 9 , 20.5 , 140 , 6 , 4.3 
186,허도환,23LC, 3.79 , 81 , 307 , 3.79 , 25.6 , 19.6 , 28.6 , 26.1 , 64.8 , 35.2 , 48.2 , 33.3 , 73.7 , 65.5 , 39.0 , 16 , 4 , 20.0 , 70 , 6 , 8.6 
187,임병욱,23키RF, 3.79 , 223 , 845 , 3.79 , 15.5 , 33.1 , 28.4 , 23.0 , 70.4 , 29.6 , 59.5 , 53.4 , 60.8 , 60.7 , 30.3 , 66 , 9 , 12.0 , 141 , 17 , 12.1 
188,서건창,23L2B, 3.79 , 126 , 477 , 3.79 , 23.8 , 12.6 , 28.9 , 34.7 , 61.6 , 38.4 , 47.0 , 27.0 , 83.5 , 82.6 , 35.3 , 13 , 1 , 7.1 , 117 , 12 , 10.3 
189,김혜성,23키2B, 3.78 , 621 , 2348 , 3.78 , 26.7 , 13.6 , 26.6 , 33.1 , 62.3 , 37.7 , 45.7 , 27.9 , 81.4 , 80.8 , 38.4 , 62 , 15 , 19.5 , 657 , 50 , 7.6 
190,전준우,23롯DH, 3.78 , 559 , 2110 , 3.78 , 28.9 , 11.5 , 26.8 , 32.8 , 62.8 , 37.2 , 44.7 , 24.2 , 83.8 , 82.0 , 37.2 , 52 , 13 , 20.0 , 504 , 45 , 8.9 
191,김동진,23삼2B, 3.77 , 137 , 516 , 3.77 , 29.9 , 13.0 , 26.6 , 30.5 , 64.2 , 35.9 , 45.0 , 21.2 , 81.5 , 72.5 , 33.1 , 23 , 3 , 11.5 , 162 , 11 , 6.8 
,정대선,23롯2B, 3.77 , 47 , 177 , 3.77 , 34.1 , 11.1 , 27.0 , 27.8 , 71.2 , 28.8 , 46.9 , 14.9 , 83.1 , 80.0 , 23.1 , 5 , 3 , 37.5 , 40 , 1 , 2.5 
193,공민규,23삼3B, 3.76 , 33 , 124 , 3.76 , 20.5 , 26.1 , 33.0 , 20.5 , 71.0 , 29.0 , 56.5 , 42.4 , 67.1 , 56.7 , 34.8 , 10 , 3 , 23.1 , 2 , 1 , 50.0 
194,안치영,23KRF, 3.76 , 136 , 511 , 3.76 , 33.7 , 13.9 , 24.4 , 28.0 , 65.0 , 35.0 , 43.1 , 28.7 , 79.1 , 63.2 , 36.7 , 26 , 9 , 25.7 , 179 , 10 , 5.6 
195,한동희,23롯3B, 3.76 , 353 , 1326 , 3.76 , 34.5 , 12.4 , 21.1 , 32.1 , 63.1 , 37.0 , 41.3 , 16.7 , 81.0 , 72.9 , 34.1 , 40 , 18 , 31.0 , 567 , 31 , 5.5 
196,손아섭,23NDH, 3.75 , 609 , 2286 , 3.75 , 28.3 , 11.4 , 26.3 , 34.0 , 63.0 , 37.0 , 45.2 , 22.3 , 84.1 , 82.3 , 31.2 , 59 , 8 , 11.9 , 665 , 53 , 8.0 
197,박상언,23한C, 3.75 , 161 , 604 , 3.75 , 28.0 , 15.6 , 29.2 , 27.3 , 68.1 , 32.0 , 49.0 , 26.7 , 78.4 , 69.1 , 30.5 , 32 , 6 , 15.8 , 182 , 14 , 7.7 
198,이성곤,23한DH, 3.75 , 16 , 60 , 3.75 , 22.0 , 14.6 , 34.2 , 29.3 , 68.3 , 31.7 , 53.3 , 43.8 , 81.3 , 76.9 , 18.8 , 2 , 1 , 33.3 , 46 , 3 , 6.5 
199,허경민,23두3B, 3.75 , 475 , 1779 , 3.75 , 35.6 , 5.5 , 23.7 , 35.2 , 65.2 , 34.8 , 42.0 , 11.6 , 91.4 , 91.4 , 31.7 , 21 , 5 , 19.2 , 560 , 36 , 6.4 
200,최항,23S1B, 3.74 , 35 , 131 , 3.74 , 21.0 , 24.7 , 32.1 , 22.2 , 61.8 , 38.2 , 48.9 , 37.1 , 68.8 , 45.8 , 31.4 , 11 , 1 , 8.3 , 50 , 4 , 8.0 
201,손성빈,23롯C, 3.74 , 80 , 299 , 3.74 , 27.0 , 16.3 , 21.9 , 34.7 , 65.6 , 34.5 , 47.8 , 37.5 , 77.6 , 80.4 , 27.3 , 8 , 2 , 20.0 , 93 , 6 , 6.5 
202,김찬형,23S3B, 3.74 , 53 , 198 , 3.74 , 36.4 , 12.4 , 20.2 , 31.0 , 65.2 , 34.9 , 41.4 , 15.1 , 80.5 , 75.8 , 35.3 , 7 , 3 , 30.0 , 61 , 5 , 8.2 
203,박정현,23한SS, 3.74 , 113 , 422 , 3.74 , 21.9 , 25.0 , 28.1 , 25.0 , 68.3 , 31.8 , 53.3 , 31.0 , 68.0 , 59.3 , 28.3 , 31 , 5 , 13.9 , 98 , 9 , 9.2 
204,박준태,23키RF, 3.73 , 15 , 56 , 3.73 , 25.7 , 28.6 , 25.7 , 20.0 , 62.5 , 37.5 , 46.4 , 53.3 , 61.5 , 0.0 , 46.2 , 5 , 2 , 28.6 , 24 , 2 , 8.3 
,황성빈,23롯LF, 3.73 , 191 , 713 , 3.73 , 23.2 , 13.3 , 32.3 , 31.3 , 67.7 , 32.3 , 52.0 , 38.2 , 82.8 , 82.8 , 28.0 , 25 , 2 , 7.4 , 135 , 10 , 7.4 
206,양의지,23두C, 3.73 , 509 , 1896 , 3.73 , 26.6 , 8.5 , 31.2 , 33.7 , 60.2 , 39.8 , 44.2 , 32.0 , 88.4 , 82.2 , 35.0 , 39 , 17 , 30.4 , 635 , 58 , 9.1 
207,배영빈,23롯SS, 3.72 , 18 , 67 , 3.72 , 31.1 , 13.3 , 22.2 , 33.3 , 67.2 , 32.8 , 46.3 , 33.3 , 80.7 , 84.6 , 13.3 , 2 , 0 , 0.0 , 14 , 2 , 14.3 
208,김한별,23NSS, 3.71 , 105 , 390 , 3.71 , 26.0 , 13.0 , 33.6 , 27.4 , 71.0 , 29.0 , 52.6 , 35.2 , 82.4 , 76.0 , 26.2 , 17 , 6 , 26.1 , 78 , 3 , 3.9 
,허관회,23한C, 3.71 , 7 , 26 , 3.71 , 17.7 , 23.5 , 29.4 , 29.4 , 65.4 , 34.6 , 53.9 , 28.6 , 71.4 , 60.0 , 37.5 , 2 , 0 , 0.0 , 11 , 1 , 9.1 
210,한석현,23NLF, 3.71 , 66 , 245 , 3.71 , 26.5 , 22.2 , 25.3 , 25.9 , 66.1 , 33.9 , 48.6 , 34.9 , 69.8 , 61.5 , 29.7 , 14 , 6 , 30.0 , 84 , 4 , 4.8 
211,김선빈,23K2B, 3.71 , 472 , 1751 , 3.71 , 33.2 , 3.8 , 26.5 , 36.5 , 63.1 , 37.0 , 42.1 , 24.8 , 94.3 , 92.5 , 32.2 , 14 , 12 , 46.2 , 529 , 47 , 8.9 
212,이호연,23K2B, 3.71 , 234 , 867 , 3.71 , 22.8 , 15.9 , 30.9 , 30.5 , 65.4 , 34.6 , 50.5 , 34.2 , 79.5 , 75.6 , 38.0 , 37 , 4 , 9.8 , 200 , 15 , 7.5 
213,국해성,23롯DH, 3.70 , 10 , 37 , 3.70 , 33.3 , 9.5 , 33.3 , 23.8 , 56.8 , 43.2 , 37.8 , 30.0 , 85.7 , 50.0 , 40.0 , 1 , 2 , 66.7 , 4 , 0 , 0.0 
,최경모,23S3B, 3.70 , 20 , 74 , 3.70 , 31.4 , 15.7 , 23.5 , 29.4 , 68.9 , 31.1 , 47.3 , 35.0 , 77.1 , 70.6 , 32.0 , 4 , 1 , 20.0 , 22 , 1 , 4.6 
215,고종욱,23KLF, 3.70 , 286 , 1057 , 3.70 , 20.2 , 18.5 , 31.2 , 30.2 , 67.1 , 32.9 , 53.6 , 40.6 , 76.9 , 73.6 , 36.8 , 51 , 7 , 12.1 , 179 , 14 , 7.8 
216,김민혁,23두1B, 3.69 , 36 , 133 , 3.69 , 18.6 , 26.7 , 29.1 , 25.6 , 64.7 , 35.3 , 52.6 , 33.3 , 67.1 , 65.4 , 18.8 , 9 , 0 , 0.0 , 19 , 4 , 21.1 
217,강진성,23두S1B, 3.68 , 145 , 534 , 3.68 , 25.8 , 12.5 , 28.1 , 33.6 , 64.6 , 35.4 , 47.9 , 22.1 , 83.2 , 77.3 , 37.6 , 14 , 6 , 30.0 , 191 , 13 , 6.8 
218,오태곤,23S1B, 3.67 , 305 , 1120 , 3.67 , 19.3 , 20.2 , 31.7 , 28.8 , 67.1 , 33.0 , 54.1 , 43.0 , 74.9 , 71.2 , 35.7 , 54 , 13 , 19.4 , 103 , 9 , 8.7 
219,윌리엄스,23한LF, 3.67 , 273 , 1002 , 3.67 , 20.5 , 18.2 , 32.9 , 28.5 , 69.3 , 30.7 , 55.1 , 34.1 , 77.2 , 70.6 , 29.0 , 52 , 11 , 17.5 , 242 , 19 , 7.9 
220,오태양,23NCF, 3.67 , 3 , 11 , 3.67 , 22.2 , 44.4 , 33.3 , 0.0 , 81.8 , 18.2 , 63.6 , 66.7 , 42.9 , 0.0 , 0.0 , 3 , 0 , 0.0 , 0 , 0 ,  
221,송성문,23키3B, 3.66 , 438 , 1604 , 3.66 , 30.1 , 8.7 , 24.7 , 36.5 , 61.7 , 38.3 , 43.1 , 21.7 , 87.6 , 84.4 , 32.3 , 34 , 4 , 10.5 , 566 , 43 , 7.6 
222,이정훈,23롯DH, 3.66 , 171 , 626 , 3.66 , 27.6 , 13.1 , 27.4 , 31.9 , 63.6 , 36.4 , 46.0 , 29.8 , 81.9 , 75.7 , 35.8 , 21 , 7 , 25.0 , 156 , 12 , 7.7 
223,유로결,23한RF, 3.66 , 53 , 194 , 3.66 , 26.3 , 19.6 , 23.3 , 30.8 , 68.6 , 31.4 , 50.5 , 20.8 , 73.5 , 77.8 , 32.1 , 9 , 1 , 10.0 , 98 , 6 , 6.1 
224,김석환,23K1B, 3.65 , 26 , 95 , 3.65 , 26.2 , 29.5 , 19.7 , 24.6 , 64.2 , 35.8 , 47.4 , 57.7 , 60.0 , 47.1 , 34.6 , 4 , 5 , 55.6 , 28 , 3 , 10.7 
225,최지훈,23SCF, 3.65 , 503 , 1836 , 3.65 , 29.2 , 9.2 , 26.6 , 35.0 , 65.5 , 34.5 , 46.4 , 26.8 , 87.1 , 86.8 , 27.9 , 44 , 6 , 12.0 , 558 , 52 , 9.3 
226,홍성호,23두RF, 3.65 , 51 , 186 , 3.65 , 10.7 , 27.5 , 35.9 , 26.0 , 70.4 , 29.6 , 62.9 , 51.0 , 69.2 , 66.7 , 27.6 , 13 , 1 , 7.1 , 15 , 2 , 13.3 
,조형우,23SC, 3.65 , 133 , 485 , 3.65 , 26.4 , 16.0 , 26.4 , 31.1 , 65.6 , 34.4 , 48.3 , 35.3 , 78.2 , 70.5 , 29.6 , 15 , 10 , 40.0 , 124 , 12 , 9.7 
228,최정원,23N2B, 3.64 , 56 , 204 , 3.64 , 37.9 , 13.7 , 16.9 , 31.5 , 60.8 , 39.2 , 37.8 , 16.1 , 77.9 , 47.8 , 36.1 , 11 , 2 , 15.4 , 84 , 7 , 8.3 
229,강민호,23삼C, 3.64 , 495 , 1800 , 3.64 , 28.2 , 15.3 , 22.2 , 34.3 , 60.8 , 39.2 , 43.6 , 30.5 , 78.7 , 76.6 , 40.0 , 46 , 19 , 29.2 , 629 , 43 , 6.8 
230,김민혁,23KRF, 3.63 , 448 , 1628 , 3.63 , 27.0 , 8.2 , 29.8 , 35.0 , 63.5 , 36.6 , 46.3 , 33.0 , 88.7 , 84.1 , 29.7 , 41 , 7 , 14.6 , 504 , 36 , 7.1 
231,신준우,23키SS, 3.63 , 19 , 69 , 3.63 , 20.4 , 22.5 , 30.6 , 26.5 , 71.0 , 29.0 , 56.5 , 42.1 , 71.8 , 66.7 , 28.6 , 5 , 0 , 0.0 , 12 , 1 , 8.3 
232,피렐라,23삼LF, 3.62 , 605 , 2191 , 3.62 , 23.3 , 14.1 , 27.0 , 35.5 , 63.0 , 37.0 , 48.3 , 24.3 , 81.6 , 80.5 , 34.5 , 51 , 18 , 26.1 , 585 , 58 , 9.9 
233,이명기,23한DH, 3.62 , 42 , 152 , 3.62 , 36.1 , 14.8 , 20.4 , 28.7 , 71.1 , 29.0 , 45.4 , 19.1 , 76.8 , 70.0 , 33.3 , 8 , 1 , 11.1 , 34 , 1 , 2.9 
234,김태진,23키3B, 3.62 , 212 , 767 , 3.62 , 21.0 , 10.0 , 35.2 , 33.8 , 70.7 , 29.3 , 55.8 , 25.5 , 87.4 , 87.0 , 24.9 , 21 , 2 , 8.7 , 72 , 9 , 12.5 
235,정보근,23롯C, 3.60 , 101 , 364 , 3.60 , 30.3 , 12.8 , 23.4 , 33.5 , 59.9 , 40.1 , 41.8 , 23.8 , 81.6 , 77.1 , 42.9 , 8 , 5 , 38.5 , 92 , 8 , 8.7 
236,김성현,23S2B, 3.60 , 354 , 1275 , 3.60 , 28.6 , 9.3 , 27.3 , 34.9 , 65.0 , 35.0 , 46.4 , 35.6 , 87.0 , 84.7 , 38.5 , 27 , 9 , 25.0 , 263 , 21 , 8.0 
237,에레디아,23SLF, 3.60 , 523 , 1881 , 3.60 , 16.2 , 16.6 , 33.6 , 33.6 , 63.3 , 36.7 , 53.0 , 40.5 , 80.2 , 78.5 , 38.4 , 67 , 8 , 10.7 , 386 , 48 , 12.4 
238,류현인,23K3B, 3.58 , 24 , 86 , 3.58 , 21.4 , 8.9 , 35.7 , 33.9 , 65.1 , 34.9 , 51.2 , 37.5 , 88.6 , 86.7 , 42.3 , 3 , 1 , 25.0 , 23 , 0 , 0.0 
239,소크라테스,23KCF, 3.58 , 608 , 2176 , 3.58 , 23.3 , 14.5 , 28.6 , 33.6 , 65.0 , 35.0 , 49.9 , 32.4 , 81.1 , 80.7 , 28.9 , 75 , 5 , 6.3 , 637 , 47 , 7.4 
240,김주성,23LSS, 3.57 , 7 , 25 , 3.57 , 33.3 , 20.0 , 26.7 , 20.0 , 60.0 , 40.0 , 40.0 , 28.6 , 70.0 , 50.0 , 20.0 , 1 , 1 , 50.0 , 13 , 2 , 15.4 
,김병휘,23키2B, 3.57 , 21 , 75 , 3.57 , 27.8 , 27.8 , 20.4 , 24.1 , 72.0 , 28.0 , 52.0 , 42.9 , 61.5 , 50.0 , 23.8 , 6 , 2 , 25.0 , 12 , 1 , 8.3 
242,문현빈,23한CF, 3.56 , 481 , 1714 , 3.56 , 26.1 , 14.6 , 27.6 , 31.7 , 65.8 , 34.2 , 48.7 , 33.9 , 80.2 , 74.3 , 27.0 , 69 , 15 , 17.9 , 515 , 44 , 8.5 
,이재원,23SC, 3.56 , 48 , 171 , 3.56 , 20.6 , 13.1 , 30.8 , 35.5 , 62.6 , 37.4 , 49.7 , 47.9 , 83.5 , 72.4 , 38.3 , 5 , 3 , 37.5 , 24 , 2 , 8.3 
244,도슨,23키CF, 3.55 , 261 , 927 , 3.55 , 17.8 , 18.3 , 30.8 , 33.1 , 63.0 , 37.0 , 51.8 , 44.1 , 77.7 , 74.2 , 36.5 , 32 , 9 , 22.0 , 260 , 24 , 9.2 
245,러셀,23키SS, 3.55 , 239 , 848 , 3.55 , 24.2 , 15.8 , 27.3 , 32.7 , 65.7 , 34.3 , 49.8 , 28.9 , 79.2 , 74.3 , 36.7 , 28 , 11 , 28.2 , 154 , 16 , 10.4 
246,천재환,23NCF, 3.55 , 179 , 635 , 3.55 , 19.6 , 20.7 , 31.3 , 28.3 , 68.4 , 31.7 , 55.0 , 39.7 , 74.2 , 63.9 , 34.8 , 39 , 5 , 11.4 , 92 , 8 , 8.7 
247,서호철,23N3B, 3.55 , 435 , 1542 , 3.55 , 30.1 , 12.0 , 23.8 , 34.1 , 67.8 , 32.2 , 47.3 , 23.7 , 82.9 , 82.2 , 29.8 , 39 , 12 , 23.5 , 367 , 16 , 4.4 
,안상현,23S2B, 3.55 , 66 , 234 , 3.55 , 29.5 , 20.5 , 20.5 , 29.5 , 66.7 , 33.3 , 47.0 , 40.9 , 70.9 , 61.5 , 40.0 , 11 , 4 , 26.7 , 36 , 2 , 5.6 
249,안재석,23두SS, 3.53 , 68 , 240 , 3.53 , 23.2 , 15.5 , 29.8 , 31.6 , 70.0 , 30.0 , 53.8 , 38.2 , 79.8 , 77.1 , 31.4 , 8 , 4 , 33.3 , 51 , 5 , 9.8 
250,최정용,23K2B, 3.51 , 41 , 144 , 3.51 , 30.1 , 11.8 , 25.8 , 32.3 , 64.6 , 35.4 , 45.1 , 24.4 , 83.1 , 57.1 , 43.2 , 4 , 5 , 55.6 , 26 , 3 , 11.5 
251,이도윤,23한SS, 3.50 , 346 , 1212 , 3.50 , 24.4 , 13.7 , 29.3 , 32.6 , 68.1 , 31.9 , 51.5 , 33.5 , 81.9 , 76.7 , 28.3 , 50 , 5 , 9.1 , 270 , 20 , 7.4 
252,김병준,23KCF, 3.50 , 2 , 7 , 3.50 , 16.7 , 66.7 , 16.7 , 0.0 , 85.7 , 14.3 , 71.4 , 50.0 , 20.0 , 0.0 , 0.0 , 2 , 0 , 0.0 , 0 , 0 ,  
,박유연,23두C, 3.50 , 16 , 56 , 3.50 , 35.0 , 10.0 , 25.0 , 30.0 , 71.4 , 28.6 , 46.4 , 18.8 , 84.6 , 66.7 , 25.0 , 4 , 0 , 0.0 , 45 , 3 , 6.7 
254,박영빈,23NDH, 3.47 , 17 , 59 , 3.47 , 12.5 , 47.5 , 15.0 , 25.0 , 67.8 , 32.2 , 59.3 , 41.2 , 45.7 , 50.0 , 25.0 , 6 , 0 , 0.0 , 12 , 1 , 8.3 
,이흥련,23SC, 3.47 , 17 , 59 , 3.47 , 35.0 , 20.0 , 22.5 , 22.5 , 67.8 , 32.2 , 44.1 , 41.2 , 69.2 , 50.0 , 33.3 , 4 , 2 , 33.3 , 1 , 0 , 0.0 
256,김상민,23삼LF, 3.46 , 13 , 45 , 3.46 , 22.6 , 25.8 , 22.6 , 29.0 , 68.9 , 31.1 , 53.3 , 46.2 , 66.7 , 75.0 , 11.1 , 1 , 2 , 66.7 , 24 , 1 , 4.2 
257,박수종,23키RF, 3.46 , 50 , 173 , 3.46 , 30.3 , 4.2 , 31.9 , 33.6 , 68.8 , 31.2 , 48.0 , 46.0 , 94.0 , 83.3 , 32.1 , 2 , 4 , 66.7 , 26 , 2 , 7.7 
258,김태군,23삼KC, 3.46 , 346 , 1196 , 3.46 , 32.7 , 7.7 , 23.7 , 35.9 , 68.5 , 31.5 , 46.1 , 24.9 , 88.6 , 85.8 , 31.4 , 25 , 5 , 16.7 , 353 , 9 , 2.6 
259,한준수,23KC, 3.45 , 94 , 324 , 3.45 , 26.5 , 18.1 , 27.0 , 28.4 , 66.4 , 33.6 , 48.8 , 47.9 , 75.3 , 57.8 , 32.6 , 18 , 8 , 30.8 , 67 , 7 , 10.5 
260,김성윤,23삼RF, 3.44 , 272 , 936 , 3.44 , 16.4 , 16.1 , 32.9 , 34.6 , 67.6 , 32.4 , 56.5 , 54.0 , 80.7 , 80.9 , 29.6 , 26 , 9 , 25.7 , 136 , 13 , 9.6 
261,김시앙,23키C, 3.44 , 82 , 282 , 3.44 , 13.8 , 21.2 , 34.4 , 30.7 , 67.0 , 33.0 , 57.8 , 53.7 , 75.5 , 66.7 , 40.7 , 13 , 5 , 27.8 , 36 , 1 , 2.8 
262,이상호,23K2B, 3.43 , 60 , 206 , 3.43 , 18.5 , 13.0 , 34.9 , 33.6 , 70.9 , 29.1 , 57.8 , 51.7 , 84.0 , 80.0 , 19.6 , 8 , 1 , 11.1 , 77 , 6 , 7.8 
263,김선우,23KC, 3.43 , 7 , 24 , 3.43 , 16.7 , 16.7 , 38.9 , 27.8 , 75.0 , 25.0 , 62.5 , 28.6 , 80.0 , 66.7 , 33.3 , 2 , 0 , 0.0 , 0 , 0 ,  
264,이지영,23키C, 3.41 , 237 , 808 , 3.41 , 25.0 , 13.1 , 28.6 , 33.3 , 68.8 , 31.2 , 51.6 , 31.2 , 82.5 , 74.5 , 29.6 , 33 , 6 , 15.4 , 191 , 11 , 5.8 
265,박대온,23NC, 3.41 , 27 , 92 , 3.41 , 18.2 , 25.8 , 30.3 , 25.8 , 71.7 , 28.3 , 58.7 , 29.6 , 68.5 , 65.0 , 23.1 , 7 , 0 , 0.0 , 2 , 0 , 0.0 
266,조민성,23삼1B, 3.38 , 29 , 98 , 3.38 , 28.6 , 20.0 , 18.6 , 32.9 , 71.4 , 28.6 , 51.0 , 27.6 , 72.0 , 70.6 , 26.1 , 6 , 0 , 0.0 , 47 , 4 , 8.5 
267,이병규,23키1B, 3.35 , 17 , 57 , 3.35 , 23.7 , 18.4 , 23.7 , 34.2 , 66.7 , 33.3 , 50.9 , 41.2 , 75.9 , 62.5 , 42.9 , 4 , 0 , 0.0 , 33 , 1 , 3.0 
268,이천웅,23L, 3.33 , 3 , 10 , 3.33 , 28.6 , 14.3 , 14.3 , 42.9 , 70.0 , 30.0 , 50.0 , 66.7 , 80.0 , 33.3 , 40.0 , 0 , 0 ,  , 0 , 0 ,  
,최보성,23N3B, 3.33 , 21 , 70 , 3.33 , 29.2 , 12.5 , 22.9 , 35.4 , 68.6 , 31.4 , 48.6 , 33.3 , 82.4 , 84.6 , 35.0 , 2 , 0 , 0.0 , 23 , 1 , 4.4 
270,김태훈,23삼LF, 3.32 , 22 , 73 , 3.32 , 15.1 , 35.9 , 24.5 , 24.5 , 72.6 , 27.4 , 61.6 , 54.6 , 57.8 , 35.7 , 30.0 , 7 , 2 , 22.2 , 11 , 1 , 9.1 
271,장두성,23롯CF, 3.27 , 15 , 49 , 3.27 , 23.5 , 5.9 , 38.2 , 32.4 , 69.4 , 30.6 , 53.1 , 53.3 , 92.3 , 60.0 , 23.1 , 2 , 1 , 33.3 , 1 , 0 , 0.0 
272,안승한,23두C, 3.26 , 27 , 88 , 3.26 , 19.1 , 27.0 , 31.8 , 22.2 , 71.6 , 28.4 , 58.0 , 59.3 , 66.7 , 47.4 , 20.8 , 8 , 2 , 20.0 , 24 , 2 , 8.3 
273,예진원,23키LF, 3.22 , 36 , 116 , 3.22 , 21.5 , 13.9 , 27.9 , 36.7 , 68.1 , 31.9 , 53.5 , 47.2 , 82.3 , 63.2 , 34.5 , 6 , 1 , 14.3 , 45 , 3 , 6.7 
274,하주석,23한SS, 3.13 , 38 , 119 , 3.13 , 13.3 , 18.9 , 40.0 , 27.8 , 75.6 , 24.4 , 65.6 , 55.3 , 78.2 , 61.5 , 29.7 , 9 , 1 , 10.0 , 1 , 0 , 0.0 
275,김재현,23키C, 3.10 , 10 , 31 , 3.10 , 13.0 , 21.7 , 34.8 , 30.4 , 74.2 , 25.8 , 64.5 , 50.0 , 75.0 , 50.0 , 33.3 , 3 , 0 , 0.0 , 1 , 1 , 100.0 
276,안익훈,23LRF, 3.09 , 23 , 71 , 3.09 , 30.2 , 11.3 , 20.8 , 37.7 , 74.7 , 25.4 , 52.1 , 26.1 , 83.8 , 81.8 , 26.7 , 2 , 0 , 0.0 , 2 , 1 , 50.0 
277,박정우,23KRF, 3.08 , 12 , 37 , 3.08 , 17.4 , 13.0 , 21.7 , 47.8 , 62.2 , 37.8 , 51.4 , 33.3 , 84.2 , 83.3 , 14.3 , 1 , 0 , 0.0 , 11 , 0 , 0.0 
278,박대온,23NC, 3.00 , 6 , 18 , 3.00 , 8.3 , 16.7 , 41.7 , 33.3 , 66.7 , 33.3 , 61.1 , 50.0 , 81.8 , 50.0 , 33.3 , 1 , 0 , 0.0 , 0 , 0 ,  
,이해승,23삼3B, 3.00 , 4 , 12 , 3.00 , 11.1 , 22.2 , 33.3 , 33.3 , 75.0 , 25.0 , 66.7 , 50.0 , 75.0 , 50.0 , 50.0 , 1 , 0 , 0.0 , 0 , 0 ,  
,이재용,23한C, 3.00 , 2 , 6 , 3.00 , 20.0 , 20.0 , 40.0 , 20.0 , 83.3 , 16.7 , 66.7 , 50.0 , 75.0 , 0.0 , 0.0 , 1 , 0 , 0.0 , 0 , 0 ,  
,김민수,23삼C, 3.00 , 1 , 3 , 3.00 , 0.0 , 33.3 , 66.7 , 0.0 , 100.0 , 0.0 , 100.0 , 100.0 , 66.7 , 0.0 , 0.0 , 1 , 0 , 0.0 , 0 , 0 ,  
,윤도현,23K3B, 3.00 , 1 , 3 , 3.00 , 33.3 , 66.7 , 0.0 , 0.0 , 100.0 , 0.0 , 66.7 , 0.0 , 0.0 , 0.0 , 0.0 , 1 , 0 , 0.0 , 0 , 0 ,  
,이상민,23삼P, 3.00 , 1 , 3 , 3.00 , 50.0 , 0.0 , 0.0 , 50.0 , 66.7 , 33.3 , 33.3 , 0.0 , 100.0 ,  ,  , 0 , 0 ,  , 0 , 0 ,  
,류효승,23SDH, 3.00 , 4 , 12 , 3.00 , 22.2 , 11.1 , 33.3 , 33.3 , 75.0 , 25.0 , 58.3 , 50.0 , 85.7 , 100.0 , 33.3 , 0 , 0 ,  , 0 , 0 ,  
,서예일,23두2B, 3.00 , 10 , 30 , 3.00 , 14.3 , 23.8 , 23.8 , 38.1 , 70.0 , 30.0 , 60.0 , 50.0 , 72.2 , 50.0 , 33.3 , 2 , 0 , 0.0 , 1 , 1 , 100.0 
,이정범,23SDH, 3.00 , 33 , 99 , 3.00 , 20.6 , 29.4 , 13.2 , 36.8 , 68.7 , 31.3 , 54.6 , 48.5 , 63.0 , 53.9 , 23.5 , 4 , 2 , 33.3 , 53 , 5 , 9.4 
287,송재선,23키RF, 2.67 , 3 , 8 , 2.67 , 28.6 , 28.6 , 14.3 , 28.6 , 87.5 , 12.5 , 62.5 , 33.3 , 60.0 , 50.0 , 0.0 , 1 , 0 , 0.0 , 0 , 0 ,  
,김건웅,23S1B, 2.67 , 3 , 8 , 2.67 , 25.0 , 62.5 , 0.0 , 12.5 , 100.0 , 0.0 , 75.0 , 33.3 , 16.7 , 0.0 , 0.0 , 2 , 0 , 0.0 , 0 , 0 ,  
,장지승,23한, 2.67 , 3 , 8 , 2.67 , 0.0 , 25.0 , 0.0 , 75.0 , 50.0 , 50.0 , 50.0 , 33.3 , 75.0 ,  ,  , 0 , 0 ,  , 11 , 1 , 9.1 
290,전민재,23두3B, 2.56 , 18 , 46 , 2.56 , 13.9 , 16.7 , 27.8 , 41.7 , 78.3 , 21.7 , 67.4 , 55.6 , 80.7 , 66.7 , 10.0 , 2 , 1 , 33.3 , 0 , 0 ,  
291,김헌곤,23삼, 2.25 , 4 , 9 , 2.25 , 12.5 , 12.5 , 37.5 , 37.5 , 88.9 , 11.1 , 77.8 , 75.0 , 85.7 , 50.0 , 33.3 , 1 , 0 , 0.0 , 0 , 0 ,  
292,전사민,23NP, 2.00 , 1 , 2 , 2.00 , 50.0 , 0.0 , 0.0 , 50.0 , 100.0 , 0.0 , 50.0 , 0.0 , 100.0 ,  ,  , 0 , 0 ,  , 0 , 0 ,  
,권민석,23두SS, 2.00 , 2 , 4 , 2.00 , 25.0 , 50.0 , 0.0 , 25.0 , 100.0 , 0.0 , 75.0 , 50.0 , 33.3 , 0.0 , 0.0 , 1 , 0 , 0.0 , 0 , 0 ,  
