순,이름,팀/포지션,정렬용,타석,RAA도루,도루,도실,도루%,도루기회,도루시도%,도루상황_좌,도루상황_2,도루상황_3,도루상황_4,도실상황_좌,도실상황_2,도실상황_3,도실상황_4,도루%상황_좌,도루%상황_2,도루%상황_3,도루%상황_4,무관심도루,견제아웃,폭투진루,포일진루,견제실책
1,정수빈,23두CF, 3.95 , 583 , 3.95 , 39 , 8 , 83.0 , 242 , 19.4 , 11 , 36 , 3 , 0 , 3 , 7 , 1 , 0 , 78.6 , 83.7 , 75.0 ,  , 0 , 3 , 10 , 1 , 3 
2,류지혁,23K삼3B, 3.93 , 522 , 3.93 , 26 , 2 , 92.9 , 192 , 14.6 , 9 , 23 , 3 , 0 , 1 , 2 , 0 , 0 , 90.0 , 92.0 , 100.0 ,  , 0 , 2 , 5 , 1 , 2 
3,오태곤,23S1B, 3.41 , 305 , 3.41 , 20 , 1 , 95.2 , 107 , 19.6 , 10 , 20 , 0 , 0 , 1 , 1 , 0 , 0 , 90.9 , 95.2 ,  ,  , 0 , 0 , 8 , 1 , 2 
4,김혜성,23키2B, 3.20 , 621 , 3.20 , 25 , 3 , 89.3 , 270 , 10.4 , 4 , 25 , 0 , 0 , 1 , 3 , 0 , 0 , 80.0 , 89.3 ,  ,  , 0 , 2 , 11 , 1 , 4 
5,김도영,23K3B, 3.03 , 385 , 3.03 , 25 , 4 , 86.2 , 147 , 19.7 , 4 , 23 , 2 , 0 , 2 , 4 , 0 , 0 , 66.7 , 85.2 , 100.0 ,  , 0 , 2 , 4 , 0 , 1 
6,최지훈,23SCF, 3.02 , 503 , 3.02 , 21 , 2 , 91.3 , 183 , 12.6 , 7 , 21 , 0 , 0 , 1 , 2 , 0 , 0 , 87.5 , 91.3 ,  ,  , 0 , 3 , 6 , 0 , 0 
7,조수행,23두RF, 2.50 , 249 , 2.50 , 26 , 6 , 81.3 , 129 , 24.8 , 9 , 24 , 2 , 0 , 0 , 4 , 2 , 0 , 100.0 , 85.7 , 50.0 ,  , 0 , 0 , 7 , 3 , 4 
8,박찬호,23KSS, 2.23 , 507 , 2.23 , 30 , 8 , 79.0 , 206 , 18.5 , 9 , 28 , 2 , 0 , 2 , 7 , 1 , 0 , 81.8 , 80.0 , 66.7 ,  , 0 , 1 , 8 , 1 , 4 
9,김성윤,23삼RF, 2.10 , 272 , 2.10 , 20 , 4 , 83.3 , 131 , 18.3 , 6 , 17 , 3 , 0 , 3 , 4 , 0 , 0 , 66.7 , 81.0 , 100.0 ,  , 0 , 0 , 5 , 1 , 2 
10,하재훈,23SLF, 2.02 , 229 , 2.02 , 11 , 0 , 100.0 , 87 , 12.6 , 2 , 11 , 0 , 0 , 0 , 0 , 0 , 0 , 100.0 , 100.0 ,  ,  , 0 , 1 , 3 , 0 , 0 
11,박민우,23N2B, 1.83 , 509 , 1.83 , 26 , 7 , 78.8 , 216 , 15.3 , 13 , 18 , 8 , 0 , 3 , 4 , 1 , 2 , 81.3 , 81.8 , 88.9 , 0.0 , 0 , 1 , 6 , 3 , 2 
12,김지찬,23삼2B, 1.82 , 355 , 1.82 , 13 , 1 , 92.9 , 163 , 8.6 , 2 , 13 , 0 , 0 , 0 , 1 , 0 , 0 , 100.0 , 92.9 ,  ,  , 0 , 1 , 3 , 1 , 1 
13,김민석,23롯CF, 1.64 , 454 , 1.64 , 16 , 3 , 84.2 , 163 , 11.7 , 3 , 16 , 0 , 0 , 2 , 3 , 0 , 0 , 60.0 , 84.2 ,  ,  , 0 , 2 , 3 , 1 , 1 
14,김주원,23NSS, 1.39 , 474 , 1.39 , 15 , 3 , 83.3 , 156 , 11.5 , 3 , 13 , 2 , 0 , 1 , 3 , 0 , 0 , 75.0 , 81.3 , 100.0 ,  , 0 , 1 , 2 , 0 , 0 
15,마틴,23NCF, 1.36 , 503 , 1.36 , 15 , 3 , 83.3 , 177 , 10.2 , 4 , 14 , 1 , 0 , 1 , 3 , 0 , 0 , 80.0 , 82.4 , 100.0 ,  , 0 , 1 , 5 , 1 , 0 
16,알포드,23KLF, 1.33 , 547 , 1.33 , 17 , 4 , 81.0 , 200 , 10.5 , 2 , 15 , 0 , 2 , 1 , 3 , 0 , 1 , 66.7 , 83.3 ,  , 66.7 , 0 , 1 , 14 , 4 , 1 
17,이원석,23한CF, 1.23 , 138 , 1.23 , 13 , 3 , 81.3 , 83 , 19.3 , 5 , 11 , 2 , 0 , 0 , 3 , 0 , 0 , 100.0 , 78.6 , 100.0 ,  , 0 , 0 , 0 , 1 , 1 
18,양의지,23두C, 1.18 , 509 , 1.18 , 8 , 0 , 100.0 , 190 , 4.2 , 0 , 7 , 1 , 0 , 0 , 0 , 0 , 0 ,  , 100.0 , 100.0 ,  , 0 , 1 , 6 , 0 , 1 
19,박승욱,23롯2B, 1.06 , 338 , 1.06 , 15 , 4 , 79.0 , 141 , 13.5 , 2 , 15 , 0 , 0 , 1 , 4 , 0 , 0 , 66.7 , 79.0 ,  ,  , 0 , 0 , 8 , 0 , 1 
20,배정대,23KCF, 1.05 , 361 , 1.05 , 13 , 3 , 81.3 , 138 , 11.6 , 2 , 9 , 4 , 0 , 0 , 3 , 0 , 0 , 100.0 , 75.0 , 100.0 ,  , 0 , 0 , 6 , 1 , 0 
21,손아섭,23NDH, 1.02 , 609 , 1.02 , 14 , 3 , 82.4 , 263 , 6.5 , 5 , 13 , 1 , 0 , 0 , 2 , 1 , 0 , 100.0 , 86.7 , 50.0 ,  , 0 , 1 , 13 , 1 , 0 
22,안치영,23KRF, 0.87 , 136 , 0.87 , 7 , 1 , 87.5 , 65 , 12.3 , 3 , 6 , 1 , 0 , 0 , 1 , 0 , 0 , 100.0 , 85.7 , 100.0 ,  , 0 , 0 , 2 , 0 , 0 
23,이우성,23KRF, 0.87 , 400 , 0.87 , 8 , 1 , 88.9 , 153 , 5.9 , 3 , 6 , 2 , 0 , 1 , 1 , 0 , 0 , 75.0 , 85.7 , 100.0 ,  , 0 , 0 , 7 , 0 , 1 
24,최정용,23K2B, 0.78 , 41 , 0.78 , 4 , 0 , 100.0 , 37 , 10.8 , 0 , 4 , 0 , 0 , 0 , 0 , 0 , 0 ,  , 100.0 ,  ,  , 0 , 0 , 3 , 1 , 0 
25,이창진,23KLF, 0.74 , 284 , 0.74 , 9 , 2 , 81.8 , 116 , 9.5 , 2 , 8 , 1 , 0 , 1 , 2 , 0 , 0 , 66.7 , 80.0 , 100.0 ,  , 0 , 0 , 0 , 0 , 1 
26,도슨,23키CF, 0.73 , 261 , 0.73 , 9 , 2 , 81.8 , 115 , 9.6 , 2 , 8 , 1 , 0 , 0 , 2 , 0 , 0 , 100.0 , 80.0 , 100.0 ,  , 0 , 0 , 6 , 0 , 0 
27,이도윤,23한SS, 0.72 , 346 , 0.72 , 11 , 3 , 78.6 , 121 , 11.6 , 0 , 11 , 0 , 0 , 2 , 3 , 0 , 0 , 0.0 , 78.6 ,  ,  , 0 , 0 , 4 , 3 , 0 
28,이진영,23한RF, 0.70 , 422 , 0.70 , 5 , 0 , 100.0 , 161 , 3.1 , 2 , 5 , 0 , 0 , 0 , 0 , 0 , 0 , 100.0 , 100.0 ,  ,  , 0 , 1 , 2 , 0 , 2 
29,임병욱,23키RF, 0.67 , 223 , 0.67 , 4 , 0 , 100.0 , 73 , 5.5 , 0 , 2 , 2 , 0 , 0 , 0 , 0 , 0 ,  , 100.0 , 100.0 ,  , 0 , 0 , 2 , 1 , 0 
30,김성욱,23NLF, 0.66 , 204 , 0.66 , 6 , 1 , 85.7 , 77 , 9.1 , 1 , 5 , 1 , 0 , 0 , 1 , 0 , 0 , 100.0 , 83.3 , 100.0 ,  , 0 , 1 , 3 , 0 , 0 
31,조용호,23KRF, 0.64 , 184 , 0.64 , 4 , 0 , 100.0 , 74 , 5.4 , 0 , 4 , 0 , 0 , 0 , 0 , 0 , 0 ,  , 100.0 ,  ,  , 0 , 0 , 0 , 1 , 0 
32,김재호,23두SS, 0.56 , 302 , 0.56 , 4 , 0 , 100.0 , 114 , 3.5 , 3 , 3 , 0 , 1 , 0 , 0 , 0 , 0 , 100.0 , 100.0 ,  , 100.0 , 0 , 0 , 5 , 0 , 1 
33,장준원,23KSS, 0.54 , 104 , 0.54 , 3 , 0 , 100.0 , 37 , 8.1 , 1 , 3 , 0 , 0 , 0 , 0 , 0 , 0 , 100.0 , 100.0 ,  ,  , 0 , 0 , 2 , 0 , 0 
34,전준우,23롯DH, 0.51 , 559 , 0.51 , 9 , 2 , 81.8 , 217 , 5.1 , 2 , 9 , 0 , 0 , 2 , 1 , 1 , 0 , 50.0 , 90.0 , 0.0 ,  , 0 , 0 , 11 , 2 , 0 
35,김동진,23삼2B, 0.51 , 137 , 0.51 , 3 , 0 , 100.0 , 58 , 5.2 , 2 , 3 , 0 , 0 , 0 , 0 , 0 , 0 , 100.0 , 100.0 ,  ,  , 0 , 1 , 1 , 0 , 0 
36,양석환,23두1B, 0.42 , 581 , 0.42 , 4 , 0 , 100.0 , 179 , 2.2 , 1 , 4 , 0 , 0 , 0 , 0 , 0 , 0 , 100.0 , 100.0 ,  ,  , 0 , 0 , 3 , 2 , 1 
37,강백호,23KDH, 0.41 , 271 , 0.41 , 3 , 0 , 100.0 , 96 , 3.1 , 0 , 3 , 0 , 0 , 0 , 0 , 0 , 0 ,  , 100.0 ,  ,  , 0 , 0 , 3 , 0 , 1 
38,강민호,23삼C, 0.40 , 495 , 0.40 , 6 , 1 , 85.7 , 175 , 4.0 , 2 , 4 , 2 , 0 , 0 , 1 , 0 , 0 , 100.0 , 80.0 , 100.0 ,  , 0 , 0 , 4 , 0 , 1 
39,장두성,23롯CF, 0.39 , 15 , 0.39 , 2 , 0 , 100.0 , 18 , 11.1 , 0 , 2 , 0 , 0 , 0 , 0 , 0 , 0 ,  , 100.0 ,  ,  , 0 , 1 , 0 , 0 , 0 
,최경모,23S3B, 0.39 , 20 , 0.39 , 2 , 0 , 100.0 , 17 , 11.8 , 1 , 2 , 0 , 0 , 0 , 0 , 0 , 0 , 100.0 , 100.0 ,  ,  , 0 , 0 , 0 , 0 , 0 
41,이상호,23K2B, 0.38 , 60 , 0.38 , 2 , 0 , 100.0 , 46 , 4.4 , 0 , 2 , 0 , 0 , 0 , 0 , 0 , 0 ,  , 100.0 ,  ,  , 0 , 0 , 1 , 1 , 1 
42,김태연,23한RF, 0.38 , 280 , 0.38 , 5 , 1 , 83.3 , 99 , 6.1 , 0 , 5 , 0 , 0 , 0 , 1 , 0 , 0 ,  , 83.3 ,  ,  , 0 , 0 , 7 , 1 , 1 
43,안재석,23두SS, 0.37 , 68 , 0.37 , 2 , 0 , 100.0 , 21 , 9.5 , 0 , 2 , 0 , 0 , 0 , 0 , 0 , 0 ,  , 100.0 ,  ,  , 0 , 2 , 1 , 0 , 0 
44,권광민,23한LF, 0.36 , 81 , 0.36 , 2 , 0 , 100.0 , 25 , 8.0 , 0 , 2 , 0 , 0 , 0 , 0 , 0 , 0 ,  , 100.0 ,  ,  , 0 , 0 , 2 , 0 , 0 
45,최정원,23N2B, 0.35 , 56 , 0.35 , 4 , 1 , 80.0 , 30 , 16.7 , 0 , 4 , 0 , 0 , 0 , 1 , 0 , 0 ,  , 80.0 ,  ,  , 0 , 0 , 2 , 0 , 0 
46,최승민,23LCF, 0.34 , 15 , 0.34 , 8 , 3 , 72.7 , 30 , 36.7 , 2 , 8 , 0 , 0 , 0 , 3 , 0 , 0 , 100.0 , 72.7 ,  ,  , 0 , 1 , 1 , 0 , 1 
47,김호재,23삼3B, 0.34 , 127 , 0.34 , 2 , 0 , 100.0 , 41 , 4.9 , 0 , 2 , 0 , 0 , 0 , 0 , 0 , 0 ,  , 100.0 ,  ,  , 0 , 1 , 3 , 0 , 0 
48,홍현빈,23KCF, 0.32 , 86 , 0.32 , 2 , 0 , 100.0 , 37 , 5.4 , 2 , 2 , 0 , 0 , 0 , 0 , 0 , 0 , 100.0 , 100.0 ,  ,  , 0 , 0 , 1 , 0 , 0 
49,이학주,23롯SS, 0.30 , 122 , 0.30 , 4 , 1 , 80.0 , 61 , 8.2 , 0 , 4 , 0 , 0 , 0 , 1 , 0 , 0 ,  , 80.0 ,  ,  , 0 , 0 , 2 , 1 , 1 
50,구자욱,23삼RF, 0.30 , 515 , 0.30 , 12 , 4 , 75.0 , 211 , 7.6 , 5 , 11 , 0 , 1 , 1 , 3 , 1 , 0 , 83.3 , 78.6 , 0.0 , 100.0 , 0 , 2 , 8 , 2 , 1 
51,최원준,23K1B, 0.30 , 274 , 0.30 , 13 , 5 , 72.2 , 117 , 15.4 , 2 , 11 , 2 , 0 , 1 , 5 , 0 , 0 , 66.7 , 68.8 , 100.0 ,  , 0 , 1 , 3 , 1 , 1 
52,노진혁,23롯SS, 0.29 , 390 , 0.29 , 7 , 2 , 77.8 , 145 , 6.2 , 0 , 6 , 1 , 0 , 1 , 1 , 0 , 1 , 0.0 , 85.7 , 100.0 , 0.0 , 1 , 0 , 7 , 0 , 0 
53,문현빈,23한CF, 0.25 , 481 , 0.25 , 5 , 1 , 83.3 , 173 , 3.5 , 2 , 4 , 1 , 0 , 0 , 1 , 0 , 0 , 100.0 , 80.0 , 100.0 ,  , 0 , 3 , 8 , 1 , 3 
54,김규성,23K2B, 0.25 , 177 , 0.25 , 6 , 2 , 75.0 , 78 , 10.3 , 2 , 5 , 0 , 1 , 0 , 1 , 1 , 0 , 100.0 , 83.3 , 0.0 , 100.0 , 0 , 1 , 2 , 1 , 1 
55,정훈,23롯1B, 0.24 , 233 , 0.24 , 2 , 0 , 100.0 , 79 , 2.5 , 1 , 2 , 0 , 0 , 0 , 0 , 0 , 0 , 100.0 , 100.0 ,  ,  , 0 , 0 , 4 , 0 , 0 
,오선진,23한SS, 0.24 , 199 , 0.24 , 2 , 0 , 100.0 , 73 , 2.7 , 0 , 2 , 0 , 0 , 0 , 0 , 0 , 0 ,  , 100.0 ,  ,  , 0 , 0 , 1 , 1 , 0 
57,허경민,23두3B, 0.21 , 475 , 0.21 , 9 , 3 , 75.0 , 158 , 7.6 , 4 , 7 , 2 , 0 , 0 , 3 , 0 , 0 , 100.0 , 70.0 , 100.0 ,  , 0 , 0 , 8 , 0 , 1 
58,김동혁,23롯RF, 0.19 , 9 , 0.19 , 1 , 0 , 100.0 , 5 , 20.0 , 0 , 1 , 0 , 0 , 0 , 0 , 0 , 0 ,  , 100.0 ,  ,  , 0 , 0 , 0 , 0 , 0 
59,신윤후,23롯LF, 0.19 , 27 , 0.19 , 1 , 0 , 100.0 , 15 , 6.7 , 0 , 1 , 0 , 0 , 0 , 0 , 0 , 0 ,  , 100.0 ,  ,  , 0 , 0 , 1 , 0 , 0 
60,배영빈,23롯SS, 0.19 , 18 , 0.19 , 1 , 0 , 100.0 , 13 , 7.7 , 0 , 1 , 0 , 0 , 0 , 0 , 0 , 0 ,  , 100.0 ,  ,  , 0 , 0 , 0 , 0 , 0 
,송찬의,23L1B, 0.19 , 22 , 0.19 , 1 , 0 , 100.0 , 9 , 11.1 , 1 , 1 , 0 , 0 , 0 , 0 , 0 , 0 , 100.0 , 100.0 ,  ,  , 0 , 0 , 0 , 0 , 0 
62,박지훈,23두1B, 0.19 , 21 , 0.19 , 1 , 0 , 100.0 , 12 , 8.3 , 1 , 1 , 0 , 0 , 0 , 0 , 0 , 0 , 100.0 , 100.0 ,  ,  , 0 , 0 , 3 , 1 , 0 
63,안승한,23두C, 0.18 , 27 , 0.18 , 1 , 0 , 100.0 , 10 , 10.0 , 1 , 1 , 0 , 0 , 0 , 0 , 0 , 0 , 100.0 , 100.0 ,  ,  , 0 , 0 , 0 , 0 , 0 
,이명기,23한DH, 0.18 , 42 , 0.18 , 1 , 0 , 100.0 , 12 , 8.3 , 0 , 1 , 0 , 0 , 0 , 0 , 0 , 0 ,  , 100.0 ,  ,  , 0 , 0 , 0 , 0 , 0 
,유로결,23한RF, 0.18 , 53 , 0.18 , 1 , 0 , 100.0 , 17 , 5.9 , 0 , 1 , 0 , 0 , 0 , 0 , 0 , 0 ,  , 100.0 ,  ,  , 0 , 0 , 1 , 0 , 1 
66,김기연,23LC, 0.18 , 40 , 0.18 , 1 , 0 , 100.0 , 14 , 7.1 , 0 , 1 , 0 , 0 , 0 , 0 , 0 , 0 ,  , 100.0 ,  ,  , 0 , 0 , 0 , 0 , 0 
67,박주홍,23키1B, 0.17 , 57 , 0.17 , 1 , 0 , 100.0 , 15 , 6.7 , 0 , 1 , 0 , 0 , 0 , 0 , 0 , 0 ,  , 100.0 ,  ,  , 0 , 0 , 0 , 0 , 0 
68,김민혁,23KRF, 0.17 , 448 , 0.17 , 11 , 4 , 73.3 , 183 , 8.2 , 5 , 10 , 1 , 0 , 1 , 1 , 2 , 1 , 83.3 , 90.9 , 33.3 , 0.0 , 0 , 0 , 8 , 1 , 4 
69,오그레디,23한LF, 0.17 , 86 , 0.17 , 1 , 0 , 100.0 , 17 , 5.9 , 0 , 1 , 0 , 0 , 0 , 0 , 0 , 0 ,  , 100.0 ,  ,  , 0 , 0 , 1 , 0 , 0 
70,송민섭,23KCF, 0.17 , 25 , 0.17 , 3 , 1 , 75.0 , 23 , 17.4 , 1 , 3 , 0 , 0 , 0 , 1 , 0 , 0 , 100.0 , 75.0 ,  ,  , 0 , 0 , 1 , 0 , 2 
71,윤정빈,23삼1B, 0.16 , 43 , 0.16 , 1 , 0 , 100.0 , 18 , 5.6 , 1 , 1 , 0 , 0 , 0 , 0 , 0 , 0 , 100.0 , 100.0 ,  ,  , 0 , 0 , 0 , 1 , 0 
72,김영웅,23삼3B, 0.15 , 103 , 0.15 , 1 , 0 , 100.0 , 37 , 2.7 , 0 , 1 , 0 , 0 , 0 , 0 , 0 , 0 ,  , 100.0 ,  ,  , 0 , 0 , 1 , 0 , 0 
73,김호령,23KCF, 0.15 , 107 , 0.15 , 1 , 0 , 100.0 , 44 , 2.3 , 0 , 1 , 0 , 0 , 0 , 0 , 0 , 0 ,  , 100.0 ,  ,  , 0 , 0 , 4 , 1 , 1 
74,안상현,23S2B, 0.14 , 66 , 0.14 , 3 , 1 , 75.0 , 36 , 11.1 , 0 , 3 , 0 , 0 , 0 , 1 , 0 , 0 ,  , 75.0 ,  ,  , 0 , 0 , 5 , 1 , 0 
75,이유찬,23두2B, 0.13 , 239 , 0.13 , 12 , 5 , 70.6 , 104 , 16.4 , 3 , 11 , 1 , 0 , 1 , 4 , 0 , 1 , 75.0 , 73.3 , 100.0 , 0.0 , 0 , 1 , 2 , 0 , 3 
76,고승민,23롯1B, 0.13 , 307 , 0.13 , 8 , 3 , 72.7 , 117 , 9.4 , 3 , 7 , 0 , 1 , 1 , 3 , 0 , 0 , 75.0 , 70.0 ,  , 100.0 , 0 , 0 , 3 , 1 , 1 
77,김성현,23S2B, 0.12 , 354 , 0.12 , 4 , 1 , 80.0 , 126 , 4.0 , 2 , 4 , 0 , 0 , 0 , 1 , 0 , 0 , 100.0 , 80.0 ,  ,  , 0 , 0 , 3 , 1 , 0 
78,장승현,23두C, 0.11 , 158 , 0.11 , 1 , 0 , 100.0 , 40 , 2.5 , 0 , 1 , 0 , 0 , 0 , 0 , 0 , 0 ,  , 100.0 ,  ,  , 0 , 0 , 1 , 0 , 0 
79,정보근,23롯C, 0.11 , 101 , 0.11 , 1 , 0 , 100.0 , 45 , 2.2 , 0 , 1 , 0 , 0 , 0 , 0 , 0 , 0 ,  , 100.0 ,  ,  , 0 , 1 , 0 , 1 , 0 
80,김준태,23KC, 0.10 , 136 , 0.10 , 1 , 0 , 100.0 , 51 , 2.0 , 0 , 1 , 0 , 0 , 0 , 0 , 0 , 0 ,  , 100.0 ,  ,  , 0 , 0 , 2 , 0 , 1 
81,최인호,23한LF, 0.08 , 148 , 0.08 , 1 , 0 , 100.0 , 60 , 1.7 , 0 , 1 , 0 , 0 , 0 , 0 , 0 , 0 ,  , 100.0 ,  ,  , 0 , 1 , 5 , 0 , 1 
82,소크라테스,23KCF, 0.08 , 608 , 0.08 , 15 , 6 , 71.4 , 218 , 9.6 , 2 , 15 , 0 , 0 , 0 , 5 , 1 , 0 , 100.0 , 75.0 , 0.0 ,  , 0 , 1 , 9 , 1 , 4 
83,권희동,23NLF, 0.08 , 373 , 0.08 , 2 , 0 , 100.0 , 147 , 1.4 , 0 , 2 , 0 , 0 , 0 , 0 , 0 , 0 ,  , 100.0 ,  ,  , 0 , 0 , 5 , 2 , 0 
84,오윤석,23K1B, 0.05 , 223 , 0.05 , 3 , 1 , 75.0 , 83 , 4.8 , 0 , 2 , 0 , 1 , 1 , 1 , 0 , 0 , 0.0 , 66.7 ,  , 100.0 , 0 , 1 , 2 , 0 , 0 
85,러셀,23키SS, 0.03 , 239 , 0.03 , 1 , 0 , 100.0 , 88 , 1.1 , 1 , 1 , 0 , 0 , 0 , 0 , 0 , 0 , 100.0 , 100.0 ,  ,  , 0 , 0 , 3 , 0 , 0 
86,박병호,23K1B, 0.02 , 493 , 0.02 , 2 , 0 , 100.0 , 179 , 1.1 , 0 , 2 , 0 , 0 , 0 , 0 , 0 , 0 ,  , 100.0 ,  ,  , 0 , 0 , 5 , 3 , 0 
87,안권수,23롯LF, 0.02 , 309 , 0.02 , 16 , 7 , 69.6 , 134 , 17.2 , 5 , 16 , 0 , 0 , 1 , 7 , 0 , 0 , 83.3 , 69.6 ,  ,  , 0 , 2 , 4 , 0 , 0 
88,신민재,23L2B, 0.00 , 331 , 0.00 , 37 , 17 , 68.5 , 169 , 32.0 , 2 , 35 , 2 , 0 , 4 , 13 , 4 , 0 , 33.3 , 72.9 , 33.3 ,  , 0 , 1 , 7 , 1 , 6 
89,임지열,23키1B, 0.00 , 246 , 0.00 , 1 , 0 , 100.0 , 86 , 1.2 , 0 , 1 , 0 , 0 , 0 , 0 , 0 , 0 ,  , 100.0 ,  ,  , 0 , 0 , 6 , 0 , 0 
90,이해승,23삼3B, 0.00 , 4 , 0.00 , 0 , 0 ,  , 5 , 0.0 , 0 , 0 , 0 , 0 , 0 , 0 , 0 , 0 ,  ,  ,  ,  , 0 , 0 , 0 , 0 , 0 
,김병준,23KCF, 0.00 , 2 , 0.00 , 0 , 0 ,  , 2 , 0.0 , 0 , 0 , 0 , 0 , 0 , 0 , 0 , 0 ,  ,  ,  ,  , 0 , 0 , 1 , 0 , 0 
,박형준,23롯, 0.00 , 1 , 0.00 , 0 , 0 ,  , 0 ,  , 0 , 0 , 0 , 0 , 0 , 0 , 0 , 0 ,  ,  ,  ,  , 0 , 0 , 0 , 0 , 0 
,채현우,23S, 0.00 , 0 , 0.00 , 0 , 0 ,  , 1 , 0.0 , 0 , 0 , 0 , 0 , 0 , 0 , 0 , 0 ,  ,  ,  ,  , 0 , 0 , 0 , 0 , 0 
,김시훈,23NP, 0.00 , 0 , 0.00 , 0 , 0 ,  , 0 ,  , 0 , 0 , 0 , 0 , 0 , 0 , 0 , 0 ,  ,  ,  ,  , 0 , 0 , 0 , 0 , 0 
,서진용,23SP, 0.00 , 0 , 0.00 , 0 , 0 ,  , 0 ,  , 0 , 0 , 0 , 0 , 0 , 0 , 0 , 0 ,  ,  ,  ,  , 0 , 0 , 0 , 0 , 0 
,김재윤,23KP, 0.00 , 0 , 0.00 , 0 , 0 ,  , 0 ,  , 0 , 0 , 0 , 0 , 0 , 0 , 0 , 0 ,  ,  ,  ,  , 0 , 0 , 0 , 0 , 0 
,이선우,23KP, 0.00 , 0 , 0.00 , 0 , 0 ,  , 0 ,  , 0 , 0 , 0 , 0 , 0 , 0 , 0 , 0 ,  ,  ,  ,  , 0 , 0 , 0 , 0 , 0 
,임준섭,23SP, 0.00 , 0 , 0.00 , 0 , 0 ,  , 0 ,  , 0 , 0 , 0 , 0 , 0 , 0 , 0 , 0 ,  ,  ,  ,  , 0 , 0 , 0 , 0 , 0 
,최동환,23LP, 0.00 , 0 , 0.00 , 0 , 0 ,  , 0 ,  , 0 , 0 , 0 , 0 , 0 , 0 , 0 , 0 ,  ,  ,  ,  , 0 , 0 , 0 , 0 , 0 
,강재민,23한P, 0.00 , 0 , 0.00 , 0 , 0 ,  , 0 ,  , 0 , 0 , 0 , 0 , 0 , 0 , 0 , 0 ,  ,  ,  ,  , 0 , 0 , 0 , 0 , 0 
,하영민,23키P, 0.00 , 0 , 0.00 , 0 , 0 ,  , 0 ,  , 0 , 0 , 0 , 0 , 0 , 0 , 0 , 0 ,  ,  ,  ,  , 0 , 0 , 0 , 0 , 0 
,후라도,23키P, 0.00 , 0 , 0.00 , 0 , 0 ,  , 0 ,  , 0 , 0 , 0 , 0 , 0 , 0 , 0 , 0 ,  ,  ,  ,  , 0 , 0 , 0 , 0 , 0 
,김동규,23LP, 0.00 , 0 , 0.00 , 0 , 0 ,  , 0 ,  , 0 , 0 , 0 , 0 , 0 , 0 , 0 , 0 ,  ,  ,  ,  , 0 , 0 , 0 , 0 , 0 
,원종현,23키P, 0.00 , 0 , 0.00 , 0 , 0 ,  , 0 ,  , 0 , 0 , 0 , 0 , 0 , 0 , 0 , 0 ,  ,  ,  ,  , 0 , 0 , 0 , 0 , 0 
,하준호,23KP, 0.00 , 0 , 0.00 , 0 , 0 ,  , 0 ,  , 0 , 0 , 0 , 0 , 0 , 0 , 0 , 0 ,  ,  ,  ,  , 0 , 0 , 0 , 0 , 0 
,정철원,23두P, 0.00 , 0 , 0.00 , 0 , 0 ,  , 0 ,  , 0 , 0 , 0 , 0 , 0 , 0 , 0 , 0 ,  ,  ,  ,  , 0 , 0 , 0 , 0 , 0 
,정해영,23KP, 0.00 , 0 , 0.00 , 0 , 0 ,  , 0 ,  , 0 , 0 , 0 , 0 , 0 , 0 , 0 , 0 ,  ,  ,  ,  , 0 , 0 , 0 , 0 , 0 
,박상원,23한P, 0.00 , 0 , 0.00 , 0 , 0 ,  , 0 ,  , 0 , 0 , 0 , 0 , 0 , 0 , 0 , 0 ,  ,  ,  ,  , 0 , 0 , 0 , 0 , 0 
,김원중,23롯P, 0.00 , 0 , 0.00 , 0 , 0 ,  , 0 ,  , 0 , 0 , 0 , 0 , 0 , 0 , 0 , 0 ,  ,  ,  ,  , 0 , 0 , 0 , 0 , 0 
,김대현,23LP, 0.00 , 0 , 0.00 , 0 , 0 ,  , 0 ,  , 0 , 0 , 0 , 0 , 0 , 0 , 0 , 0 ,  ,  ,  ,  , 0 , 0 , 0 , 0 , 0 
,김선기,23키P, 0.00 , 0 , 0.00 , 0 , 0 ,  , 0 ,  , 0 , 0 , 0 , 0 , 0 , 0 , 0 , 0 ,  ,  ,  ,  , 0 , 0 , 0 , 0 , 0 
,정우람,23한P, 0.00 , 0 , 0.00 , 0 , 0 ,  , 0 ,  , 0 , 0 , 0 , 0 , 0 , 0 , 0 , 0 ,  ,  ,  ,  , 0 , 0 , 0 , 0 , 0 
,김서현,23한P, 0.00 , 0 , 0.00 , 0 , 0 ,  , 0 ,  , 0 , 0 , 0 , 0 , 0 , 0 , 0 , 0 ,  ,  ,  ,  , 0 , 0 , 0 , 0 , 0 
,김정우,23두P, 0.00 , 0 , 0.00 , 0 , 0 ,  , 0 ,  , 0 , 0 , 0 , 0 , 0 , 0 , 0 , 0 ,  ,  ,  ,  , 0 , 0 , 0 , 0 , 0 
,한재승,23NP, 0.00 , 0 , 0.00 , 0 , 0 ,  , 0 ,  , 0 , 0 , 0 , 0 , 0 , 0 , 0 , 0 ,  ,  ,  ,  , 0 , 0 , 0 , 0 , 0 
,박명근,23LP, 0.00 , 0 , 0.00 , 0 , 0 ,  , 0 ,  , 0 , 0 , 0 , 0 , 0 , 0 , 0 , 0 ,  ,  ,  ,  , 0 , 0 , 0 , 0 , 0 
,임창민,23키P, 0.00 , 0 , 0.00 , 0 , 0 ,  , 0 ,  , 0 , 0 , 0 , 0 , 0 , 0 , 0 , 0 ,  ,  ,  ,  , 0 , 0 , 0 , 0 , 0 
,윤정현,23키P, 0.00 , 0 , 0.00 , 0 , 0 ,  , 0 ,  , 0 , 0 , 0 , 0 , 0 , 0 , 0 , 0 ,  ,  ,  ,  , 0 , 0 , 0 , 0 , 0 
,이승현,23삼P, 0.00 , 0 , 0.00 , 0 , 0 ,  , 0 ,  , 0 , 0 , 0 , 0 , 0 , 0 , 0 , 0 ,  ,  ,  ,  , 0 , 0 , 0 , 0 , 0 
,오승환,23삼P, 0.00 , 0 , 0.00 , 0 , 0 ,  , 0 ,  , 0 , 0 , 0 , 0 , 0 , 0 , 0 , 0 ,  ,  ,  ,  , 0 , 0 , 0 , 0 , 0 
,김기훈,23KP, 0.00 , 0 , 0.00 , 0 , 0 ,  , 0 ,  , 0 , 0 , 0 , 0 , 0 , 0 , 0 , 0 ,  ,  ,  ,  , 0 , 0 , 0 , 0 , 0 
,고우석,23LP, 0.00 , 0 , 0.00 , 0 , 0 ,  , 0 ,  , 0 , 0 , 0 , 0 , 0 , 0 , 0 , 0 ,  ,  ,  ,  , 0 , 0 , 0 , 0 , 0 
,노경은,23SP, 0.00 , 0 , 0.00 , 0 , 0 ,  , 0 ,  , 0 , 0 , 0 , 0 , 0 , 0 , 0 , 0 ,  ,  ,  ,  , 0 , 0 , 0 , 0 , 0 
,김재웅,23키P, 0.00 , 0 , 0.00 , 0 , 0 ,  , 0 ,  , 0 , 0 , 0 , 0 , 0 , 0 , 0 , 0 ,  ,  ,  ,  , 0 , 0 , 0 , 0 , 0 
,최영환,23롯P, 0.00 , 0 , 0.00 , 0 , 0 ,  , 0 ,  , 0 , 0 , 0 , 0 , 0 , 0 , 0 , 0 ,  ,  ,  ,  , 0 , 0 , 0 , 0 , 0 
,오석주,23LP, 0.00 , 0 , 0.00 , 0 , 0 ,  , 0 ,  , 0 , 0 , 0 , 0 , 0 , 0 , 0 , 0 ,  ,  ,  ,  , 0 , 0 , 0 , 0 , 0 
,고효준,23SP, 0.00 , 0 , 0.00 , 0 , 0 ,  , 0 ,  , 0 , 0 , 0 , 0 , 0 , 0 , 0 , 0 ,  ,  ,  ,  , 0 , 0 , 0 , 0 , 0 
,김서준,23삼P, 0.00 , 0 , 0.00 , 0 , 0 ,  , 0 ,  , 0 , 0 , 0 , 0 , 0 , 0 , 0 , 0 ,  ,  ,  ,  , 0 , 0 , 0 , 0 , 0 
,이재익,23삼P, 0.00 , 0 , 0.00 , 0 , 0 ,  , 0 ,  , 0 , 0 , 0 , 0 , 0 , 0 , 0 , 0 ,  ,  ,  ,  , 0 , 0 , 0 , 0 , 0 
,김민,23KP, 0.00 , 0 , 0.00 , 0 , 0 ,  , 0 ,  , 0 , 0 , 0 , 0 , 0 , 0 , 0 , 0 ,  ,  ,  ,  , 0 , 0 , 0 , 0 , 0 
,이채호,23KP, 0.00 , 0 , 0.00 , 0 , 0 ,  , 0 ,  , 0 , 0 , 0 , 0 , 0 , 0 , 0 , 0 ,  ,  ,  ,  , 0 , 0 , 0 , 0 , 0 
,문승원,23SP, 0.00 , 0 , 0.00 , 0 , 0 ,  , 0 ,  , 0 , 0 , 0 , 0 , 0 , 0 , 0 , 0 ,  ,  ,  ,  , 0 , 0 , 0 , 0 , 0 
,양현,23키P, 0.00 , 0 , 0.00 , 0 , 0 ,  , 0 ,  , 0 , 0 , 0 , 0 , 0 , 0 , 0 , 0 ,  ,  ,  ,  , 0 , 0 , 0 , 0 , 0 
,채지선,23LP, 0.00 , 0 , 0.00 , 0 , 0 ,  , 0 ,  , 0 , 0 , 0 , 0 , 0 , 0 , 0 , 0 ,  ,  ,  ,  , 0 , 0 , 0 , 0 , 0 
,황동하,23KP, 0.00 , 0 , 0.00 , 0 , 0 ,  , 0 ,  , 0 , 0 , 0 , 0 , 0 , 0 , 0 , 0 ,  ,  ,  ,  , 0 , 0 , 0 , 0 , 0 
,최민준,23SP, 0.00 , 0 , 0.00 , 0 , 0 ,  , 0 ,  , 0 , 0 , 0 , 0 , 0 , 0 , 0 , 0 ,  ,  ,  ,  , 0 , 0 , 0 , 0 , 0 
,박신지,23두P, 0.00 , 0 , 0.00 , 0 , 0 ,  , 0 ,  , 0 , 0 , 0 , 0 , 0 , 0 , 0 , 0 ,  ,  ,  ,  , 0 , 0 , 0 , 0 , 0 
,이태양,23한P, 0.00 , 0 , 0.00 , 0 , 0 ,  , 0 ,  , 0 , 0 , 0 , 0 , 0 , 0 , 0 , 0 ,  ,  ,  ,  , 0 , 0 , 0 , 0 , 0 
,백승건,23SP, 0.00 , 0 , 0.00 , 0 , 0 ,  , 0 ,  , 0 , 0 , 0 , 0 , 0 , 0 , 0 , 0 ,  ,  ,  ,  , 0 , 0 , 0 , 0 , 0 
,김태훈,23삼P, 0.00 , 0 , 0.00 , 0 , 0 ,  , 0 ,  , 0 , 0 , 0 , 0 , 0 , 0 , 0 , 0 ,  ,  ,  ,  , 0 , 0 , 0 , 0 , 0 
,윤대경,23한P, 0.00 , 0 , 0.00 , 0 , 0 ,  , 0 ,  , 0 , 0 , 0 , 0 , 0 , 0 , 0 , 0 ,  ,  ,  ,  , 0 , 0 , 0 , 0 , 0 
,박준영,23한P, 0.00 , 0 , 0.00 , 0 , 0 ,  , 0 ,  , 0 , 0 , 0 , 0 , 0 , 0 , 0 , 0 ,  ,  ,  ,  , 0 , 0 , 0 , 0 , 0 
,이명종,23키P, 0.00 , 0 , 0.00 , 0 , 0 ,  , 0 ,  , 0 , 0 , 0 , 0 , 0 , 0 , 0 , 0 ,  ,  ,  ,  , 0 , 0 , 0 , 0 , 0 
,김동혁,23키P, 0.00 , 0 , 0.00 , 0 , 0 ,  , 0 ,  , 0 , 0 , 0 , 0 , 0 , 0 , 0 , 0 ,  ,  ,  ,  , 0 , 0 , 0 , 0 , 0 
,류진욱,23NP, 0.00 , 0 , 0.00 , 0 , 0 ,  , 0 ,  , 0 , 0 , 0 , 0 , 0 , 0 , 0 , 0 ,  ,  ,  ,  , 0 , 0 , 0 , 0 , 0 
,홍건희,23두P, 0.00 , 0 , 0.00 , 0 , 0 ,  , 0 ,  , 0 , 0 , 0 , 0 , 0 , 0 , 0 , 0 ,  ,  ,  ,  , 0 , 0 , 0 , 0 , 0 
,이형범,23두P, 0.00 , 0 , 0.00 , 0 , 0 ,  , 0 ,  , 0 , 0 , 0 , 0 , 0 , 0 , 0 , 0 ,  ,  ,  ,  , 0 , 0 , 0 , 0 , 0 
,김성진,23키P, 0.00 , 0 , 0.00 , 0 , 0 ,  , 0 ,  , 0 , 0 , 0 , 0 , 0 , 0 , 0 , 0 ,  ,  ,  ,  , 0 , 0 , 0 , 0 , 0 
,윤중현,23KP, 0.00 , 0 , 0.00 , 0 , 0 ,  , 0 ,  , 0 , 0 , 0 , 0 , 0 , 0 , 0 , 0 ,  ,  ,  ,  , 0 , 0 , 0 , 0 , 0 
,박준표,23KP, 0.00 , 0 , 0.00 , 0 , 0 ,  , 0 ,  , 0 , 0 , 0 , 0 , 0 , 0 , 0 , 0 ,  ,  ,  ,  , 0 , 0 , 0 , 0 , 0 
,김준형,23키P, 0.00 , 0 , 0.00 , 0 , 0 ,  , 0 ,  , 0 , 0 , 0 , 0 , 0 , 0 , 0 , 0 ,  ,  ,  ,  , 0 , 0 , 0 , 0 , 0 
,문성현,23키P, 0.00 , 0 , 0.00 , 0 , 0 ,  , 0 ,  , 0 , 0 , 0 , 0 , 0 , 0 , 0 , 0 ,  ,  ,  ,  , 0 , 0 , 0 , 0 , 0 
,최승용,23두P, 0.00 , 0 , 0.00 , 0 , 0 ,  , 0 ,  , 0 , 0 , 0 , 0 , 0 , 0 , 0 , 0 ,  ,  ,  ,  , 0 , 0 , 0 , 0 , 0 
,이정용,23LP, 0.00 , 0 , 0.00 , 0 , 0 ,  , 0 ,  , 0 , 0 , 0 , 0 , 0 , 0 , 0 , 0 ,  ,  ,  ,  , 0 , 0 , 0 , 0 , 0 
,김대우,23삼P, 0.00 , 0 , 0.00 , 0 , 0 ,  , 0 ,  , 0 , 0 , 0 , 0 , 0 , 0 , 0 , 0 ,  ,  ,  ,  , 0 , 0 , 0 , 0 , 0 
,이상동,23KP, 0.00 , 0 , 0.00 , 0 , 0 ,  , 0 ,  , 0 , 0 , 0 , 0 , 0 , 0 , 0 , 0 ,  ,  ,  ,  , 0 , 0 , 0 , 0 , 0 
,김민규,23두P, 0.00 , 0 , 0.00 , 0 , 0 ,  , 0 ,  , 0 , 0 , 0 , 0 , 0 , 0 , 0 , 0 ,  ,  ,  ,  , 0 , 0 , 0 , 0 , 0 
,김상수,23롯P, 0.00 , 0 , 0.00 , 0 , 0 ,  , 0 ,  , 0 , 0 , 0 , 0 , 0 , 0 , 0 , 0 ,  ,  ,  ,  , 0 , 0 , 0 , 0 , 0 
,박영현,23KP, 0.00 , 0 , 0.00 , 0 , 0 ,  , 0 ,  , 0 , 0 , 0 , 0 , 0 , 0 , 0 , 0 ,  ,  ,  ,  , 0 , 0 , 0 , 0 , 0 
,이용찬,23NP, 0.00 , 0 , 0.00 , 0 , 0 ,  , 0 ,  , 0 , 0 , 0 , 0 , 0 , 0 , 0 , 0 ,  ,  ,  ,  , 0 , 0 , 0 , 0 , 0 
,박정수,23두P, 0.00 , 0 , 0.00 , 0 , 0 ,  , 0 ,  , 0 , 0 , 0 , 0 , 0 , 0 , 0 , 0 ,  ,  ,  ,  , 0 , 0 , 0 , 0 , 0 
,이건욱,23SP, 0.00 , 0 , 0.00 , 0 , 0 ,  , 0 ,  , 0 , 0 , 0 , 0 , 0 , 0 , 0 , 0 ,  ,  ,  ,  , 0 , 0 , 0 , 0 , 0 
,이승현,23삼P, 0.00 , 0 , 0.00 , 0 , 0 ,  , 0 ,  , 0 , 0 , 0 , 0 , 0 , 0 , 0 , 0 ,  ,  ,  ,  , 0 , 0 , 0 , 0 , 0 
,김영현,23KP, 0.00 , 0 , 0.00 , 0 , 0 ,  , 0 ,  , 0 , 0 , 0 , 0 , 0 , 0 , 0 , 0 ,  ,  ,  ,  , 0 , 0 , 0 , 0 , 0 
,박치국,23두P, 0.00 , 0 , 0.00 , 0 , 0 ,  , 0 ,  , 0 , 0 , 0 , 0 , 0 , 0 , 0 , 0 ,  ,  ,  ,  , 0 , 0 , 0 , 0 , 0 
,김민수,23삼C, 0.00 , 1 , 0.00 , 0 , 0 ,  , 0 ,  , 0 , 0 , 0 , 0 , 0 , 0 , 0 , 0 ,  ,  ,  ,  , 0 , 0 , 0 , 0 , 0 
,윤도현,23K3B, 0.00 , 1 , 0.00 , 0 , 0 ,  , 0 ,  , 0 , 0 , 0 , 0 , 0 , 0 , 0 , 0 ,  ,  ,  ,  , 0 , 0 , 0 , 0 , 0 
,이상민,23삼P, 0.00 , 1 , 0.00 , 0 , 0 ,  , 0 ,  , 0 , 0 , 0 , 0 , 0 , 0 , 0 , 0 ,  ,  ,  ,  , 0 , 0 , 0 , 0 , 0 
,전사민,23NP, 0.00 , 1 , 0.00 , 0 , 0 ,  , 0 ,  , 0 , 0 , 0 , 0 , 0 , 0 , 0 , 0 ,  ,  ,  ,  , 0 , 0 , 0 , 0 , 0 
,전준호,23LC, 0.00 , 1 , 0.00 , 0 , 0 ,  , 0 ,  , 0 , 0 , 0 , 0 , 0 , 0 , 0 , 0 ,  ,  ,  ,  , 0 , 0 , 0 , 0 , 0 
,권민석,23두SS, 0.00 , 2 , 0.00 , 0 , 0 ,  , 0 ,  , 0 , 0 , 0 , 0 , 0 , 0 , 0 , 0 ,  ,  ,  ,  , 0 , 0 , 0 , 0 , 0 
,고명준,23S1B, 0.00 , 4 , 0.00 , 0 , 0 ,  , 0 ,  , 0 , 0 , 0 , 0 , 0 , 0 , 0 , 0 ,  ,  ,  ,  , 0 , 0 , 0 , 0 , 0 
,송대현,23LSS, 0.00 , 3 , 0.00 , 0 , 0 ,  , 1 , 0.0 , 0 , 0 , 0 , 0 , 0 , 0 , 0 , 0 ,  ,  ,  ,  , 0 , 0 , 0 , 0 , 0 
,김건웅,23S1B, 0.00 , 3 , 0.00 , 0 , 0 ,  , 0 ,  , 0 , 0 , 0 , 0 , 0 , 0 , 0 , 0 ,  ,  ,  ,  , 0 , 0 , 0 , 0 , 0 
,장지승,23한, 0.00 , 3 , 0.00 , 0 , 0 ,  , 0 ,  , 0 , 0 , 0 , 0 , 0 , 0 , 0 , 0 ,  ,  ,  ,  , 0 , 0 , 0 , 0 , 0 
,김헌곤,23삼, 0.00 , 4 , 0.00 , 0 , 0 ,  , 1 , 0.0 , 0 , 0 , 0 , 0 , 0 , 0 , 0 , 0 ,  ,  ,  ,  , 0 , 0 , 0 , 0 , 0 
,이승원,23키SS, 0.00 , 5 , 0.00 , 0 , 0 ,  , 0 ,  , 0 , 0 , 0 , 0 , 0 , 0 , 0 , 0 ,  ,  ,  ,  , 0 , 0 , 0 , 0 , 0 
,허관회,23한C, 0.00 , 7 , 0.00 , 0 , 0 ,  , 1 , 0.0 , 0 , 0 , 0 , 0 , 0 , 0 , 0 , 0 ,  ,  ,  ,  , 0 , 0 , 0 , 0 , 0 
179,이민준,23한SS, -0.00 , 2 , -0.00 , 0 , 0 ,  , 2 , 0.0 , 0 , 0 , 0 , 0 , 0 , 0 , 0 , 0 ,  ,  ,  ,  , 0 , 0 , 0 , 0 , 0 
,이재용,23한C, -0.00 , 2 , -0.00 , 0 , 0 ,  , 3 , 0.0 , 0 , 0 , 0 , 0 , 0 , 0 , 0 , 0 ,  ,  ,  ,  , 0 , 0 , 0 , 0 , 0 
,문상인,23KC, -0.00 , 1 , -0.00 , 0 , 0 ,  , 1 , 0.0 , 0 , 0 , 0 , 0 , 0 , 0 , 0 , 0 ,  ,  ,  ,  , 0 , 0 , 0 , 0 , 0 
,조현진,23NSS, -0.00 , 5 , -0.00 , 0 , 0 ,  , 3 , 0.0 , 0 , 0 , 0 , 0 , 0 , 0 , 0 , 0 ,  ,  ,  ,  , 0 , 0 , 0 , 0 , 0 
,김정민,23SRF, -0.00 , 2 , -0.00 , 0 , 0 ,  , 3 , 0.0 , 0 , 0 , 0 , 0 , 0 , 0 , 0 , 0 ,  ,  ,  ,  , 0 , 0 , 0 , 0 , 0 
,류효승,23SDH, -0.00 , 4 , -0.00 , 0 , 0 ,  , 1 , 0.0 , 0 , 0 , 0 , 0 , 0 , 0 , 0 , 0 ,  ,  ,  ,  , 0 , 0 , 0 , 0 , 0 
,송재선,23키RF, -0.00 , 3 , -0.00 , 0 , 0 ,  , 2 , 0.0 , 0 , 0 , 0 , 0 , 0 , 0 , 0 , 0 ,  ,  ,  ,  , 0 , 0 , 0 , 0 , 0 
,박민석,23KSS, -0.00 , 4 , -0.00 , 0 , 0 ,  , 3 , 0.0 , 0 , 0 , 0 , 0 , 0 , 0 , 0 , 0 ,  ,  ,  ,  , 0 , 0 , 0 , 0 , 0 
,김선우,23KC, -0.00 , 7 , -0.00 , 0 , 0 ,  , 1 , 0.0 , 0 , 0 , 0 , 0 , 0 , 0 , 0 , 0 ,  ,  ,  ,  , 0 , 0 , 0 , 0 , 0 
,윤수녕,23롯RF, -0.00 , 4 , -0.00 , 0 , 0 ,  , 2 , 0.0 , 0 , 0 , 0 , 0 , 0 , 0 , 0 , 0 ,  ,  ,  ,  , 0 , 0 , 0 , 0 , 0 
,지시완,23롯C, -0.00 , 10 , -0.00 , 0 , 0 ,  , 1 , 0.0 , 0 , 0 , 0 , 0 , 0 , 0 , 0 , 0 ,  ,  ,  ,  , 0 , 0 , 0 , 0 , 0 
,김병희,23K3B, -0.00 , 9 , -0.00 , 0 , 0 ,  , 1 , 0.0 , 0 , 0 , 0 , 0 , 0 , 0 , 0 , 0 ,  ,  ,  ,  , 0 , 0 , 0 , 0 , 0 
,문상준,23K2B, -0.00 , 5 , -0.00 , 0 , 0 ,  , 1 , 0.0 , 0 , 0 , 0 , 0 , 0 , 0 , 0 , 0 ,  ,  ,  ,  , 0 , 0 , 0 , 0 , 0 
,김재현,23키C, -0.00 , 10 , -0.00 , 0 , 0 ,  , 2 , 0.0 , 0 , 0 , 0 , 0 , 0 , 0 , 0 , 0 ,  ,  ,  ,  , 0 , 0 , 0 , 0 , 0 
193,문상철,23KDH, -0.00 , 330 , -0.00 , 3 , 1 , 75.0 , 107 , 3.7 , 2 , 3 , 0 , 0 , 0 , 1 , 0 , 0 , 100.0 , 75.0 ,  ,  , 0 , 0 , 3 , 2 , 1 
194,박대온,23NC, -0.01 , 6 , -0.01 , 0 , 0 ,  , 3 , 0.0 , 0 , 0 , 0 , 0 , 0 , 0 , 0 , 0 ,  ,  ,  ,  , 0 , 0 , 0 , 0 , 0 
,박유연,23두C, -0.01 , 16 , -0.01 , 0 , 0 ,  , 5 , 0.0 , 0 , 0 , 0 , 0 , 0 , 0 , 0 , 0 ,  ,  ,  ,  , 0 , 0 , 0 , 0 , 0 
,오장한,23NRF, -0.01 , 8 , -0.01 , 0 , 0 ,  , 3 , 0.0 , 0 , 0 , 0 , 0 , 0 , 0 , 0 , 0 ,  ,  ,  ,  , 0 , 0 , 0 , 0 , 0 
,송준석,23삼LF, -0.01 , 8 , -0.01 , 0 , 0 ,  , 2 , 0.0 , 0 , 0 , 0 , 0 , 0 , 0 , 0 , 0 ,  ,  ,  ,  , 0 , 0 , 1 , 0 , 0 
,김도환,23삼C, -0.01 , 8 , -0.01 , 0 , 0 ,  , 3 , 0.0 , 0 , 0 , 0 , 0 , 0 , 0 , 0 , 0 ,  ,  ,  ,  , 0 , 0 , 0 , 0 , 0 
,유상빈,23한DH, -0.01 , 8 , -0.01 , 0 , 0 ,  , 2 , 0.0 , 0 , 0 , 0 , 0 , 0 , 0 , 0 , 0 ,  ,  ,  ,  , 0 , 0 , 0 , 0 , 0 
,서예일,23두2B, -0.01 , 10 , -0.01 , 0 , 0 ,  , 3 , 0.0 , 0 , 0 , 0 , 0 , 0 , 0 , 0 , 0 ,  ,  ,  ,  , 0 , 0 , 0 , 0 , 0 
,이흥련,23SC, -0.01 , 17 , -0.01 , 0 , 0 ,  , 2 , 0.0 , 0 , 0 , 0 , 0 , 0 , 0 , 0 , 0 ,  ,  ,  ,  , 0 , 0 , 0 , 0 , 0 
,김상민,23삼LF, -0.01 , 13 , -0.01 , 0 , 0 ,  , 5 , 0.0 , 0 , 0 , 0 , 0 , 0 , 0 , 0 , 0 ,  ,  ,  ,  , 0 , 0 , 0 , 0 , 0 
,박주찬,23N3B, -0.01 , 14 , -0.01 , 0 , 0 ,  , 3 , 0.0 , 0 , 0 , 0 , 0 , 0 , 0 , 0 , 0 ,  ,  ,  ,  , 0 , 0 , 0 , 0 , 0 
,김건,23한DH, -0.01 , 12 , -0.01 , 0 , 0 ,  , 3 , 0.0 , 0 , 0 , 0 , 0 , 0 , 0 , 0 , 0 ,  ,  ,  ,  , 0 , 0 , 1 , 0 , 0 
,김범석,23L1B, -0.01 , 29 , -0.01 , 0 , 0 ,  , 5 , 0.0 , 0 , 0 , 0 , 0 , 0 , 0 , 0 , 0 ,  ,  ,  ,  , 0 , 0 , 0 , 0 , 0 
,김병휘,23키2B, -0.01 , 21 , -0.01 , 0 , 0 ,  , 3 , 0.0 , 0 , 0 , 0 , 0 , 0 , 0 , 0 , 0 ,  ,  ,  ,  , 0 , 0 , 0 , 0 , 0 
207,이주형,23L키CF, -0.01 , 243 , -0.01 , 3 , 1 , 75.0 , 107 , 3.7 , 1 , 2 , 1 , 0 , 0 , 1 , 0 , 0 , 100.0 , 66.7 , 100.0 ,  , 0 , 1 , 1 , 1 , 1 
208,이천웅,23L, -0.01 , 3 , -0.01 , 0 , 0 ,  , 3 , 0.0 , 0 , 0 , 0 , 0 , 0 , 0 , 0 , 0 ,  ,  ,  ,  , 0 , 0 , 0 , 0 , 0 
,박정우,23KRF, -0.01 , 12 , -0.01 , 0 , 0 ,  , 13 , 0.0 , 0 , 0 , 0 , 0 , 0 , 0 , 0 , 0 ,  ,  ,  ,  , 0 , 0 , 2 , 0 , 0 
,김주성,23LSS, -0.01 , 7 , -0.01 , 0 , 0 ,  , 9 , 0.0 , 0 , 0 , 0 , 0 , 0 , 0 , 0 , 0 ,  ,  ,  ,  , 0 , 0 , 0 , 0 , 0 
,손민석,23K2B, -0.01 , 12 , -0.01 , 0 , 0 ,  , 6 , 0.0 , 0 , 0 , 0 , 0 , 0 , 0 , 0 , 0 ,  ,  ,  ,  , 0 , 0 , 0 , 0 , 0 
,이태훈,23삼1B, -0.01 , 14 , -0.01 , 0 , 0 ,  , 7 , 0.0 , 0 , 0 , 0 , 0 , 0 , 0 , 0 , 0 ,  ,  ,  ,  , 0 , 0 , 0 , 0 , 0 
,박준태,23키RF, -0.01 , 15 , -0.01 , 0 , 0 ,  , 8 , 0.0 , 0 , 0 , 0 , 0 , 0 , 0 , 0 , 0 ,  ,  ,  ,  , 0 , 0 , 0 , 0 , 0 
,이성곤,23한DH, -0.01 , 16 , -0.01 , 0 , 0 ,  , 5 , 0.0 , 0 , 0 , 0 , 0 , 0 , 0 , 0 , 0 ,  ,  ,  ,  , 0 , 0 , 0 , 0 , 0 
,신준우,23키SS, -0.01 , 19 , -0.01 , 0 , 0 ,  , 8 , 0.0 , 0 , 0 , 0 , 0 , 0 , 0 , 0 , 0 ,  ,  ,  ,  , 0 , 0 , 0 , 0 , 0 
216,홍종표,23K2B, -0.01 , 12 , -0.01 , 0 , 0 ,  , 26 , 0.0 , 0 , 0 , 0 , 0 , 0 , 0 , 0 , 0 ,  ,  ,  ,  , 0 , 0 , 2 , 1 , 0 
,국해성,23롯DH, -0.01 , 10 , -0.01 , 0 , 0 ,  , 4 , 0.0 , 0 , 0 , 0 , 0 , 0 , 0 , 0 , 0 ,  ,  ,  ,  , 0 , 0 , 0 , 0 , 0 
,장운호,23한RF, -0.01 , 11 , -0.01 , 0 , 0 ,  , 4 , 0.0 , 0 , 0 , 0 , 0 , 0 , 0 , 0 , 0 ,  ,  ,  ,  , 0 , 0 , 1 , 0 , 0 
,김건희,23키1B, -0.01 , 13 , -0.01 , 0 , 0 ,  , 4 , 0.0 , 0 , 0 , 0 , 0 , 0 , 0 , 0 , 0 ,  ,  ,  ,  , 0 , 0 , 1 , 0 , 0 
,김재상,23삼, -0.01 , 22 , -0.01 , 0 , 0 ,  , 7 , 0.0 , 0 , 0 , 0 , 0 , 0 , 0 , 0 , 0 ,  ,  ,  ,  , 0 , 0 , 0 , 0 , 0 
,김수윤,23N3B, -0.01 , 15 , -0.01 , 0 , 0 ,  , 5 , 0.0 , 0 , 0 , 0 , 0 , 0 , 0 , 0 , 0 ,  ,  ,  ,  , 0 , 0 , 0 , 0 , 0 
,이병규,23키1B, -0.01 , 17 , -0.01 , 0 , 0 ,  , 6 , 0.0 , 0 , 0 , 0 , 0 , 0 , 0 , 0 , 0 ,  ,  ,  ,  , 0 , 0 , 0 , 0 , 0 
,서동욱,23롯RF, -0.01 , 20 , -0.01 , 0 , 0 ,  , 5 , 0.0 , 0 , 0 , 0 , 0 , 0 , 0 , 0 , 0 ,  ,  ,  ,  , 0 , 0 , 1 , 0 , 0 
,류현인,23K3B, -0.01 , 24 , -0.01 , 0 , 0 ,  , 10 , 0.0 , 0 , 0 , 0 , 0 , 0 , 0 , 0 , 0 ,  ,  ,  ,  , 0 , 0 , 1 , 0 , 0 
,김석환,23K1B, -0.01 , 26 , -0.01 , 0 , 0 ,  , 6 , 0.0 , 0 , 0 , 0 , 0 , 0 , 0 , 0 , 0 ,  ,  ,  ,  , 0 , 0 , 0 , 0 , 0 
,주효상,23KC, -0.01 , 36 , -0.01 , 0 , 0 ,  , 6 , 0.0 , 0 , 0 , 0 , 0 , 0 , 0 , 0 , 0 ,  ,  ,  ,  , 0 , 0 , 0 , 0 , 0 
227,이재원,23SC, -0.01 , 48 , -0.01 , 0 , 0 ,  , 6 , 0.0 , 0 , 0 , 0 , 0 , 0 , 0 , 0 , 0 ,  ,  ,  ,  , 0 , 0 , 0 , 0 , 0 
228,박한결,23NLF, -0.02 , 18 , -0.02 , 0 , 0 ,  , 7 , 0.0 , 0 , 0 , 0 , 0 , 0 , 0 , 0 , 0 ,  ,  ,  ,  , 0 , 0 , 0 , 0 , 0 
,오선우,23K1B, -0.02 , 31 , -0.02 , 0 , 0 ,  , 9 , 0.0 , 0 , 0 , 0 , 0 , 0 , 0 , 0 , 0 ,  ,  ,  ,  , 0 , 0 , 0 , 0 , 0 
,하주석,23한SS, -0.02 , 38 , -0.02 , 0 , 0 ,  , 12 , 0.0 , 0 , 0 , 0 , 0 , 0 , 0 , 0 , 0 ,  ,  ,  ,  , 0 , 0 , 0 , 0 , 0 
,공민규,23삼3B, -0.02 , 33 , -0.02 , 0 , 0 ,  , 8 , 0.0 , 0 , 0 , 0 , 0 , 0 , 0 , 0 , 0 ,  ,  ,  ,  , 0 , 0 , 1 , 0 , 0 
,예진원,23키LF, -0.02 , 36 , -0.02 , 0 , 0 ,  , 10 , 0.0 , 0 , 0 , 0 , 0 , 0 , 0 , 0 , 0 ,  ,  ,  ,  , 0 , 0 , 0 , 0 , 0 
233,강민성,23K3B, -0.02 , 27 , -0.02 , 0 , 0 ,  , 9 , 0.0 , 0 , 0 , 0 , 0 , 0 , 0 , 0 , 0 ,  ,  ,  ,  , 0 , 0 , 0 , 0 , 0 
,박대온,23NC, -0.02 , 27 , -0.02 , 0 , 0 ,  , 9 , 0.0 , 0 , 0 , 0 , 0 , 0 , 0 , 0 , 0 ,  ,  ,  ,  , 0 , 0 , 0 , 0 , 0 
,최보성,23N3B, -0.02 , 21 , -0.02 , 0 , 0 ,  , 7 , 0.0 , 0 , 0 , 0 , 0 , 0 , 0 , 0 , 0 ,  ,  ,  ,  , 0 , 0 , 0 , 0 , 0 
,안익훈,23LRF, -0.02 , 23 , -0.02 , 0 , 0 ,  , 11 , 0.0 , 0 , 0 , 0 , 0 , 0 , 0 , 0 , 0 ,  ,  ,  ,  , 0 , 0 , 0 , 0 , 0 
,이병헌,23삼C, -0.02 , 33 , -0.02 , 0 , 0 ,  , 9 , 0.0 , 0 , 0 , 0 , 0 , 0 , 0 , 0 , 0 ,  ,  ,  ,  , 0 , 0 , 0 , 0 , 0 
,이정범,23SDH, -0.02 , 33 , -0.02 , 0 , 0 ,  , 9 , 0.0 , 0 , 0 , 0 , 0 , 0 , 0 , 0 , 0 ,  ,  ,  ,  , 0 , 0 , 0 , 0 , 0 
239,김민혁,23두1B, -0.02 , 36 , -0.02 , 0 , 0 ,  , 12 , 0.0 , 0 , 0 , 0 , 0 , 0 , 0 , 0 , 0 ,  ,  ,  ,  , 0 , 0 , 0 , 0 , 0 
240,정대선,23롯2B, -0.02 , 47 , -0.02 , 0 , 0 ,  , 16 , 0.0 , 0 , 0 , 0 , 0 , 0 , 0 , 0 , 0 ,  ,  ,  ,  , 0 , 0 , 0 , 0 , 0 
241,오재일,23삼1B, -0.02 , 364 , -0.02 , 1 , 0 , 100.0 , 109 , 0.9 , 0 , 0 , 1 , 0 , 0 , 0 , 0 , 0 ,  ,  , 100.0 ,  , 0 , 1 , 3 , 0 , 0 
242,김찬형,23S3B, -0.03 , 53 , -0.03 , 0 , 0 ,  , 21 , 0.0 , 0 , 0 , 0 , 0 , 0 , 0 , 0 , 0 ,  ,  ,  ,  , 0 , 0 , 2 , 0 , 0 
243,최항,23S1B, -0.03 , 35 , -0.03 , 0 , 0 ,  , 14 , 0.0 , 0 , 0 , 0 , 0 , 0 , 0 , 0 , 0 ,  ,  ,  ,  , 0 , 0 , 0 , 0 , 0 
,류승민,23삼RF, -0.03 , 57 , -0.03 , 0 , 0 ,  , 17 , 0.0 , 0 , 0 , 0 , 0 , 0 , 0 , 0 , 0 ,  ,  ,  ,  , 0 , 0 , 0 , 0 , 0 
245,김인환,23한1B, -0.03 , 365 , -0.03 , 1 , 0 , 100.0 , 112 , 0.9 , 0 , 1 , 0 , 0 , 0 , 0 , 0 , 0 ,  , 100.0 ,  ,  , 0 , 0 , 1 , 0 , 0 
246,박성한,23SSS, -0.03 , 529 , -0.03 , 4 , 1 , 80.0 , 198 , 2.5 , 2 , 4 , 0 , 0 , 0 , 1 , 0 , 0 , 100.0 , 80.0 ,  ,  , 0 , 3 , 11 , 0 , 0 
247,허도환,23LC, -0.04 , 81 , -0.04 , 0 , 0 ,  , 18 , 0.0 , 0 , 0 , 0 , 0 , 0 , 0 , 0 , 0 ,  ,  ,  ,  , 0 , 0 , 1 , 0 , 0 
,주성원,23키RF, -0.04 , 72 , -0.04 , 0 , 0 ,  , 17 , 0.0 , 0 , 0 , 0 , 0 , 0 , 0 , 0 , 0 ,  ,  ,  ,  , 0 , 1 , 0 , 0 , 0 
249,김민수,23롯3B, -0.04 , 51 , -0.04 , 0 , 0 ,  , 17 , 0.0 , 0 , 0 , 0 , 0 , 0 , 0 , 0 , 0 ,  ,  ,  ,  , 0 , 0 , 1 , 0 , 0 
250,정준영,23KCF, -0.04 , 55 , -0.04 , 0 , 0 ,  , 26 , 0.0 , 0 , 0 , 0 , 0 , 0 , 0 , 0 , 0 ,  ,  ,  ,  , 0 , 0 , 5 , 0 , 0 
251,박영빈,23NDH, -0.04 , 17 , -0.04 , 4 , 2 , 66.7 , 30 , 20.0 , 0 , 4 , 0 , 0 , 1 , 2 , 0 , 0 , 0.0 , 66.7 ,  ,  , 0 , 0 , 3 , 0 , 0 
252,전병우,23키1B, -0.04 , 75 , -0.04 , 0 , 0 ,  , 28 , 0.0 , 0 , 0 , 0 , 0 , 0 , 0 , 0 , 0 ,  ,  ,  ,  , 0 , 0 , 2 , 0 , 0 
,박정현,23한SS, -0.04 , 113 , -0.04 , 0 , 0 ,  , 30 , 0.0 , 0 , 0 , 0 , 0 , 0 , 0 , 0 , 0 ,  ,  ,  ,  , 0 , 0 , 1 , 0 , 0 
254,손호영,23LSS, -0.04 , 45 , -0.04 , 2 , 1 , 66.7 , 17 , 17.7 , 0 , 2 , 0 , 0 , 0 , 0 , 1 , 0 ,  , 100.0 , 0.0 ,  , 0 , 0 , 1 , 0 , 0 
255,김웅빈,23키1B, -0.05 , 74 , -0.05 , 0 , 0 ,  , 22 , 0.0 , 0 , 0 , 0 , 0 , 0 , 0 , 0 , 0 ,  ,  ,  ,  , 0 , 0 , 0 , 0 , 0 
256,김형준,23NC, -0.05 , 82 , -0.05 , 0 , 0 ,  , 20 , 0.0 , 0 , 0 , 0 , 0 , 0 , 0 , 0 , 0 ,  ,  ,  ,  , 0 , 0 , 2 , 0 , 0 
,손성빈,23롯C, -0.05 , 80 , -0.05 , 0 , 0 ,  , 29 , 0.0 , 0 , 0 , 0 , 0 , 0 , 0 , 0 , 0 ,  ,  ,  ,  , 0 , 0 , 1 , 0 , 0 
,김주형,23키SS, -0.05 , 81 , -0.05 , 0 , 0 ,  , 24 , 0.0 , 0 , 0 , 0 , 0 , 0 , 0 , 0 , 0 ,  ,  ,  ,  , 0 , 0 , 0 , 0 , 0 
259,신범수,23KC, -0.05 , 100 , -0.05 , 0 , 0 ,  , 25 , 0.0 , 0 , 0 , 0 , 0 , 0 , 0 , 0 , 0 ,  ,  ,  ,  , 0 , 0 , 0 , 0 , 0 
260,박수종,23키RF, -0.05 , 50 , -0.05 , 0 , 0 ,  , 30 , 0.0 , 0 , 0 , 0 , 0 , 0 , 0 , 0 , 0 ,  ,  ,  ,  , 0 , 0 , 2 , 0 , 0 
261,김시앙,23키C, -0.06 , 82 , -0.06 , 0 , 0 ,  , 24 , 0.0 , 0 , 0 , 0 , 0 , 0 , 0 , 0 , 0 ,  ,  ,  ,  , 0 , 1 , 1 , 0 , 0 
,한승택,23KC, -0.06 , 104 , -0.06 , 0 , 0 ,  , 32 , 0.0 , 0 , 0 , 0 , 0 , 0 , 0 , 0 , 0 ,  ,  ,  ,  , 0 , 0 , 2 , 0 , 0 
263,한석현,23NLF, -0.06 , 66 , -0.06 , 2 , 1 , 66.7 , 20 , 15.0 , 1 , 2 , 0 , 0 , 1 , 1 , 0 , 0 , 50.0 , 66.7 ,  ,  , 0 , 1 , 0 , 1 , 0 
264,한준수,23KC, -0.06 , 94 , -0.06 , 0 , 0 ,  , 29 , 0.0 , 0 , 0 , 0 , 0 , 0 , 0 , 0 , 0 ,  ,  ,  ,  , 0 , 0 , 0 , 1 , 0 
265,조형우,23SC, -0.06 , 133 , -0.06 , 0 , 0 ,  , 39 , 0.0 , 0 , 0 , 0 , 0 , 0 , 0 , 0 , 0 ,  ,  ,  ,  , 0 , 0 , 0 , 0 , 1 
266,안주형,23삼2B, -0.07 , 91 , -0.07 , 0 , 0 ,  , 46 , 0.0 , 0 , 0 , 0 , 0 , 0 , 0 , 0 , 0 ,  ,  ,  ,  , 1 , 0 , 1 , 0 , 1 
267,김수환,23키1B, -0.08 , 114 , -0.08 , 0 , 0 ,  , 35 , 0.0 , 0 , 0 , 0 , 0 , 0 , 0 , 0 , 0 ,  ,  ,  ,  , 0 , 0 , 1 , 0 , 0 
268,박석민,23N3B, -0.09 , 107 , -0.09 , 0 , 0 ,  , 34 , 0.0 , 0 , 0 , 0 , 0 , 0 , 0 , 0 , 0 ,  ,  ,  ,  , 0 , 0 , 2 , 0 , 0 
269,박준영,23두3B, -0.09 , 138 , -0.09 , 2 , 1 , 66.7 , 41 , 7.3 , 1 , 2 , 0 , 0 , 0 , 1 , 0 , 0 , 100.0 , 66.7 ,  ,  , 1 , 0 , 1 , 0 , 0 
,노수광,23한LF, -0.09 , 94 , -0.09 , 2 , 1 , 66.7 , 35 , 8.6 , 1 , 2 , 0 , 0 , 0 , 1 , 0 , 0 , 100.0 , 66.7 ,  ,  , 0 , 1 , 3 , 0 , 0 
271,강진성,23두S1B, -0.09 , 145 , -0.09 , 0 , 0 ,  , 44 , 0.0 , 0 , 0 , 0 , 0 , 0 , 0 , 0 , 0 ,  ,  ,  ,  , 0 , 0 , 2 , 0 , 0 
272,박찬혁,23키LF, -0.10 , 167 , -0.10 , 0 , 0 ,  , 54 , 0.0 , 0 , 0 , 0 , 0 , 0 , 0 , 0 , 0 ,  ,  ,  ,  , 0 , 1 , 2 , 0 , 0 
273,안중열,23NC, -0.10 , 177 , -0.10 , 0 , 0 ,  , 53 , 0.0 , 0 , 0 , 0 , 0 , 0 , 0 , 0 , 0 ,  ,  ,  ,  , 0 , 0 , 0 , 0 , 0 
274,송성문,23키3B, -0.10 , 438 , -0.10 , 1 , 0 , 100.0 , 162 , 0.6 , 0 , 1 , 0 , 0 , 0 , 0 , 0 , 0 ,  , 100.0 ,  ,  , 0 , 0 , 1 , 0 , 0 
275,이재원,23LLF, -0.11 , 129 , -0.11 , 4 , 2 , 66.7 , 35 , 17.1 , 0 , 3 , 0 , 1 , 1 , 2 , 0 , 0 , 0.0 , 60.0 ,  , 100.0 , 0 , 0 , 3 , 0 , 0 
276,김인태,23두RF, -0.11 , 115 , -0.11 , 2 , 1 , 66.7 , 43 , 7.0 , 0 , 2 , 0 , 0 , 1 , 1 , 0 , 0 , 0.0 , 66.7 ,  ,  , 0 , 0 , 5 , 0 , 0 
277,황대인,23K1B, -0.13 , 199 , -0.13 , 0 , 0 ,  , 55 , 0.0 , 0 , 0 , 0 , 0 , 0 , 0 , 0 , 0 ,  ,  ,  ,  , 0 , 0 , 3 , 0 , 0 
278,오지환,23LSS, -0.14 , 502 , -0.14 , 16 , 7 , 69.6 , 186 , 12.4 , 4 , 13 , 3 , 0 , 2 , 5 , 2 , 0 , 66.7 , 72.2 , 60.0 ,  , 0 , 2 , 8 , 0 , 1 
279,박경수,23K2B, -0.14 , 221 , -0.14 , 0 , 0 ,  , 73 , 0.0 , 0 , 0 , 0 , 0 , 0 , 0 , 0 , 0 ,  ,  ,  ,  , 0 , 0 , 3 , 0 , 0 
280,김태진,23키3B, -0.15 , 212 , -0.15 , 0 , 0 ,  , 85 , 0.0 , 0 , 0 , 0 , 0 , 0 , 0 , 0 , 0 ,  ,  ,  ,  , 0 , 0 , 4 , 0 , 0 
281,김강민,23SCF, -0.15 , 166 , -0.15 , 2 , 1 , 66.7 , 62 , 4.8 , 0 , 2 , 0 , 0 , 1 , 0 , 1 , 0 , 0.0 , 100.0 , 0.0 ,  , 0 , 0 , 0 , 0 , 0 
282,구드럼,23롯3B, -0.16 , 201 , -0.16 , 0 , 0 ,  , 77 , 0.0 , 0 , 0 , 0 , 0 , 0 , 0 , 0 , 0 ,  ,  ,  ,  , 0 , 0 , 1 , 0 , 0 
,변우혁,23K1B, -0.16 , 226 , -0.16 , 0 , 0 ,  , 70 , 0.0 , 0 , 0 , 0 , 0 , 0 , 0 , 0 , 0 ,  ,  ,  ,  , 0 , 0 , 5 , 0 , 2 
284,이용규,23키LF, -0.16 , 178 , -0.16 , 2 , 1 , 66.7 , 64 , 4.7 , 1 , 2 , 0 , 0 , 0 , 1 , 0 , 0 , 100.0 , 66.7 ,  ,  , 0 , 0 , 3 , 0 , 0 
285,김준완,23키LF, -0.17 , 225 , -0.17 , 0 , 0 ,  , 88 , 0.0 , 0 , 0 , 0 , 0 , 0 , 0 , 0 , 0 ,  ,  ,  ,  , 0 , 0 , 4 , 0 , 0 
286,김동헌,23키C, -0.18 , 242 , -0.18 , 0 , 0 ,  , 82 , 0.0 , 0 , 0 , 0 , 0 , 0 , 0 , 0 , 0 ,  ,  ,  ,  , 0 , 0 , 3 , 0 , 0 
287,김재환,23두DH, -0.19 , 484 , -0.19 , 3 , 1 , 75.0 , 167 , 2.4 , 2 , 3 , 0 , 0 , 0 , 1 , 0 , 0 , 100.0 , 75.0 ,  ,  , 0 , 0 , 9 , 0 , 0 
288,김민식,23SC, -0.20 , 318 , -0.20 , 0 , 0 ,  , 100 , 0.0 , 0 , 0 , 0 , 0 , 0 , 0 , 0 , 0 ,  ,  ,  ,  , 0 , 1 , 4 , 1 , 1 
289,나성범,23KRF, -0.21 , 253 , -0.21 , 0 , 0 ,  , 98 , 0.0 , 0 , 0 , 0 , 0 , 0 , 0 , 0 , 0 ,  ,  ,  ,  , 0 , 0 , 6 , 0 , 0 
290,이상혁,23한CF, -0.22 , 2 , -0.22 , 1 , 1 , 50.0 , 5 , 40.0 , 0 , 1 , 0 , 0 , 0 , 1 , 0 , 0 ,  , 50.0 ,  ,  , 0 , 0 , 0 , 1 , 0 
291,강승호,23두2B, -0.22 , 458 , -0.22 , 13 , 6 , 68.4 , 167 , 11.4 , 2 , 11 , 2 , 0 , 5 , 5 , 1 , 0 , 28.6 , 68.8 , 66.7 ,  , 0 , 1 , 8 , 0 , 0 
292,이호연,23K2B, -0.23 , 234 , -0.23 , 4 , 2 , 66.7 , 87 , 6.9 , 2 , 3 , 1 , 0 , 0 , 2 , 0 , 0 , 100.0 , 60.0 , 100.0 ,  , 0 , 0 , 3 , 1 , 2 
293,김민성,23L2B, -0.24 , 316 , -0.24 , 2 , 1 , 66.7 , 100 , 3.0 , 0 , 2 , 0 , 0 , 0 , 1 , 0 , 0 ,  , 66.7 ,  ,  , 0 , 0 , 3 , 0 , 1 
