순,이름,팀/포지션,정렬용,타석,타구방향%_좌,타구방향%_중,타구방향%_우,타구방향%_당,타구방향%_밀,타구방향개수_좌,타구방향개수_중,타구방향개수_우,타구방향개수_당,타구방향개수_밀,안타방향개수_좌,안타방향개수_중,안타방향개수_우,안타방향개수_당,안타방향개수_밀,방향별타율_좌,방향별타율_중,방향별타율_우,방향별타율_당,방향별타율_밀,BABIP
1,홍창기,23LRF, 643 , 643 , 32.7 , 27.0 , 40.4 , 39.7 , 33.3 , 144 , 119 , 178 , 175 , 147 , 60 , 58 , 56 , 55 , 61 , .417 , .487 , .315 , .314 , .415 , .388 
2,김혜성,23키2B, 621 , 621 , 26.3 , 25.7 , 48.0 , 48.0 , 26.3 , 126 , 123 , 230 , 230 , 126 , 34 , 52 , 100 , 100 , 34 , .270 , .423 , .435 , .435 , .270 , .375 
3,손아섭,23NDH, 609 , 609 , 35.3 , 22.5 , 42.2 , 42.2 , 35.3 , 171 , 109 , 204 , 204 , 171 , 63 , 60 , 64 , 64 , 63 , .368 , .551 , .314 , .314 , .368 , .376 
4,소크라테스,23KCF, 608 , 608 , 30.2 , 25.1 , 44.8 , 44.8 , 30.2 , 141 , 117 , 209 , 209 , 141 , 33 , 46 , 77 , 77 , 33 , .234 , .393 , .368 , .368 , .234 , .299 
5,피렐라,23삼LF, 605 , 605 , 46.3 , 23.4 , 30.3 , 46.3 , 30.3 , 226 , 114 , 148 , 226 , 148 , 72 , 45 , 42 , 72 , 42 , .319 , .395 , .284 , .319 , .284 , .302 
6,채은성,23한1B, 596 , 596 , 54.2 , 22.4 , 23.4 , 54.2 , 23.4 , 227 , 94 , 98 , 227 , 98 , 74 , 44 , 19 , 74 , 19 , .326 , .468 , .194 , .326 , .194 , .286 
7,노시환,23한3B, 595 , 595 , 46.5 , 23.2 , 30.3 , 46.5 , 30.3 , 184 , 92 , 120 , 184 , 120 , 76 , 38 , 39 , 76 , 39 , .413 , .413 , .325 , .413 , .325 , .332 
8,오스틴,23L1B, 583 , 583 , 47.6 , 24.7 , 27.6 , 47.6 , 27.6 , 212 , 110 , 123 , 212 , 123 , 76 , 48 , 39 , 76 , 39 , .359 , .436 , .317 , .359 , .317 , .326 
,정수빈,23두CF, 583 , 583 , 32.2 , 26.4 , 41.4 , 41.4 , 32.2 , 140 , 115 , 180 , 180 , 140 , 46 , 47 , 50 , 50 , 46 , .329 , .409 , .278 , .278 , .329 , .324 
10,양석환,23두1B, 581 , 581 , 59.1 , 20.2 , 20.7 , 59.1 , 20.7 , 231 , 79 , 81 , 231 , 81 , 104 , 30 , 13 , 104 , 13 , .450 , .380 , .161 , .450 , .161 , .331 
11,전준우,23롯DH, 559 , 559 , 46.5 , 23.4 , 30.1 , 46.5 , 30.1 , 199 , 100 , 129 , 199 , 129 , 71 , 47 , 36 , 71 , 36 , .357 , .470 , .279 , .357 , .279 , .328 
12,박해민,23LCF, 558 , 558 , 38.4 , 19.2 , 42.3 , 42.3 , 38.4 , 158 , 79 , 174 , 174 , 158 , 48 , 35 , 55 , 55 , 48 , .304 , .443 , .316 , .316 , .304 , .325 
13,김현수,23LDH, 556 , 556 , 32.4 , 22.8 , 44.8 , 44.8 , 32.4 , 141 , 99 , 195 , 195 , 141 , 33 , 46 , 64 , 64 , 33 , .234 , .465 , .328 , .328 , .234 , .314 
14,최정,23S3B, 552 , 552 , 55.7 , 22.4 , 21.9 , 55.7 , 21.9 , 214 , 86 , 84 , 214 , 84 , 87 , 30 , 23 , 87 , 23 , .407 , .349 , .274 , .407 , .274 , .308 
15,알포드,23KLF, 547 , 547 , 42.7 , 23.9 , 33.3 , 42.7 , 33.3 , 150 , 84 , 117 , 150 , 117 , 70 , 38 , 34 , 70 , 34 , .467 , .452 , .291 , .467 , .291 , .375 
16,문보경,23L3B, 542 , 542 , 29.3 , 30.6 , 40.2 , 39.9 , 29.5 , 113 , 118 , 155 , 154 , 114 , 33 , 51 , 57 , 55 , 35 , .292 , .432 , .368 , .357 , .307 , .345 
17,이재현,23삼SS, 538 , 538 , 50.4 , 23.0 , 26.6 , 50.4 , 26.6 , 186 , 85 , 98 , 186 , 98 , 57 , 27 , 30 , 57 , 30 , .307 , .318 , .306 , .307 , .306 , .281 
18,문성주,23LLF, 534 , 534 , 41.2 , 24.3 , 34.5 , 34.5 , 41.2 , 171 , 101 , 143 , 143 , 171 , 55 , 39 , 38 , 37 , 56 , .322 , .386 , .266 , .259 , .328 , .312 
19,박건우,23NRF, 533 , 533 , 47.0 , 24.6 , 28.4 , 47.0 , 28.4 , 182 , 95 , 110 , 182 , 110 , 66 , 42 , 38 , 66 , 38 , .363 , .442 , .346 , .363 , .346 , .349 
20,박성한,23SSS, 529 , 529 , 31.0 , 22.3 , 46.7 , 46.4 , 31.3 , 125 , 90 , 188 , 187 , 126 , 37 , 32 , 53 , 53 , 37 , .296 , .356 , .282 , .283 , .294 , .284 
21,에레디아,23SLF, 523 , 523 , 46.2 , 23.6 , 30.2 , 46.2 , 30.2 , 184 , 94 , 120 , 184 , 120 , 70 , 43 , 40 , 70 , 40 , .380 , .457 , .333 , .380 , .333 , .364 
22,류지혁,23K삼3B, 522 , 522 , 36.9 , 21.7 , 41.1 , 41.1 , 36.9 , 141 , 83 , 157 , 157 , 141 , 35 , 39 , 47 , 47 , 35 , .248 , .470 , .299 , .299 , .248 , .312 
23,구자욱,23삼RF, 515 , 515 , 26.9 , 26.3 , 46.8 , 46.8 , 26.9 , 100 , 98 , 174 , 174 , 100 , 24 , 53 , 75 , 75 , 24 , .240 , .541 , .431 , .431 , .240 , .387 
24,김상수,23KSS, 512 , 512 , 44.3 , 22.7 , 33.1 , 44.3 , 33.1 , 166 , 85 , 124 , 166 , 124 , 49 , 42 , 29 , 49 , 29 , .295 , .494 , .234 , .295 , .234 , .312 
25,양의지,23두C, 509 , 509 , 45.3 , 22.8 , 31.9 , 45.3 , 31.9 , 173 , 87 , 122 , 173 , 122 , 66 , 28 , 40 , 66 , 40 , .382 , .322 , .328 , .382 , .328 , .318 
,박민우,23N2B, 509 , 509 , 29.6 , 25.6 , 44.8 , 44.6 , 29.9 , 117 , 101 , 177 , 176 , 118 , 28 , 58 , 57 , 56 , 29 , .239 , .574 , .322 , .318 , .246 , .356 
27,최형우,23KDH, 508 , 508 , 27.3 , 26.7 , 46.0 , 46.0 , 27.3 , 95 , 93 , 160 , 160 , 95 , 26 , 45 , 59 , 59 , 26 , .274 , .484 , .369 , .369 , .274 , .337 
28,박찬호,23KSS, 507 , 507 , 45.5 , 20.7 , 33.8 , 45.5 , 33.8 , 180 , 82 , 134 , 180 , 134 , 61 , 38 , 37 , 61 , 37 , .339 , .463 , .276 , .339 , .276 , .333 
29,마틴,23NCF, 503 , 503 , 27.1 , 22.6 , 50.3 , 50.3 , 27.1 , 89 , 74 , 165 , 165 , 89 , 25 , 31 , 67 , 67 , 25 , .281 , .419 , .406 , .406 , .281 , .330 
,최지훈,23SCF, 503 , 503 , 33.0 , 24.5 , 42.5 , 42.5 , 33.0 , 136 , 101 , 175 , 175 , 136 , 34 , 37 , 53 , 53 , 34 , .250 , .366 , .303 , .303 , .250 , .297 
31,오지환,23LSS, 502 , 502 , 27.9 , 23.8 , 48.2 , 47.9 , 28.2 , 95 , 81 , 164 , 163 , 96 , 25 , 32 , 56 , 55 , 26 , .263 , .395 , .342 , .337 , .271 , .313 
32,강민호,23삼C, 495 , 495 , 43.6 , 29.0 , 27.4 , 43.6 , 27.4 , 161 , 107 , 101 , 161 , 101 , 57 , 44 , 25 , 57 , 25 , .354 , .411 , .248 , .354 , .248 , .307 
33,안치홍,23롯2B, 494 , 494 , 45.4 , 19.1 , 35.5 , 45.4 , 35.5 , 169 , 71 , 132 , 169 , 132 , 62 , 33 , 29 , 62 , 29 , .367 , .465 , .220 , .367 , .220 , .314 
34,박병호,23K1B, 493 , 493 , 50.8 , 21.8 , 27.4 , 50.8 , 27.4 , 161 , 69 , 87 , 161 , 87 , 58 , 34 , 30 , 58 , 30 , .360 , .493 , .345 , .360 , .345 , .339 
35,김재환,23두DH, 484 , 484 , 35.1 , 19.7 , 45.3 , 45.3 , 35.1 , 107 , 60 , 138 , 138 , 107 , 19 , 22 , 48 , 48 , 19 , .178 , .367 , .348 , .348 , .178 , .266 
36,박동원,23LC, 481 , 481 , 59.6 , 17.2 , 23.2 , 59.6 , 23.2 , 190 , 55 , 74 , 190 , 74 , 65 , 17 , 20 , 65 , 20 , .342 , .309 , .270 , .342 , .270 , .267 
,문현빈,23한CF, 481 , 481 , 30.2 , 25.0 , 44.8 , 44.8 , 30.2 , 104 , 86 , 154 , 154 , 104 , 24 , 45 , 45 , 45 , 24 , .231 , .523 , .292 , .292 , .231 , .317 
38,김현준,23삼CF, 479 , 479 , 31.5 , 20.6 , 47.9 , 47.9 , 31.5 , 110 , 72 , 167 , 167 , 110 , 39 , 28 , 52 , 52 , 39 , .355 , .389 , .311 , .311 , .355 , .332 
39,최주환,23S2B, 478 , 478 , 26.5 , 19.6 , 53.9 , 53.9 , 26.5 , 88 , 65 , 179 , 179 , 88 , 24 , 20 , 56 , 56 , 24 , .273 , .308 , .313 , .313 , .273 , .254 
40,허경민,23두3B, 475 , 475 , 50.1 , 22.8 , 27.1 , 50.1 , 27.1 , 202 , 92 , 109 , 202 , 109 , 58 , 29 , 27 , 58 , 27 , .287 , .315 , .248 , .287 , .248 , .267 
41,김주원,23NSS, 474 , 474 , 33.7 , 20.9 , 45.5 , 41.4 , 37.7 , 100 , 62 , 135 , 123 , 112 , 29 , 24 , 41 , 44 , 26 , .290 , .387 , .304 , .358 , .232 , .289 
42,김선빈,23K2B, 472 , 472 , 41.8 , 19.9 , 38.3 , 41.8 , 38.3 , 164 , 78 , 150 , 164 , 150 , 59 , 29 , 46 , 59 , 46 , .360 , .372 , .307 , .360 , .307 , .339 
43,장성우,23KC, 464 , 464 , 49.7 , 25.3 , 25.0 , 49.7 , 25.0 , 169 , 86 , 85 , 169 , 85 , 65 , 33 , 20 , 65 , 20 , .385 , .384 , .235 , .385 , .235 , .319 
,로하스,23두LF, 464 , 464 , 22.7 , 24.5 , 52.8 , 52.8 , 22.7 , 76 , 82 , 177 , 177 , 76 , 16 , 19 , 67 , 67 , 16 , .211 , .232 , .379 , .379 , .211 , .260 
45,추신수,23SDH, 462 , 462 , 26.7 , 21.8 , 51.5 , 51.2 , 27.1 , 81 , 66 , 156 , 155 , 82 , 24 , 26 , 46 , 45 , 25 , .296 , .394 , .295 , .290 , .305 , .287 
46,정은원,23한2B, 459 , 459 , 28.9 , 18.7 , 52.4 , 52.4 , 28.9 , 91 , 59 , 165 , 165 , 91 , 18 , 23 , 45 , 45 , 18 , .198 , .390 , .273 , .273 , .198 , .268 
47,강승호,23두2B, 458 , 458 , 53.1 , 21.4 , 25.6 , 53.1 , 25.6 , 164 , 66 , 79 , 164 , 79 , 59 , 33 , 19 , 59 , 19 , .360 , .500 , .241 , .360 , .241 , .341 
48,황재균,23K3B, 457 , 457 , 45.2 , 22.7 , 32.1 , 45.2 , 32.1 , 155 , 78 , 110 , 155 , 110 , 54 , 35 , 31 , 54 , 31 , .348 , .449 , .282 , .348 , .282 , .337 
49,김민석,23롯CF, 454 , 454 , 30.9 , 24.3 , 44.8 , 44.8 , 30.9 , 89 , 70 , 129 , 129 , 89 , 28 , 28 , 46 , 46 , 28 , .315 , .400 , .357 , .357 , .315 , .341 
50,김민혁,23KRF, 448 , 448 , 31.0 , 27.8 , 41.3 , 41.0 , 31.2 , 108 , 97 , 144 , 143 , 109 , 36 , 36 , 46 , 47 , 35 , .333 , .371 , .319 , .329 , .321 , .328 
51,송성문,23키3B, 438 , 438 , 32.0 , 22.0 , 46.0 , 46.0 , 32.0 , 112 , 77 , 161 , 161 , 112 , 28 , 25 , 49 , 49 , 28 , .250 , .325 , .304 , .304 , .250 , .276 
52,서호철,23N3B, 435 , 435 , 50.3 , 19.9 , 29.8 , 50.3 , 29.8 , 174 , 69 , 103 , 174 , 103 , 60 , 28 , 26 , 60 , 26 , .345 , .406 , .252 , .345 , .252 , .316 
,김휘집,23키SS, 435 , 435 , 45.6 , 29.4 , 25.0 , 45.6 , 25.0 , 124 , 80 , 68 , 124 , 68 , 50 , 35 , 7 , 50 , 7 , .403 , .438 , .103 , .403 , .103 , .310 
54,윤동희,23롯RF, 423 , 423 , 42.1 , 28.3 , 29.6 , 42.1 , 29.6 , 134 , 90 , 94 , 134 , 94 , 47 , 42 , 22 , 47 , 22 , .351 , .467 , .234 , .351 , .234 , .340 
55,이진영,23한RF, 422 , 422 , 57.1 , 18.2 , 24.7 , 57.1 , 24.7 , 132 , 42 , 57 , 132 , 57 , 56 , 16 , 17 , 56 , 17 , .424 , .381 , .298 , .424 , .298 , .350 
56,최재훈,23한C, 417 , 417 , 38.4 , 24.4 , 37.3 , 38.4 , 37.3 , 107 , 68 , 104 , 107 , 104 , 26 , 29 , 26 , 26 , 26 , .243 , .427 , .250 , .243 , .250 , .286 
57,유강남,23롯C, 403 , 403 , 47.6 , 22.9 , 29.5 , 47.6 , 29.5 , 137 , 66 , 85 , 137 , 85 , 42 , 30 , 20 , 42 , 20 , .307 , .455 , .235 , .307 , .235 , .291 
58,이우성,23KRF, 400 , 400 , 48.5 , 22.6 , 28.8 , 48.5 , 28.8 , 133 , 62 , 79 , 133 , 79 , 45 , 35 , 27 , 45 , 27 , .338 , .565 , .342 , .338 , .342 , .368 
59,노진혁,23롯SS, 390 , 390 , 26.4 , 24.4 , 49.2 , 49.2 , 26.4 , 66 , 61 , 123 , 123 , 66 , 16 , 28 , 42 , 42 , 16 , .242 , .459 , .342 , .342 , .242 , .328 
60,한유섬,23SRF, 388 , 388 , 33.3 , 22.6 , 44.1 , 43.3 , 34.1 , 84 , 57 , 111 , 109 , 86 , 22 , 26 , 43 , 42 , 23 , .262 , .456 , .387 , .385 , .267 , .333 
61,이정후,23키CF, 387 , 387 , 30.6 , 19.9 , 49.5 , 49.5 , 30.6 , 94 , 61 , 152 , 152 , 94 , 27 , 20 , 58 , 58 , 27 , .287 , .328 , .382 , .382 , .287 , .324 
62,김도영,23K3B, 385 , 385 , 45.7 , 24.1 , 30.2 , 45.7 , 30.2 , 127 , 67 , 84 , 127 , 84 , 43 , 35 , 25 , 43 , 25 , .339 , .522 , .298 , .339 , .298 , .349 
63,이형종,23키RF, 374 , 374 , 60.1 , 17.7 , 22.3 , 60.1 , 22.3 , 143 , 42 , 53 , 143 , 53 , 44 , 16 , 8 , 44 , 8 , .308 , .381 , .151 , .308 , .151 , .274 
64,권희동,23NLF, 373 , 373 , 56.4 , 23.2 , 20.5 , 56.4 , 20.5 , 146 , 60 , 53 , 146 , 53 , 54 , 22 , 12 , 54 , 12 , .370 , .367 , .226 , .370 , .226 , .315 
65,김인환,23한1B, 365 , 365 , 28.6 , 20.5 , 50.9 , 51.3 , 28.2 , 67 , 48 , 119 , 120 , 66 , 17 , 11 , 45 , 46 , 16 , .254 , .229 , .378 , .383 , .242 , .287 
66,오재일,23삼1B, 364 , 364 , 28.8 , 23.4 , 47.8 , 47.8 , 28.8 , 59 , 48 , 98 , 98 , 59 , 9 , 16 , 39 , 39 , 9 , .153 , .333 , .398 , .398 , .153 , .269 
67,배정대,23KCF, 361 , 361 , 44.3 , 22.6 , 33.2 , 44.3 , 33.2 , 104 , 53 , 78 , 104 , 78 , 45 , 23 , 18 , 45 , 18 , .433 , .434 , .231 , .433 , .231 , .353 
68,김지찬,23삼2B, 355 , 355 , 29.4 , 24.7 , 45.9 , 45.9 , 29.4 , 75 , 63 , 117 , 117 , 75 , 19 , 34 , 32 , 32 , 19 , .253 , .540 , .274 , .274 , .253 , .331 
69,김성현,23S2B, 354 , 354 , 50.0 , 22.3 , 27.7 , 50.0 , 27.7 , 137 , 61 , 76 , 137 , 76 , 42 , 28 , 13 , 42 , 13 , .307 , .459 , .171 , .307 , .171 , .298 
70,한동희,23롯3B, 353 , 353 , 52.5 , 26.1 , 21.5 , 52.5 , 21.5 , 137 , 68 , 56 , 137 , 56 , 30 , 29 , 12 , 30 , 12 , .219 , .427 , .214 , .219 , .214 , .253 
71,이도윤,23한SS, 346 , 346 , 30.7 , 24.0 , 45.3 , 45.3 , 30.7 , 78 , 61 , 115 , 115 , 78 , 20 , 22 , 36 , 36 , 20 , .256 , .361 , .313 , .313 , .256 , .304 
,김태군,23삼KC, 346 , 346 , 51.3 , 19.9 , 28.8 , 51.3 , 28.8 , 144 , 56 , 81 , 144 , 81 , 32 , 23 , 25 , 32 , 25 , .222 , .411 , .309 , .222 , .309 , .278 
73,이원석,23삼키1B, 345 , 345 , 47.1 , 20.2 , 32.8 , 47.1 , 32.8 , 112 , 48 , 78 , 112 , 78 , 35 , 19 , 21 , 35 , 21 , .313 , .396 , .269 , .313 , .269 , .307 
74,박승욱,23롯2B, 338 , 338 , 28.6 , 27.6 , 43.8 , 43.8 , 28.6 , 58 , 56 , 89 , 89 , 58 , 20 , 29 , 34 , 34 , 20 , .345 , .518 , .382 , .382 , .345 , .407 
75,신민재,23L2B, 331 , 331 , 44.8 , 19.4 , 35.9 , 44.0 , 36.7 , 111 , 48 , 89 , 109 , 91 , 37 , 18 , 23 , 24 , 36 , .333 , .375 , .258 , .220 , .396 , .312 
76,문상철,23KDH, 330 , 330 , 53.8 , 29.6 , 16.6 , 53.8 , 16.6 , 120 , 66 , 37 , 120 , 37 , 43 , 27 , 9 , 43 , 9 , .358 , .409 , .243 , .358 , .243 , .318 
77,김민식,23SC, 318 , 318 , 20.6 , 26.3 , 53.1 , 53.1 , 20.6 , 43 , 55 , 111 , 111 , 43 , 4 , 17 , 37 , 37 , 4 , .093 , .309 , .333 , .333 , .093 , .257 
78,김민성,23L2B, 316 , 316 , 55.4 , 17.2 , 27.4 , 55.4 , 27.4 , 119 , 37 , 59 , 119 , 59 , 38 , 17 , 13 , 38 , 13 , .319 , .460 , .220 , .319 , .220 , .287 
79,안권수,23롯LF, 309 , 309 , 40.4 , 25.9 , 33.8 , 33.8 , 40.4 , 92 , 59 , 77 , 77 , 92 , 31 , 21 , 20 , 20 , 31 , .337 , .356 , .260 , .260 , .337 , .306 
80,고승민,23롯1B, 307 , 307 , 30.5 , 24.2 , 45.3 , 45.3 , 30.5 , 58 , 46 , 86 , 86 , 58 , 11 , 19 , 27 , 27 , 11 , .190 , .413 , .314 , .314 , .190 , .287 
81,오태곤,23S1B, 305 , 305 , 51.2 , 22.0 , 26.8 , 51.2 , 26.8 , 105 , 45 , 55 , 105 , 55 , 31 , 19 , 15 , 31 , 15 , .295 , .422 , .273 , .295 , .273 , .289 
82,김재호,23두SS, 302 , 302 , 49.1 , 20.1 , 30.8 , 49.1 , 30.8 , 110 , 45 , 69 , 110 , 69 , 35 , 23 , 12 , 35 , 12 , .318 , .511 , .174 , .318 , .174 , .300 
,도태훈,23N3B, 302 , 302 , 30.4 , 23.6 , 46.1 , 46.1 , 30.4 , 58 , 45 , 88 , 88 , 58 , 11 , 17 , 28 , 28 , 11 , .190 , .378 , .318 , .318 , .190 , .273 
84,고종욱,23KLF, 286 , 286 , 27.8 , 33.0 , 39.2 , 39.2 , 27.8 , 59 , 70 , 83 , 83 , 59 , 16 , 30 , 34 , 34 , 16 , .271 , .429 , .410 , .410 , .271 , .365 
85,이창진,23KLF, 284 , 284 , 47.0 , 22.5 , 30.5 , 47.0 , 30.5 , 94 , 45 , 61 , 94 , 61 , 31 , 17 , 18 , 31 , 18 , .330 , .378 , .295 , .330 , .295 , .313 
86,박세혁,23NC, 283 , 283 , 34.2 , 17.1 , 48.7 , 48.7 , 34.2 , 68 , 34 , 97 , 97 , 68 , 8 , 13 , 30 , 30 , 8 , .118 , .382 , .309 , .309 , .118 , .232 
87,김태연,23한RF, 280 , 280 , 53.8 , 23.1 , 23.1 , 53.8 , 23.1 , 100 , 43 , 43 , 100 , 43 , 33 , 19 , 12 , 33 , 12 , .330 , .442 , .279 , .330 , .279 , .323 
88,최원준,23K1B, 274 , 274 , 27.6 , 20.1 , 52.3 , 52.3 , 27.6 , 55 , 40 , 104 , 104 , 55 , 11 , 18 , 31 , 31 , 11 , .200 , .450 , .298 , .298 , .200 , .298 
89,윌리엄스,23한LF, 273 , 273 , 33.3 , 18.5 , 48.2 , 48.2 , 33.3 , 65 , 36 , 94 , 94 , 65 , 17 , 15 , 31 , 31 , 17 , .262 , .417 , .330 , .330 , .262 , .286 
90,김성윤,23삼RF, 272 , 272 , 32.9 , 27.1 , 40.0 , 40.0 , 32.9 , 69 , 57 , 84 , 84 , 69 , 23 , 30 , 24 , 24 , 23 , .333 , .526 , .286 , .286 , .333 , .352 
91,강백호,23KDH, 271 , 271 , 29.5 , 25.1 , 45.4 , 45.4 , 29.5 , 54 , 46 , 83 , 83 , 54 , 16 , 19 , 28 , 29 , 15 , .296 , .413 , .337 , .349 , .278 , .311 
92,도슨,23키CF, 261 , 261 , 40.4 , 21.8 , 37.8 , 37.2 , 41.0 , 76 , 41 , 71 , 70 , 77 , 29 , 18 , 30 , 28 , 31 , .382 , .439 , .423 , .400 , .403 , .390 
93,나성범,23KRF, 253 , 253 , 33.3 , 20.4 , 46.2 , 46.8 , 32.8 , 62 , 38 , 86 , 87 , 61 , 25 , 14 , 42 , 41 , 26 , .403 , .368 , .488 , .471 , .426 , .366 
94,조수행,23두RF, 249 , 249 , 33.7 , 26.5 , 39.8 , 38.7 , 34.8 , 61 , 48 , 72 , 70 , 63 , 13 , 18 , 17 , 16 , 14 , .213 , .375 , .236 , .229 , .222 , .260 
95,임지열,23키1B, 246 , 246 , 54.1 , 25.0 , 21.0 , 29.1 , 46.0 , 80 , 37 , 31 , 43 , 68 , 37 , 15 , 3 , 15 , 25 , .463 , .405 , .097 , .349 , .368 , .347 
96,이주형,23L키CF, 243 , 243 , 24.7 , 20.4 , 54.9 , 54.9 , 24.7 , 40 , 33 , 89 , 89 , 40 , 11 , 18 , 41 , 41 , 11 , .275 , .546 , .461 , .461 , .275 , .405 
97,김동헌,23키C, 242 , 242 , 51.3 , 26.3 , 22.4 , 51.3 , 22.4 , 80 , 41 , 35 , 80 , 35 , 27 , 19 , 5 , 27 , 5 , .338 , .463 , .143 , .338 , .143 , .312 
98,강한울,23삼3B, 240 , 240 , 39.9 , 22.8 , 37.3 , 37.3 , 39.9 , 63 , 36 , 59 , 59 , 63 , 13 , 18 , 15 , 15 , 13 , .206 , .500 , .254 , .254 , .206 , .288 
99,러셀,23키SS, 239 , 239 , 39.8 , 26.5 , 33.7 , 39.8 , 33.7 , 72 , 48 , 61 , 72 , 61 , 19 , 23 , 21 , 19 , 21 , .264 , .479 , .344 , .264 , .344 , .332 
,이유찬,23두2B, 239 , 239 , 39.6 , 27.7 , 32.7 , 39.6 , 32.7 , 63 , 44 , 52 , 63 , 52 , 19 , 19 , 13 , 19 , 13 , .302 , .432 , .250 , .302 , .250 , .315 
101,오영수,23N1B, 238 , 238 , 24.8 , 26.8 , 48.4 , 48.4 , 24.8 , 38 , 41 , 74 , 74 , 38 , 11 , 17 , 21 , 22 , 10 , .290 , .415 , .284 , .297 , .263 , .296 
102,이지영,23키C, 237 , 237 , 36.0 , 25.3 , 38.8 , 36.0 , 38.8 , 64 , 45 , 69 , 64 , 69 , 18 , 19 , 17 , 18 , 17 , .281 , .422 , .246 , .281 , .246 , .303 
103,윤형준,23N1B, 236 , 236 , 48.1 , 25.0 , 26.9 , 48.1 , 26.9 , 77 , 40 , 43 , 77 , 43 , 23 , 17 , 15 , 23 , 15 , .299 , .425 , .349 , .299 , .349 , .317 
104,이호연,23K2B, 234 , 234 , 30.4 , 20.5 , 49.1 , 49.1 , 30.4 , 52 , 35 , 84 , 84 , 52 , 16 , 17 , 26 , 26 , 16 , .308 , .486 , .310 , .310 , .308 , .331 
,렉스,23롯RF, 234 , 234 , 37.6 , 18.8 , 43.6 , 43.6 , 37.6 , 56 , 28 , 65 , 65 , 56 , 10 , 13 , 27 , 27 , 10 , .179 , .464 , .415 , .415 , .179 , .313 
106,정훈,23롯1B, 233 , 233 , 51.9 , 24.1 , 24.1 , 51.9 , 24.1 , 84 , 39 , 39 , 84 , 39 , 29 , 16 , 11 , 29 , 11 , .345 , .410 , .282 , .345 , .282 , .317 
107,하재훈,23SLF, 229 , 229 , 46.0 , 28.4 , 25.7 , 46.0 , 25.7 , 68 , 42 , 38 , 68 , 38 , 29 , 20 , 12 , 29 , 12 , .427 , .476 , .316 , .427 , .316 , .378 
108,변우혁,23K1B, 226 , 226 , 42.9 , 23.0 , 34.1 , 42.9 , 34.1 , 54 , 29 , 43 , 54 , 43 , 24 , 10 , 11 , 24 , 11 , .444 , .345 , .256 , .444 , .256 , .319 
109,김준완,23키LF, 225 , 225 , 31.8 , 16.7 , 51.5 , 51.5 , 31.8 , 42 , 22 , 68 , 68 , 42 , 11 , 8 , 23 , 23 , 11 , .262 , .364 , .338 , .338 , .262 , .311 
110,오윤석,23K1B, 223 , 223 , 44.5 , 21.9 , 33.6 , 44.5 , 33.6 , 69 , 34 , 52 , 69 , 52 , 26 , 11 , 13 , 26 , 13 , .377 , .324 , .250 , .377 , .250 , .305 
,임병욱,23키RF, 223 , 223 , 27.8 , 22.6 , 48.9 , 48.9 , 27.8 , 37 , 30 , 65 , 65 , 37 , 11 , 15 , 27 , 27 , 11 , .297 , .500 , .415 , .415 , .297 , .369 
112,박경수,23K2B, 221 , 221 , 56.1 , 15.8 , 28.1 , 56.1 , 28.1 , 78 , 22 , 39 , 78 , 39 , 21 , 9 , 7 , 21 , 7 , .269 , .409 , .180 , .269 , .180 , .261 
113,김태진,23키3B, 212 , 212 , 41.2 , 24.9 , 33.9 , 33.9 , 41.2 , 73 , 44 , 60 , 60 , 73 , 19 , 16 , 20 , 20 , 19 , .260 , .364 , .333 , .333 , .260 , .306 
114,김성욱,23NLF, 204 , 204 , 60.3 , 21.6 , 18.1 , 60.3 , 18.1 , 70 , 25 , 21 , 70 , 21 , 29 , 8 , 3 , 29 , 3 , .414 , .320 , .143 , .414 , .143 , .306 
115,구드럼,23롯3B, 201 , 201 , 37.8 , 27.6 , 34.7 , 37.0 , 35.4 , 48 , 35 , 44 , 47 , 45 , 16 , 19 , 16 , 16 , 16 , .333 , .543 , .364 , .340 , .356 , .389 
116,오선진,23한SS, 199 , 199 , 44.3 , 22.1 , 33.6 , 44.3 , 33.6 , 58 , 29 , 44 , 58 , 44 , 17 , 11 , 10 , 17 , 10 , .293 , .379 , .227 , .293 , .227 , .286 
,황대인,23K1B, 199 , 199 , 54.0 , 14.5 , 31.5 , 54.0 , 31.5 , 67 , 18 , 39 , 67 , 39 , 18 , 8 , 11 , 18 , 11 , .269 , .444 , .282 , .269 , .282 , .262 
118,박계범,23두SS, 194 , 194 , 47.2 , 18.4 , 34.4 , 47.2 , 34.4 , 59 , 23 , 43 , 59 , 43 , 21 , 5 , 11 , 21 , 11 , .356 , .217 , .256 , .356 , .256 , .278 
119,황성빈,23롯LF, 191 , 191 , 38.5 , 24.5 , 37.1 , 37.1 , 38.5 , 55 , 35 , 53 , 53 , 55 , 14 , 11 , 11 , 11 , 14 , .255 , .314 , .208 , .208 , .255 , .252 
120,조용호,23KRF, 184 , 184 , 31.6 , 23.5 , 44.9 , 44.9 , 31.6 , 43 , 32 , 61 , 61 , 43 , 6 , 17 , 17 , 17 , 6 , .140 , .531 , .279 , .279 , .140 , .294 
121,김동엽,23삼DH, 182 , 182 , 59.6 , 23.5 , 16.9 , 59.6 , 16.9 , 81 , 32 , 23 , 81 , 23 , 26 , 10 , 6 , 26 , 6 , .321 , .313 , .261 , .321 , .261 , .278 
122,천재환,23NCF, 179 , 179 , 41.2 , 34.5 , 24.4 , 41.2 , 24.4 , 49 , 41 , 29 , 49 , 29 , 11 , 16 , 12 , 11 , 12 , .225 , .390 , .414 , .225 , .414 , .311 
123,장진혁,23한CF, 178 , 178 , 28.1 , 21.5 , 50.4 , 50.4 , 28.1 , 34 , 26 , 61 , 61 , 34 , 6 , 11 , 19 , 19 , 6 , .177 , .423 , .312 , .312 , .177 , .295 
,이용규,23키LF, 178 , 178 , 46.2 , 20.5 , 33.3 , 33.3 , 46.2 , 61 , 27 , 44 , 44 , 61 , 17 , 9 , 10 , 10 , 17 , .279 , .333 , .227 , .227 , .279 , .269 
125,김규성,23K2B, 177 , 177 , 39.1 , 21.7 , 39.1 , 39.1 , 39.1 , 45 , 25 , 45 , 45 , 45 , 10 , 8 , 19 , 19 , 10 , .222 , .320 , .422 , .422 , .222 , .310 
,안중열,23NC, 177 , 177 , 47.7 , 27.5 , 24.8 , 47.7 , 24.8 , 52 , 30 , 27 , 52 , 27 , 16 , 11 , 3 , 16 , 3 , .308 , .367 , .111 , .308 , .111 , .243 
127,이정훈,23롯DH, 171 , 171 , 28.2 , 22.6 , 49.2 , 49.2 , 28.2 , 35 , 28 , 61 , 61 , 35 , 12 , 8 , 25 , 25 , 12 , .343 , .286 , .410 , .410 , .343 , .349 
128,박찬혁,23키LF, 167 , 167 , 62.8 , 19.5 , 17.7 , 62.8 , 17.7 , 71 , 22 , 20 , 71 , 20 , 23 , 5 , 3 , 23 , 3 , .324 , .227 , .150 , .324 , .150 , .268 
129,김강민,23SCF, 166 , 166 , 45.5 , 27.3 , 27.3 , 45.5 , 27.3 , 45 , 27 , 27 , 45 , 27 , 17 , 9 , 5 , 17 , 5 , .378 , .333 , .185 , .378 , .185 , .290 
130,이성규,23삼CF, 162 , 162 , 58.3 , 23.3 , 18.5 , 58.3 , 18.5 , 60 , 24 , 19 , 60 , 19 , 20 , 9 , 1 , 20 , 1 , .333 , .375 , .053 , .333 , .053 , .279 
131,박상언,23한C, 161 , 161 , 42.1 , 21.5 , 36.5 , 42.1 , 36.5 , 45 , 23 , 39 , 45 , 39 , 16 , 9 , 4 , 16 , 4 , .356 , .391 , .103 , .356 , .103 , .259 
132,장승현,23두C, 158 , 158 , 39.8 , 29.1 , 31.1 , 39.8 , 31.1 , 41 , 30 , 32 , 41 , 32 , 7 , 10 , 5 , 7 , 5 , .171 , .333 , .156 , .171 , .156 , .190 
133,전의산,23S1B, 153 , 153 , 33.0 , 23.4 , 43.6 , 43.6 , 33.0 , 31 , 22 , 41 , 41 , 31 , 9 , 8 , 10 , 10 , 9 , .290 , .364 , .244 , .244 , .290 , .253 
134,최인호,23한LF, 148 , 148 , 28.4 , 24.8 , 46.8 , 46.8 , 28.4 , 31 , 27 , 51 , 51 , 31 , 10 , 11 , 18 , 18 , 10 , .323 , .407 , .353 , .353 , .323 , .343 
135,강진성,23두S1B, 145 , 145 , 45.6 , 22.8 , 31.6 , 45.6 , 31.6 , 52 , 26 , 36 , 52 , 36 , 16 , 10 , 9 , 16 , 9 , .308 , .385 , .250 , .308 , .250 , .286 
136,박준영,23두3B, 138 , 138 , 58.1 , 27.0 , 14.9 , 58.1 , 14.9 , 43 , 20 , 11 , 43 , 11 , 21 , 5 , 2 , 21 , 2 , .488 , .250 , .182 , .488 , .182 , .343 
,이원석,23한CF, 138 , 138 , 38.6 , 22.9 , 38.6 , 38.6 , 38.6 , 32 , 19 , 32 , 32 , 32 , 8 , 8 , 6 , 8 , 6 , .250 , .421 , .188 , .250 , .188 , .265 
138,김동진,23삼2B, 137 , 137 , 35.4 , 26.0 , 38.5 , 38.5 , 35.4 , 34 , 25 , 37 , 37 , 34 , 11 , 13 , 8 , 8 , 11 , .324 , .520 , .216 , .216 , .324 , .327 
139,안치영,23KRF, 136 , 136 , 34.8 , 20.2 , 44.9 , 44.9 , 34.8 , 31 , 18 , 40 , 40 , 31 , 12 , 10 , 14 , 14 , 12 , .387 , .556 , .350 , .350 , .387 , .400 
,김준태,23KC, 136 , 136 , 26.5 , 21.7 , 51.8 , 51.8 , 26.5 , 22 , 18 , 43 , 43 , 22 , 6 , 5 , 13 , 13 , 6 , .273 , .278 , .302 , .302 , .273 , .263 
141,조형우,23SC, 133 , 133 , 50.0 , 20.2 , 29.8 , 50.0 , 29.8 , 47 , 19 , 28 , 47 , 28 , 9 , 7 , 6 , 9 , 6 , .192 , .368 , .214 , .192 , .214 , .215 
142,이재원,23LLF, 129 , 129 , 50.0 , 34.7 , 15.3 , 50.0 , 15.3 , 36 , 25 , 11 , 36 , 11 , 14 , 9 , 1 , 14 , 1 , .389 , .360 , .091 , .389 , .091 , .282 
143,김호재,23삼3B, 127 , 127 , 42.4 , 20.2 , 37.4 , 42.4 , 37.4 , 42 , 20 , 37 , 42 , 37 , 7 , 9 , 9 , 7 , 9 , .167 , .450 , .243 , .167 , .243 , .253 
144,서건창,23L2B, 126 , 126 , 29.2 , 19.8 , 51.0 , 50.0 , 30.2 , 28 , 19 , 49 , 48 , 29 , 5 , 5 , 12 , 12 , 5 , .179 , .263 , .245 , .250 , .172 , .222 
145,김재성,23삼C, 125 , 125 , 44.1 , 13.2 , 42.7 , 42.7 , 44.1 , 30 , 9 , 29 , 29 , 30 , 7 , 3 , 9 , 9 , 7 , .233 , .333 , .310 , .310 , .233 , .269 
146,이학주,23롯SS, 122 , 122 , 22.8 , 17.7 , 59.5 , 59.5 , 22.8 , 18 , 14 , 47 , 47 , 18 , 5 , 4 , 14 , 14 , 5 , .278 , .286 , .298 , .298 , .278 , .263 
147,김인태,23두RF, 115 , 115 , 13.9 , 30.6 , 55.6 , 55.6 , 13.9 , 10 , 22 , 40 , 40 , 10 , 5 , 8 , 12 , 12 , 5 , .500 , .364 , .300 , .300 , .500 , .338 
148,김수환,23키1B, 114 , 114 , 44.3 , 32.8 , 23.0 , 44.3 , 23.0 , 27 , 20 , 14 , 27 , 14 , 8 , 11 , 2 , 8 , 2 , .296 , .550 , .143 , .296 , .143 , .317 
149,박정현,23한SS, 113 , 113 , 43.5 , 30.4 , 26.1 , 43.5 , 26.1 , 30 , 21 , 18 , 30 , 18 , 5 , 9 , 5 , 5 , 5 , .167 , .429 , .278 , .167 , .278 , .254 
150,강현우,23KC, 111 , 111 , 46.5 , 18.6 , 34.9 , 46.5 , 34.9 , 40 , 16 , 30 , 40 , 30 , 11 , 5 , 4 , 11 , 4 , .275 , .313 , .133 , .275 , .133 , .224 
151,김호령,23KCF, 107 , 107 , 40.4 , 14.0 , 45.6 , 40.4 , 45.6 , 23 , 8 , 26 , 23 , 26 , 6 , 3 , 8 , 6 , 8 , .261 , .375 , .308 , .261 , .308 , .298 
,박석민,23N3B, 107 , 107 , 50.0 , 21.2 , 28.8 , 50.0 , 28.8 , 33 , 14 , 19 , 33 , 19 , 9 , 5 , 3 , 9 , 3 , .273 , .357 , .158 , .273 , .158 , .242 
153,김한별,23NSS, 105 , 105 , 37.8 , 23.0 , 39.2 , 37.8 , 39.2 , 28 , 17 , 29 , 28 , 29 , 6 , 8 , 7 , 6 , 7 , .214 , .471 , .241 , .214 , .241 , .284 
154,장준원,23KSS, 104 , 104 , 48.4 , 19.4 , 32.3 , 48.4 , 32.3 , 30 , 12 , 20 , 30 , 20 , 8 , 3 , 4 , 8 , 4 , .267 , .250 , .200 , .267 , .200 , .226 
,한승택,23KC, 104 , 104 , 34.0 , 32.1 , 34.0 , 34.0 , 34.0 , 18 , 17 , 18 , 18 , 18 , 4 , 4 , 3 , 4 , 3 , .222 , .235 , .167 , .222 , .167 , .208 
156,김영웅,23삼3B, 103 , 103 , 27.0 , 25.4 , 47.6 , 47.6 , 27.0 , 17 , 16 , 30 , 30 , 17 , 3 , 1 , 13 , 13 , 3 , .177 , .063 , .433 , .433 , .177 , .242 
157,정보근,23롯C, 101 , 101 , 44.1 , 25.0 , 30.9 , 44.1 , 30.9 , 30 , 17 , 21 , 30 , 21 , 9 , 8 , 10 , 9 , 10 , .300 , .471 , .476 , .300 , .476 , .382 
,정주현,23L1B, 101 , 101 , 34.7 , 33.3 , 31.9 , 34.7 , 31.9 , 25 , 24 , 23 , 25 , 23 , 10 , 9 , 5 , 10 , 5 , .400 , .375 , .217 , .400 , .217 , .319 
159,신범수,23KC, 100 , 100 , 18.8 , 24.6 , 56.5 , 55.1 , 20.3 , 13 , 17 , 39 , 38 , 14 , 3 , 3 , 9 , 9 , 3 , .231 , .177 , .231 , .237 , .214 , .191 
160,양찬열,23두RF, 99 , 99 , 30.8 , 26.2 , 43.1 , 43.1 , 30.8 , 20 , 17 , 28 , 28 , 20 , 6 , 5 , 10 , 10 , 6 , .300 , .294 , .357 , .357 , .300 , .318 
161,한준수,23KC, 94 , 94 , 20.0 , 21.7 , 58.3 , 58.3 , 20.0 , 12 , 13 , 35 , 35 , 12 , 2 , 4 , 16 , 16 , 2 , .167 , .308 , .457 , .457 , .167 , .345 
,노수광,23한LF, 94 , 94 , 20.0 , 24.0 , 56.0 , 56.0 , 20.0 , 10 , 12 , 28 , 28 , 10 , 2 , 4 , 11 , 11 , 2 , .200 , .333 , .393 , .393 , .200 , .327 
163,안주형,23삼2B, 91 , 91 , 40.7 , 18.6 , 40.7 , 40.7 , 40.7 , 24 , 11 , 24 , 24 , 24 , 9 , 2 , 8 , 8 , 9 , .375 , .182 , .333 , .333 , .375 , .305 
164,김대한,23두RF, 89 , 89 , 48.3 , 16.7 , 35.0 , 48.3 , 35.0 , 29 , 10 , 21 , 29 , 21 , 8 , 5 , 3 , 8 , 3 , .276 , .500 , .143 , .276 , .143 , .254 
165,홍현빈,23KCF, 86 , 86 , 44.2 , 30.8 , 25.0 , 25.0 , 44.2 , 23 , 16 , 13 , 13 , 23 , 6 , 8 , 3 , 3 , 6 , .261 , .500 , .231 , .231 , .261 , .327 
,오그레디,23한LF, 86 , 86 , 17.5 , 20.0 , 62.5 , 62.5 , 17.5 , 7 , 8 , 25 , 25 , 7 , 0 , 3 , 7 , 7 , 0 , .000 , .375 , .280 , .280 , .000 , .244 
167,김형준,23NC, 82 , 82 , 41.7 , 22.9 , 35.4 , 41.7 , 35.4 , 20 , 11 , 17 , 20 , 17 , 10 , 1 , 6 , 10 , 6 , .500 , .091 , .353 , .500 , .353 , .262 
,김시앙,23키C, 82 , 82 , 39.7 , 31.0 , 29.3 , 39.7 , 29.3 , 23 , 18 , 17 , 23 , 17 , 6 , 8 , 3 , 6 , 3 , .261 , .444 , .177 , .261 , .177 , .293 
169,허도환,23LC, 81 , 81 , 45.5 , 34.1 , 20.5 , 45.5 , 20.5 , 20 , 15 , 9 , 20 , 9 , 4 , 4 , 1 , 4 , 1 , .200 , .267 , .111 , .200 , .111 , .163 
,김주형,23키SS, 81 , 81 , 50.0 , 21.4 , 28.6 , 50.0 , 28.6 , 21 , 9 , 12 , 21 , 12 , 4 , 3 , 3 , 4 , 3 , .191 , .333 , .250 , .191 , .250 , .238 
,권광민,23한LF, 81 , 81 , 42.9 , 14.3 , 42.9 , 42.9 , 42.9 , 21 , 7 , 21 , 21 , 21 , 4 , 1 , 6 , 6 , 4 , .191 , .143 , .286 , .286 , .191 , .192 
172,손성빈,23롯C, 80 , 80 , 42.4 , 16.7 , 40.9 , 42.4 , 40.9 , 28 , 11 , 27 , 28 , 27 , 6 , 5 , 9 , 6 , 9 , .214 , .455 , .333 , .214 , .333 , .292 
173,송승환,23두LF, 76 , 76 , 44.4 , 18.5 , 37.0 , 44.4 , 37.0 , 24 , 10 , 20 , 24 , 20 , 8 , 5 , 3 , 8 , 3 , .333 , .500 , .150 , .333 , .150 , .296 
174,신본기,23KSS, 75 , 75 , 52.2 , 6.5 , 41.3 , 52.2 , 41.3 , 24 , 3 , 19 , 24 , 19 , 6 , 1 , 4 , 6 , 4 , .250 , .333 , .211 , .250 , .211 , .204 
,전병우,23키1B, 75 , 75 , 61.8 , 11.8 , 26.5 , 61.8 , 26.5 , 21 , 4 , 9 , 21 , 9 , 5 , 3 , 1 , 5 , 1 , .238 , .750 , .111 , .238 , .111 , .242 
176,김웅빈,23키1B, 74 , 74 , 29.6 , 29.6 , 40.9 , 40.9 , 29.6 , 13 , 13 , 18 , 18 , 13 , 1 , 5 , 6 , 6 , 1 , .077 , .385 , .333 , .333 , .077 , .261 
177,주성원,23키RF, 72 , 72 , 35.3 , 35.3 , 29.4 , 35.3 , 29.4 , 18 , 18 , 15 , 18 , 15 , 4 , 8 , 3 , 4 , 3 , .222 , .444 , .200 , .222 , .200 , .289 
178,최준우,23S2B, 69 , 69 , 32.0 , 22.0 , 46.0 , 46.0 , 32.0 , 16 , 11 , 23 , 23 , 16 , 5 , 5 , 6 , 6 , 5 , .313 , .455 , .261 , .261 , .313 , .314 
179,안재석,23두SS, 68 , 68 , 19.2 , 32.7 , 48.1 , 48.1 , 19.2 , 10 , 17 , 25 , 25 , 10 , 1 , 5 , 6 , 6 , 1 , .100 , .294 , .240 , .240 , .100 , .212 
180,안상현,23S2B, 66 , 66 , 44.2 , 34.9 , 20.9 , 44.2 , 20.9 , 19 , 15 , 9 , 19 , 9 , 4 , 8 , 2 , 4 , 2 , .211 , .533 , .222 , .211 , .222 , .326 
,한석현,23NLF, 66 , 66 , 37.5 , 17.5 , 45.0 , 45.0 , 37.5 , 15 , 7 , 18 , 18 , 15 , 4 , 3 , 5 , 5 , 4 , .267 , .429 , .278 , .278 , .267 , .300 
182,이상호,23K2B, 60 , 60 , 24.4 , 33.3 , 42.2 , 24.4 , 42.2 , 11 , 15 , 19 , 11 , 19 , 0 , 5 , 3 , 0 , 3 , .000 , .333 , .158 , .000 , .158 , .178 
183,류승민,23삼RF, 57 , 57 , 12.1 , 21.2 , 66.7 , 66.7 , 12.1 , 4 , 7 , 22 , 22 , 4 , 0 , 3 , 8 , 8 , 0 , .000 , .429 , .364 , .364 , .000 , .333 
,박주홍,23키1B, 57 , 57 , 29.2 , 29.2 , 41.7 , 41.7 , 29.2 , 7 , 7 , 10 , 10 , 7 , 0 , 3 , 3 , 3 , 0 , .000 , .429 , .300 , .300 , .000 , .231 
185,최정원,23N2B, 56 , 56 , 46.0 , 16.2 , 37.8 , 37.8 , 46.0 , 17 , 6 , 14 , 14 , 17 , 4 , 5 , 4 , 4 , 4 , .235 , .833 , .286 , .286 , .235 , .351 
186,정준영,23KCF, 55 , 55 , 37.8 , 35.1 , 27.0 , 27.0 , 37.8 , 14 , 13 , 10 , 10 , 14 , 5 , 5 , 4 , 4 , 5 , .357 , .385 , .400 , .400 , .357 , .378 
,김태근,23두RF, 55 , 55 , 64.5 , 16.1 , 19.4 , 64.5 , 19.4 , 20 , 5 , 6 , 20 , 6 , 8 , 3 , 0 , 8 , 0 , .400 , .600 , .000 , .400 , .000 , .355 
188,김찬형,23S3B, 53 , 53 , 50.0 , 13.2 , 36.8 , 50.0 , 36.8 , 19 , 5 , 14 , 19 , 14 , 4 , 4 , 3 , 4 , 3 , .211 , .800 , .214 , .211 , .214 , .270 
,유로결,23한RF, 53 , 53 , 50.0 , 23.7 , 26.3 , 50.0 , 26.3 , 19 , 9 , 10 , 19 , 10 , 4 , 2 , 1 , 4 , 1 , .211 , .222 , .100 , .211 , .100 , .175 
190,홍성호,23두RF, 51 , 51 , 41.2 , 26.5 , 32.4 , 32.4 , 41.2 , 14 , 9 , 11 , 11 , 14 , 4 , 6 , 4 , 4 , 4 , .286 , .667 , .364 , .364 , .286 , .412 
,김민수,23롯3B, 51 , 51 , 53.9 , 15.4 , 30.8 , 53.9 , 30.8 , 14 , 4 , 8 , 14 , 8 , 6 , 2 , 1 , 6 , 1 , .429 , .500 , .125 , .429 , .125 , .346 
192,박수종,23키RF, 50 , 50 , 38.5 , 23.1 , 38.5 , 38.5 , 38.5 , 15 , 9 , 15 , 15 , 15 , 6 , 6 , 7 , 6 , 7 , .400 , .667 , .467 , .400 , .467 , .475 
193,이재원,23SC, 48 , 48 , 36.1 , 22.2 , 41.7 , 36.1 , 41.7 , 13 , 8 , 15 , 13 , 15 , 0 , 1 , 3 , 0 , 3 , .000 , .125 , .200 , .000 , .200 , .108 
194,정대선,23롯2B, 47 , 47 , 43.8 , 18.8 , 37.5 , 43.8 , 37.5 , 14 , 6 , 12 , 14 , 12 , 3 , 1 , 2 , 3 , 2 , .214 , .167 , .167 , .214 , .167 , .177 
195,손호영,23LSS, 45 , 45 , 56.3 , 12.5 , 31.3 , 56.3 , 31.3 , 18 , 4 , 10 , 18 , 10 , 3 , 2 , 4 , 3 , 4 , .167 , .500 , .400 , .167 , .400 , .258 
196,윤정빈,23삼1B, 43 , 43 , 27.3 , 18.2 , 54.6 , 54.6 , 27.3 , 6 , 4 , 12 , 12 , 6 , 1 , 2 , 2 , 2 , 1 , .167 , .500 , .167 , .167 , .167 , .191 
197,이명기,23한DH, 42 , 42 , 38.7 , 3.2 , 58.1 , 58.1 , 38.7 , 12 , 1 , 18 , 18 , 12 , 4 , 1 , 2 , 2 , 4 , .333 , 1.000 , .111 , .111 , .333 , .226 
198,최상민,23SCF, 41 , 41 , 29.6 , 25.9 , 44.4 , 44.4 , 29.6 , 8 , 7 , 12 , 12 , 8 , 2 , 2 , 4 , 4 , 2 , .250 , .286 , .333 , .333 , .250 , .286 
,최정용,23K2B, 41 , 41 , 33.3 , 37.0 , 29.6 , 22.2 , 40.7 , 9 , 10 , 8 , 6 , 11 , 1 , 3 , 2 , 1 , 2 , .111 , .300 , .250 , .167 , .182 , .222 
200,김기연,23LC, 40 , 40 , 66.7 , 29.2 , 4.2 , 66.7 , 4.2 , 16 , 7 , 1 , 16 , 1 , 3 , 1 , 0 , 3 , 0 , .188 , .143 , .000 , .188 , .000 , .167 
201,하주석,23한SS, 38 , 38 , 40.0 , 8.0 , 52.0 , 52.0 , 40.0 , 10 , 2 , 13 , 13 , 10 , 2 , 0 , 2 , 2 , 2 , .200 , .000 , .154 , .154 , .200 , .160 
202,김민혁,23두1B, 36 , 36 , 40.0 , 25.0 , 35.0 , 40.0 , 35.0 , 8 , 5 , 7 , 8 , 7 , 1 , 1 , 2 , 1 , 2 , .125 , .200 , .286 , .125 , .286 , .182 
,예진원,23키LF, 36 , 36 , 37.0 , 18.5 , 44.4 , 44.4 , 37.0 , 10 , 5 , 12 , 12 , 10 , 2 , 3 , 3 , 3 , 2 , .200 , .600 , .250 , .250 , .200 , .269 
,주효상,23KC, 36 , 36 , 36.4 , 18.2 , 45.5 , 45.5 , 36.4 , 8 , 4 , 10 , 10 , 8 , 1 , 0 , 1 , 1 , 1 , .125 , .000 , .100 , .100 , .125 , .091 
205,최항,23S1B, 35 , 35 , 31.3 , 18.8 , 50.0 , 50.0 , 31.3 , 5 , 3 , 8 , 8 , 5 , 2 , 3 , 3 , 3 , 2 , .400 , 1.000 , .375 , .375 , .400 , .438 
206,이병헌,23삼C, 33 , 33 , 52.9 , 29.4 , 17.7 , 52.9 , 17.7 , 9 , 5 , 3 , 9 , 3 , 1 , 2 , 1 , 1 , 1 , .111 , .400 , .333 , .111 , .333 , .222 
,공민규,23삼3B, 33 , 33 , 50.0 , 16.7 , 33.3 , 33.3 , 50.0 , 9 , 3 , 6 , 6 , 9 , 4 , 1 , 1 , 1 , 4 , .444 , .333 , .167 , .167 , .444 , .333 
,이정범,23SDH, 33 , 33 , 34.8 , 4.4 , 60.9 , 60.9 , 34.8 , 8 , 1 , 14 , 14 , 8 , 2 , 0 , 3 , 3 , 2 , .250 , .000 , .214 , .214 , .250 , .200 
209,이시원,23KRF, 32 , 32 , 47.8 , 21.7 , 30.4 , 30.4 , 47.8 , 11 , 5 , 7 , 7 , 11 , 2 , 2 , 0 , 0 , 2 , .182 , .400 , .000 , .000 , .182 , .174 
210,오선우,23K1B, 31 , 31 , 38.5 , 23.1 , 38.5 , 38.5 , 38.5 , 5 , 3 , 5 , 5 , 5 , 3 , 1 , 1 , 1 , 3 , .600 , .333 , .200 , .200 , .600 , .273 
211,김범석,23L1B, 29 , 29 , 59.1 , 18.2 , 22.7 , 59.1 , 22.7 , 13 , 4 , 5 , 13 , 5 , 2 , 0 , 1 , 2 , 1 , .154 , .000 , .200 , .154 , .200 , .091 
,조민성,23삼1B, 29 , 29 , 21.7 , 13.0 , 65.2 , 21.7 , 65.2 , 5 , 3 , 15 , 5 , 15 , 1 , 1 , 4 , 1 , 4 , .200 , .333 , .267 , .200 , .267 , .261 
213,강민성,23K3B, 27 , 27 , 33.3 , 16.7 , 50.0 , 33.3 , 50.0 , 4 , 2 , 6 , 4 , 6 , 2 , 0 , 2 , 2 , 2 , .500 , .000 , .333 , .500 , .333 , .333 
,박대온,23NC, 27 , 27 , 56.3 , 25.0 , 18.8 , 56.3 , 18.8 , 9 , 4 , 3 , 9 , 3 , 4 , 2 , 0 , 4 , 0 , .444 , .500 , .000 , .444 , .000 , .353 
,안승한,23두C, 27 , 27 , 28.6 , 35.7 , 35.7 , 28.6 , 35.7 , 4 , 5 , 5 , 4 , 5 , 2 , 2 , 1 , 2 , 1 , .500 , .400 , .200 , .500 , .200 , .357 
,신윤후,23롯LF, 27 , 27 , 52.9 , 17.7 , 29.4 , 52.9 , 29.4 , 9 , 3 , 5 , 9 , 5 , 0 , 0 , 1 , 0 , 1 , .000 , .000 , .200 , .000 , .200 , .059 
217,김석환,23K1B, 26 , 26 , 28.6 , 28.6 , 42.9 , 42.9 , 28.6 , 4 , 4 , 6 , 6 , 4 , 1 , 1 , 1 , 1 , 1 , .250 , .250 , .167 , .167 , .250 , .214 
218,송민섭,23KRF, 25 , 25 , 40.0 , 40.0 , 20.0 , 40.0 , 20.0 , 6 , 6 , 3 , 6 , 3 , 0 , 3 , 0 , 0 , 0 , .000 , .500 , .000 , .000 , .000 , .200 
219,류현인,23K3B, 24 , 24 , 15.8 , 21.1 , 63.2 , 63.2 , 15.8 , 3 , 4 , 12 , 12 , 3 , 0 , 1 , 2 , 2 , 0 , .000 , .250 , .167 , .167 , .000 , .158 
220,안익훈,23LRF, 23 , 23 , 55.0 , 10.0 , 35.0 , 35.0 , 55.0 , 11 , 2 , 7 , 7 , 11 , 6 , 0 , 1 , 1 , 6 , .546 , .000 , .143 , .143 , .546 , .350 
221,김재상,23삼, 22 , 22 , 25.0 , 25.0 , 50.0 , 50.0 , 25.0 , 4 , 4 , 8 , 8 , 4 , 0 , 0 , 3 , 3 , 0 , .000 , .000 , .375 , .375 , .000 , .133 
,송찬의,23L1B, 22 , 22 , 75.0 , 8.3 , 16.7 , 75.0 , 16.7 , 9 , 1 , 2 , 9 , 2 , 0 , 1 , 0 , 0 , 0 , .000 , 1.000 , .000 , .000 , .000 , .083 
,김태훈,23삼LF, 22 , 22 , 16.7 , 16.7 , 66.7 , 66.7 , 16.7 , 2 , 2 , 8 , 8 , 2 , 0 , 0 , 2 , 2 , 0 , .000 , .000 , .250 , .250 , .000 , .167 
224,최보성,23N3B, 21 , 21 , 52.9 , 17.7 , 29.4 , 52.9 , 29.4 , 9 , 3 , 5 , 9 , 5 , 3 , 1 , 1 , 3 , 1 , .333 , .333 , .200 , .333 , .200 , .294 
,박지훈,23두1B, 21 , 21 , 41.7 , 33.3 , 25.0 , 41.7 , 25.0 , 5 , 4 , 3 , 5 , 3 , 1 , 1 , 2 , 1 , 2 , .200 , .250 , .667 , .200 , .667 , .333 
,김병휘,23키2B, 21 , 21 , 38.5 , 15.4 , 46.2 , 38.5 , 46.2 , 5 , 2 , 6 , 5 , 6 , 2 , 0 , 1 , 2 , 1 , .400 , .000 , .167 , .400 , .167 , .231 
227,서동욱,23롯RF, 20 , 20 , 50.0 , 33.3 , 16.7 , 50.0 , 16.7 , 6 , 4 , 2 , 6 , 2 , 2 , 0 , 0 , 2 , 0 , .333 , .000 , .000 , .333 , .000 , .167 
,최경모,23S3B, 20 , 20 , 40.0 , 33.3 , 26.7 , 40.0 , 26.7 , 6 , 5 , 4 , 6 , 4 , 2 , 0 , 1 , 2 , 1 , .333 , .000 , .250 , .333 , .250 , .200 
229,신준우,23키SS, 19 , 19 , 30.8 , 15.4 , 53.9 , 30.8 , 53.9 , 4 , 2 , 7 , 4 , 7 , 1 , 1 , 0 , 1 , 0 , .250 , .500 , .000 , .250 , .000 , .154 
230,박한결,23NLF, 18 , 18 , 75.0 , 0.0 , 25.0 , 75.0 , 25.0 , 6 , 0 , 2 , 6 , 2 , 4 , 0 , 1 , 4 , 1 , .667 ,  , .500 , .667 , .500 , .571 
,배영빈,23롯SS, 18 , 18 , 28.6 , 35.7 , 35.7 , 28.6 , 35.7 , 4 , 5 , 5 , 4 , 5 , 2 , 1 , 2 , 2 , 2 , .500 , .200 , .400 , .500 , .400 , .357 
,전민재,23두3B, 18 , 18 , 57.1 , 7.1 , 35.7 , 57.1 , 35.7 , 8 , 1 , 5 , 8 , 5 , 2 , 1 , 1 , 2 , 1 , .250 , 1.000 , .200 , .250 , .200 , .286 
233,이병규,23키1B, 17 , 17 , 61.5 , 7.7 , 30.8 , 30.8 , 61.5 , 8 , 1 , 4 , 4 , 8 , 4 , 0 , 0 , 0 , 4 , .500 , .000 , .000 , .000 , .500 , .308 
,박영빈,23NDH, 17 , 17 , 37.5 , 0.0 , 62.5 , 62.5 , 37.5 , 3 , 0 , 5 , 5 , 3 , 0 , 0 , 1 , 1 , 0 , .000 ,  , .200 , .200 , .000 , .125 
,이흥련,23SC, 17 , 17 , 50.0 , 37.5 , 12.5 , 50.0 , 12.5 , 4 , 3 , 1 , 4 , 1 , 1 , 0 , 0 , 1 , 0 , .250 , .000 , .000 , .250 , .000 , .000 
236,박유연,23두C, 16 , 16 , 45.5 , 9.1 , 45.5 , 45.5 , 45.5 , 5 , 1 , 5 , 5 , 5 , 2 , 0 , 2 , 2 , 2 , .400 , .000 , .400 , .400 , .400 , .364 
,이성곤,23한DH, 16 , 16 , 63.6 , 18.2 , 18.2 , 18.2 , 63.6 , 7 , 2 , 2 , 2 , 7 , 0 , 1 , 1 , 1 , 0 , .000 , .500 , .500 , .500 , .000 , .182 
238,장두성,23롯CF, 15 , 15 , 30.0 , 20.0 , 50.0 , 50.0 , 30.0 , 3 , 2 , 5 , 5 , 3 , 0 , 1 , 1 , 1 , 0 , .000 , .500 , .200 , .200 , .000 , .200 
,신성현,23두1B, 15 , 15 , 87.5 , 12.5 , 0.0 , 87.5 , 0.0 , 7 , 1 , 0 , 7 , 0 , 1 , 0 , 0 , 1 , 0 , .143 , .000 ,  , .143 ,  , .125 
,강준서,23삼LF, 15 , 15 , 50.0 , 25.0 , 25.0 , 50.0 , 25.0 , 6 , 3 , 3 , 6 , 3 , 1 , 1 , 1 , 1 , 1 , .167 , .333 , .333 , .167 , .333 , .250 
,최승민,23LCF, 15 , 15 , 30.0 , 20.0 , 50.0 , 50.0 , 30.0 , 3 , 2 , 5 , 5 , 3 , 0 , 0 , 1 , 1 , 0 , .000 , .000 , .200 , .200 , .000 , .100 
,김수윤,23N3B, 15 , 15 , 50.0 , 30.0 , 20.0 , 50.0 , 20.0 , 5 , 3 , 2 , 5 , 2 , 2 , 1 , 0 , 2 , 0 , .400 , .333 , .000 , .400 , .000 , .300 
,박준태,23키RF, 15 , 15 , 14.3 , 28.6 , 57.1 , 57.1 , 14.3 , 1 , 2 , 4 , 4 , 1 , 0 , 2 , 0 , 0 , 0 , .000 , 1.000 , .000 , .000 , .000 , .286 
244,이태훈,23삼1B, 14 , 14 , 83.3 , 0.0 , 16.7 , 83.3 , 16.7 , 5 , 0 , 1 , 5 , 1 , 3 , 0 , 0 , 3 , 0 , .600 ,  , .000 , .600 , .000 , .500 
,박주찬,23N3B, 14 , 14 , 8.3 , 25.0 , 66.7 , 8.3 , 66.7 , 1 , 3 , 8 , 1 , 8 , 0 , 1 , 1 , 0 , 1 , .000 , .333 , .125 , .000 , .125 , .167 
246,김건희,23키1B, 13 , 13 , 28.6 , 28.6 , 42.9 , 28.6 , 42.9 , 2 , 2 , 3 , 2 , 3 , 1 , 0 , 1 , 1 , 1 , .500 , .000 , .333 , .500 , .333 , .286 
,김상민,23삼LF, 13 , 13 , 44.4 , 11.1 , 44.4 , 44.4 , 44.4 , 4 , 1 , 4 , 4 , 4 , 1 , 0 , 0 , 0 , 1 , .250 , .000 , .000 , .000 , .250 , .111 
248,홍종표,23K2B, 12 , 12 , 66.7 , 16.7 , 16.7 , 16.7 , 66.7 , 4 , 1 , 1 , 1 , 4 , 0 , 0 , 0 , 0 , 0 , .000 , .000 , .000 , .000 , .000 , .000 
,박정우,23KRF, 12 , 12 , 37.5 , 25.0 , 37.5 , 37.5 , 37.5 , 3 , 2 , 3 , 3 , 3 , 2 , 0 , 1 , 1 , 2 , .667 , .000 , .333 , .333 , .667 , .375 
,손민석,23K2B, 12 , 12 , 42.9 , 14.3 , 42.9 , 42.9 , 42.9 , 3 , 1 , 3 , 3 , 3 , 1 , 0 , 0 , 0 , 1 , .333 , .000 , .000 , .000 , .333 , .143 
,김건,23한DH, 12 , 12 , 25.0 , 75.0 , 0.0 , 25.0 , 0.0 , 1 , 3 , 0 , 1 , 0 , 0 , 2 , 0 , 0 , 0 , .000 , .667 ,  , .000 ,  , .500 
252,장운호,23한RF, 11 , 11 , 42.9 , 14.3 , 42.9 , 42.9 , 42.9 , 3 , 1 , 3 , 3 , 3 , 2 , 0 , 0 , 2 , 0 , .667 , .000 , .000 , .667 , .000 , .286 
253,국해성,23롯DH, 10 , 10 , 0.0 , 60.0 , 40.0 , 40.0 , 0.0 , 0 , 3 , 2 , 2 , 0 , 0 , 2 , 0 , 0 , 0 ,  , .667 , .000 , .000 ,  , .400 
,서예일,23두2B, 10 , 10 , 42.9 , 14.3 , 42.9 , 42.9 , 42.9 , 3 , 1 , 3 , 3 , 3 , 0 , 1 , 1 , 1 , 0 , .000 , 1.000 , .333 , .333 , .000 , .250 
,지시완,23롯C, 10 , 10 , 33.3 , 0.0 , 66.7 , 33.3 , 66.7 , 1 , 0 , 2 , 1 , 2 , 0 , 0 , 1 , 0 , 1 , .000 ,  , .500 , .000 , .500 , .333 
,김재현,23키C, 10 , 10 , 16.7 , 33.3 , 50.0 , 16.7 , 50.0 , 1 , 2 , 3 , 1 , 3 , 0 , 1 , 0 , 0 , 0 , .000 , .500 , .000 , .000 , .000 , .167 
257,김동혁,23롯RF, 9 , 9 , 25.0 , 0.0 , 75.0 , 75.0 , 25.0 , 1 , 0 , 3 , 3 , 1 , 0 , 0 , 0 , 0 , 0 , .000 ,  , .000 , .000 , .000 , .000 
,김병희,23K3B, 9 , 9 , 50.0 , 25.0 , 25.0 , 50.0 , 25.0 , 2 , 1 , 1 , 2 , 1 , 0 , 0 , 0 , 0 , 0 , .000 , .000 , .000 , .000 , .000 , .000 
259,오장한,23NRF, 8 , 8 , 0.0 , 0.0 , 100.0 , 100.0 , 0.0 , 0 , 0 , 2 , 2 , 0 , 0 , 0 , 1 , 1 , 0 ,  ,  , .500 , .500 ,  , .500 
,송준석,23삼RF, 8 , 8 , 37.5 , 37.5 , 25.0 , 25.0 , 37.5 , 3 , 3 , 2 , 2 , 3 , 1 , 1 , 0 , 0 , 1 , .333 , .333 , .000 , .000 , .333 , .250 
,김도환,23삼C, 8 , 8 , 57.1 , 28.6 , 14.3 , 57.1 , 14.3 , 4 , 2 , 1 , 4 , 1 , 1 , 0 , 0 , 1 , 0 , .250 , .000 , .000 , .250 , .000 , .143 
,유상빈,23한DH, 8 , 8 , 60.0 , 40.0 , 0.0 , 0.0 , 60.0 , 3 , 2 , 0 , 0 , 3 , 0 , 0 , 0 , 0 , 0 , .000 , .000 ,  ,  , .000 , .000 
263,김선우,23KC, 7 , 7 , 80.0 , 20.0 , 0.0 , 80.0 , 0.0 , 4 , 1 , 0 , 4 , 0 , 1 , 0 , 0 , 1 , 0 , .250 , .000 ,  , .250 ,  , .200 
,김주성,23LSS, 7 , 7 , 66.7 , 0.0 , 33.3 , 66.7 , 33.3 , 2 , 0 , 1 , 2 , 1 , 0 , 0 , 1 , 0 , 1 , .000 ,  , 1.000 , .000 , 1.000 , .333 
,허관회,23한C, 7 , 7 , 60.0 , 20.0 , 20.0 , 60.0 , 20.0 , 3 , 1 , 1 , 3 , 1 , 0 , 0 , 0 , 0 , 0 , .000 , .000 , .000 , .000 , .000 , .000 
266,박대온,23NC, 6 , 6 , 50.0 , 50.0 , 0.0 , 50.0 , 0.0 , 2 , 2 , 0 , 2 , 0 , 1 , 1 , 0 , 1 , 0 , .500 , .500 ,  , .500 ,  , .500 
267,조현진,23NSS, 5 , 5 , 25.0 , 0.0 , 75.0 , 75.0 , 25.0 , 1 , 0 , 3 , 3 , 1 , 1 , 0 , 0 , 0 , 1 , 1.000 ,  , .000 , .000 , 1.000 , .250 
,문상준,23K2B, 5 , 5 , 0.0 , 0.0 , 100.0 , 0.0 , 100.0 , 0 , 0 , 1 , 0 , 1 , 0 , 0 , 1 , 0 , 1 ,  ,  , 1.000 ,  , 1.000 , 1.000 
,이승원,23키SS, 5 , 5 , 33.3 , 0.0 , 66.7 , 33.3 , 66.7 , 1 , 0 , 2 , 1 , 2 , 0 , 0 , 0 , 0 , 0 , .000 ,  , .000 , .000 , .000 , .000 
270,이해승,23삼3B, 4 , 4 , 33.3 , 33.3 , 33.3 , 33.3 , 33.3 , 1 , 1 , 1 , 1 , 1 , 0 , 1 , 0 , 0 , 0 , .000 , 1.000 , .000 , .000 , .000 , .333 
,류효승,23SDH, 4 , 4 , 33.3 , 33.3 , 33.3 , 33.3 , 33.3 , 1 , 1 , 1 , 1 , 1 , 0 , 0 , 0 , 0 , 0 , .000 , .000 , .000 , .000 , .000 , .000 
,박민석,23KSS, 4 , 4 , 0.0 , 100.0 , 0.0 , 0.0 , 0.0 , 0 , 1 , 0 , 0 , 0 , 0 , 1 , 0 , 0 , 0 ,  , 1.000 ,  ,  ,  , 1.000 
,윤수녕,23롯RF, 4 , 4 , 0.0 , 100.0 , 0.0 , 0.0 , 0.0 , 0 , 3 , 0 , 0 , 0 , 0 , 1 , 0 , 0 , 0 ,  , .333 ,  ,  ,  , .333 
,고명준,23S1B, 4 , 4 , 100.0 , 0.0 , 0.0 , 100.0 , 0.0 , 1 , 0 , 0 , 1 , 0 , 0 , 0 , 0 , 0 , 0 , .000 ,  ,  , .000 ,  , .000 
,김헌곤,23삼, 4 , 4 , 33.3 , 0.0 , 66.7 , 33.3 , 66.7 , 1 , 0 , 2 , 1 , 2 , 0 , 0 , 0 , 0 , 0 , .000 ,  , .000 , .000 , .000 , .000 
276,이천웅,23L, 3 , 3 , 0.0 , 100.0 , 0.0 , 0.0 , 0.0 , 0 , 3 , 0 , 0 , 0 , 0 , 3 , 0 , 0 , 0 ,  , 1.000 ,  ,  ,  , 1.000 
,송재선,23키RF, 3 , 3 , 100.0 , 0.0 , 0.0 , 100.0 , 0.0 , 2 , 0 , 0 , 2 , 0 , 1 , 0 , 0 , 1 , 0 , .500 ,  ,  , .500 ,  , .500 
,송대현,23LSS, 3 , 3 , 100.0 , 0.0 , 0.0 , 100.0 , 0.0 , 1 , 0 , 0 , 1 , 0 , 0 , 0 , 0 , 0 , 0 , .000 ,  ,  , .000 ,  , .000 
,김건웅,23S1B, 3 , 3 , 100.0 , 0.0 , 0.0 , 100.0 , 0.0 , 1 , 0 , 0 , 1 , 0 , 0 , 0 , 0 , 0 , 0 , .000 ,  ,  , .000 ,  , .000 
,장지승,23한, 3 , 3 , 100.0 , 0.0 , 0.0 , 100.0 , 0.0 , 3 , 0 , 0 , 3 , 0 , 0 , 0 , 0 , 0 , 0 , .000 ,  ,  , .000 ,  , .000 
,오태양,23NCF, 3 , 3 ,  ,  ,  ,  ,  , 0 , 0 , 0 , 0 , 0 , 0 , 0 , 0 , 0 , 0 ,  ,  ,  ,  ,  ,  
282,김병준,23KCF, 2 , 2 ,  ,  ,  ,  ,  , 0 , 0 , 0 , 0 , 0 , 0 , 0 , 0 , 0 , 0 ,  ,  ,  ,  ,  ,  
,이민준,23한SS, 2 , 2 , 0.0 , 0.0 , 100.0 , 0.0 , 100.0 , 0 , 0 , 1 , 0 , 1 , 0 , 0 , 0 , 0 , 0 ,  ,  , .000 ,  , .000 , .000 
,이재용,23한C, 2 , 2 , 100.0 , 0.0 , 0.0 , 100.0 , 0.0 , 1 , 0 , 0 , 1 , 0 , 1 , 0 , 0 , 1 , 0 , 1.000 ,  ,  , 1.000 ,  , 1.000 
,김정민,23SRF, 2 , 2 , 0.0 , 100.0 , 0.0 , 0.0 , 0.0 , 0 , 1 , 0 , 0 , 0 , 0 , 1 , 0 , 0 , 0 ,  , 1.000 ,  ,  ,  , 1.000 
,권민석,23두SS, 2 , 2 , 100.0 , 0.0 , 0.0 , 100.0 , 0.0 , 1 , 0 , 0 , 1 , 0 , 0 , 0 , 0 , 0 , 0 , .000 ,  ,  , .000 ,  , .000 
,이상혁,23한CF, 2 , 2 , 0.0 , 0.0 , 100.0 , 100.0 , 0.0 , 0 , 0 , 1 , 1 , 0 , 0 , 0 , 0 , 0 , 0 ,  ,  , .000 , .000 ,  , .000 
288,박형준,23롯, 1 , 1 ,  ,  ,  ,  ,  , 0 , 0 , 0 , 0 , 0 , 0 , 0 , 0 , 0 , 0 ,  ,  ,  ,  ,  ,  
,문상인,23KC, 1 , 1 ,  ,  ,  ,  ,  , 0 , 0 , 0 , 0 , 0 , 0 , 0 , 0 , 0 , 0 ,  ,  ,  ,  ,  ,  
,김민수,23삼C, 1 , 1 ,  ,  ,  ,  ,  , 0 , 0 , 0 , 0 , 0 , 0 , 0 , 0 , 0 , 0 ,  ,  ,  ,  ,  ,  
,윤도현,23K3B, 1 , 1 ,  ,  ,  ,  ,  , 0 , 0 , 0 , 0 , 0 , 0 , 0 , 0 , 0 , 0 ,  ,  ,  ,  ,  ,  
,전사민,23NP, 1 , 1 , 100.0 , 0.0 , 0.0 , 100.0 , 0.0 , 1 , 0 , 0 , 1 , 0 , 0 , 0 , 0 , 0 , 0 , .000 ,  ,  , .000 ,  , .000 
,이상민,23삼P, 1 , 1 , 0.0 , 0.0 , 100.0 , 100.0 , 0.0 , 0 , 0 , 1 , 1 , 0 , 0 , 0 , 0 , 0 , 0 ,  ,  , .000 , .000 ,  , .000 
