순,이름,팀/포지션,정렬용,타석,득점권PA,득점권%,득점권타율,타점,순수타점,주자,타점%,RE24타격,RE24주루,RE24,REW,WPA타격,WPA주루,WPAplus,WPAminus,WPA,pLI,WPA/LI,Clutch,ph,phLI
1,홍창기,23LRF, 4.72 , 643 , 176 , 27.4 , .361 , 65 , 64 , 287 , 22.3 , 44.53 , -2.75 , 41.78 , 4.22 , 4.58 , 0.14 , 14.74 , -10.02 , 4.72 , 1.10 , 3.50 , 0.78 , 2 , 0.83 
2,노시환,23한3B, 4.25 , 595 , 161 , 27.1 , .299 , 101 , 70 , 319 , 21.9 , 31.43 , 3.08 , 34.51 , 3.49 , 3.45 , 0.80 , 13.59 , -9.34 , 4.25 , 1.05 , 4.21 , -0.17 , 0 ,  
3,최형우,23KDH, 4.06 , 508 , 152 , 29.9 , .317 , 81 , 64 , 313 , 20.5 , 30.92 , -0.21 , 30.71 , 3.10 , 4.11 , -0.05 , 12.15 , -8.09 , 4.06 , 1.07 , 2.67 , 1.12 , 3 , 2.78 
4,에레디아,23SLF, 3.78 , 523 , 163 , 31.2 , .338 , 76 , 64 , 341 , 18.8 , 18.53 , -0.76 , 17.78 , 1.80 , 3.69 , 0.10 , 12.87 , -9.09 , 3.78 , 1.12 , 2.17 , 1.21 , 0 ,  
5,구자욱,23삼RF, 3.58 , 515 , 145 , 28.2 , .403 , 71 , 60 , 305 , 19.7 , 33.16 , -0.01 , 33.15 , 3.35 , 3.60 , -0.02 , 11.82 , -8.25 , 3.58 , 1.10 , 2.79 , 0.47 , 3 , 1.33 
6,오스틴,23L1B, 2.92 , 583 , 197 , 33.8 , .299 , 95 , 72 , 384 , 18.8 , 22.03 , 0.80 , 22.84 , 2.31 , 2.79 , 0.13 , 13.05 , -10.13 , 2.92 , 1.05 , 3.36 , -0.59 , 2 , 1.81 
7,최정,23S3B, 2.80 , 552 , 146 , 26.5 , .264 , 87 , 58 , 293 , 19.8 , 27.12 , 1.50 , 28.63 , 2.89 , 2.56 , 0.24 , 12.57 , -9.77 , 2.80 , 1.11 , 3.78 , -1.26 , 0 ,  
8,박병호,23K1B, 2.79 , 493 , 167 , 33.9 , .340 , 87 , 69 , 318 , 21.7 , 21.72 , 1.74 , 23.46 , 2.37 , 2.59 , 0.20 , 10.83 , -8.04 , 2.79 , 1.02 , 2.44 , 0.30 , 20 , 1.43 
9,손아섭,23NDH, 2.67 , 609 , 137 , 22.5 , .339 , 65 , 60 , 295 , 20.3 , 27.43 , 2.31 , 29.74 , 3.00 , 2.47 , 0.20 , 11.81 , -9.13 , 2.67 , 0.96 , 2.61 , 0.18 , 4 , 1.51 
10,전준우,23롯DH, 2.65 , 559 , 152 , 27.2 , .292 , 77 , 60 , 336 , 17.9 , 19.28 , 2.44 , 21.72 , 2.19 , 2.23 , 0.42 , 12.41 , -9.75 , 2.65 , 1.11 , 3.14 , -0.74 , 10 , 2.36 
11,박건우,23NRF, 2.50 , 533 , 172 , 32.3 , .304 , 85 , 73 , 331 , 22.1 , 27.86 , -1.95 , 25.91 , 2.62 , 2.70 , -0.20 , 11.19 , -8.69 , 2.50 , 1.01 , 2.25 , 0.21 , 3 , 2.12 
12,김혜성,23키2B, 2.50 , 621 , 143 , 23.0 , .314 , 57 , 50 , 324 , 15.4 , 18.98 , 3.77 , 22.74 , 2.30 , 2.10 , 0.40 , 13.13 , -10.64 , 2.50 , 1.13 , 2.76 , -0.54 , 0 ,  
13,노진혁,23롯SS, 2.31 , 390 , 116 , 29.7 , .272 , 51 , 47 , 223 , 21.1 , 8.40 , 1.16 , 9.55 , 0.97 , 2.11 , 0.19 , 8.62 , -6.30 , 2.31 , 1.02 , 0.98 , 1.29 , 12 , 1.50 
14,나성범,23KRF, 2.26 , 253 , 84 , 33.2 , .349 , 57 , 39 , 137 , 28.5 , 34.76 , 0.62 , 35.38 , 3.57 , 2.17 , 0.09 , 5.44 , -3.18 , 2.26 , 0.92 , 3.51 , -1.04 , 1 , 0.90 
15,채은성,23한1B, 2.17 , 596 , 160 , 26.9 , .311 , 84 , 61 , 353 , 17.3 , 15.31 , 1.43 , 16.74 , 1.69 , 2.04 , 0.14 , 12.40 , -10.23 , 2.17 , 1.07 , 1.83 , 0.20 , 1 , 0.01 
16,안치홍,23롯2B, 1.97 , 494 , 141 , 28.5 , .355 , 63 , 55 , 275 , 20.0 , 12.41 , 0.28 , 12.69 , 1.28 , 2.12 , -0.15 , 10.45 , -8.48 , 1.97 , 1.09 , 1.06 , 0.74 , 7 , 1.29 
17,오지환,23LSS, 1.95 , 502 , 152 , 30.3 , .298 , 62 , 54 , 286 , 18.9 , 7.87 , -1.02 , 6.85 , 0.69 , 2.03 , -0.08 , 10.69 , -8.74 , 1.95 , 1.11 , 0.81 , 0.94 , 5 , 0.76 
18,소크라테스,23KCF, 1.92 , 608 , 179 , 29.4 , .303 , 96 , 76 , 391 , 19.4 , 19.68 , 2.10 , 21.78 , 2.20 , 1.74 , 0.18 , 12.47 , -10.54 , 1.92 , 1.06 , 2.14 , -0.33 , 0 ,  
19,황재균,23K3B, 1.89 , 457 , 125 , 27.4 , .314 , 49 , 43 , 255 , 16.9 , 6.82 , -1.15 , 5.67 , 0.57 , 1.98 , -0.08 , 9.20 , -7.30 , 1.89 , 1.06 , 0.45 , 1.34 , 5 , 1.39 
20,문보경,23L3B, 1.70 , 542 , 179 , 33.0 , .283 , 72 , 62 , 343 , 18.1 , 18.18 , -1.20 , 16.97 , 1.71 , 2.04 , -0.34 , 11.66 , -9.96 , 1.70 , 1.10 , 2.05 , -0.51 , 4 , 1.06 
21,양석환,23두1B, 1.64 , 581 , 168 , 28.9 , .255 , 89 , 68 , 356 , 19.1 , 0.77 , 1.30 , 2.07 , 0.21 , 1.51 , 0.14 , 11.33 , -9.68 , 1.64 , 1.02 , 0.55 , 1.06 , 0 ,  
22,김현수,23LDH, 1.61 , 556 , 196 , 35.3 , .348 , 88 , 82 , 351 , 23.4 , 11.57 , 1.78 , 13.35 , 1.35 , 1.44 , 0.17 , 10.97 , -9.37 , 1.61 , 1.11 , 1.32 , 0.13 , 5 , 1.29 
23,최주환,23S2B, 1.60 , 478 , 143 , 29.9 , .212 , 63 , 43 , 285 , 15.1 , -2.43 , 2.02 , -0.41 , -0.04 , 1.41 , 0.19 , 10.12 , -8.52 , 1.60 , 1.10 , 0.58 , 0.88 , 23 , 1.24 
24,이진영,23한RF, 1.58 , 422 , 99 , 23.5 , .240 , 50 , 40 , 206 , 19.4 , 7.32 , 0.67 , 7.99 , 0.81 , 1.53 , 0.04 , 8.46 , -6.89 , 1.58 , 1.07 , 0.62 , 0.85 , 15 , 1.62 
25,이우성,23KRF, 1.56 , 400 , 126 , 31.5 , .320 , 58 , 50 , 232 , 21.6 , 7.87 , 1.64 , 9.51 , 0.96 , 1.40 , 0.16 , 8.28 , -6.72 , 1.56 , 1.04 , 0.71 , 0.79 , 18 , 0.93 
26,박성한,23SSS, 1.53 , 529 , 162 , 30.6 , .254 , 47 , 38 , 282 , 13.5 , 4.18 , 2.16 , 6.34 , 0.64 , 1.27 , 0.26 , 10.06 , -8.52 , 1.53 , 1.07 , 0.18 , 1.25 , 1 , 0.69 
27,박민우,23N2B, 1.52 , 509 , 134 , 26.3 , .309 , 46 , 44 , 280 , 15.7 , 8.02 , 3.63 , 11.65 , 1.18 , 1.01 , 0.51 , 9.73 , -8.21 , 1.52 , 1.03 , 1.64 , -0.17 , 6 , 1.48 
28,러셀,23키SS, 1.45 , 239 , 76 , 31.8 , .415 , 42 , 38 , 162 , 23.5 , 9.49 , 0.73 , 10.22 , 1.03 , 1.39 , 0.05 , 5.81 , -4.36 , 1.45 , 1.16 , 0.38 , 0.87 , 2 , 0.77 
29,김재환,23두DH, 1.41 , 484 , 122 , 25.2 , .264 , 46 , 36 , 253 , 14.2 , -1.98 , 1.87 , -0.11 , -0.01 , 1.28 , 0.13 , 9.06 , -7.65 , 1.41 , 1.00 , -0.46 , 1.88 , 20 , 1.49 
30,이주형,23L키CF, 1.39 , 243 , 68 , 28.0 , .339 , 36 , 30 , 153 , 19.6 , 16.04 , 0.11 , 16.15 , 1.63 , 1.40 , -0.01 , 5.14 , -3.75 , 1.39 , 1.04 , 1.34 , 0.00 , 8 , 0.19 
31,강민호,23삼C, 1.34 , 495 , 165 , 33.3 , .302 , 77 , 61 , 332 , 18.4 , 7.08 , 1.07 , 8.16 , 0.82 , 1.25 , 0.09 , 10.52 , -9.18 , 1.34 , 1.14 , 1.31 , -0.14 , 6 , 2.72 
32,정수빈,23두CF, 1.33 , 583 , 126 , 21.6 , .253 , 33 , 31 , 221 , 14.0 , 3.91 , 5.16 , 9.07 , 0.92 , 0.95 , 0.38 , 10.52 , -9.19 , 1.33 , 1.01 , 1.39 , -0.07 , 2 , 1.89 
33,오재일,23삼1B, 1.27 , 364 , 112 , 30.8 , .214 , 54 , 43 , 222 , 19.4 , -2.78 , -0.00 , -2.78 , -0.28 , 1.25 , 0.02 , 7.87 , -6.60 , 1.27 , 1.09 , -0.46 , 1.63 , 20 , 2.06 
34,권희동,23NLF, 1.25 , 373 , 133 , 35.7 , .327 , 63 , 56 , 232 , 24.1 , 12.77 , 1.06 , 13.84 , 1.40 , 1.15 , 0.10 , 7.36 , -6.11 , 1.25 , 1.04 , 1.23 , -0.03 , 6 , 1.25 
35,박찬호,23KSS, 1.25 , 507 , 132 , 26.0 , .355 , 52 , 49 , 263 , 18.6 , -2.79 , 2.96 , 0.17 , 0.02 , 1.00 , 0.26 , 9.40 , -8.14 , 1.25 , 0.99 , 0.74 , 0.53 , 0 ,  
36,김선빈,23K2B, 1.24 , 472 , 145 , 30.7 , .336 , 48 , 48 , 278 , 17.3 , 5.91 , 1.38 , 7.29 , 0.74 , 1.13 , 0.11 , 9.14 , -7.89 , 1.24 , 1.06 , 0.66 , 0.51 , 8 , 2.89 
37,도슨,23키CF, 1.23 , 261 , 71 , 27.2 , .279 , 29 , 26 , 175 , 14.9 , 6.62 , 0.34 , 6.96 , 0.70 , 1.13 , 0.10 , 5.78 , -4.55 , 1.23 , 1.15 , 1.09 , -0.02 , 0 ,  
38,로하스,23두LF, 1.21 , 464 , 132 , 28.5 , .255 , 65 , 46 , 267 , 17.2 , 9.02 , 1.21 , 10.23 , 1.03 , 1.08 , 0.13 , 8.68 , -7.48 , 1.21 , 0.99 , 1.17 , 0.05 , 5 , 1.24 
39,배정대,23KCF, 1.15 , 361 , 96 , 26.6 , .293 , 38 , 36 , 192 , 18.8 , -3.62 , 3.65 , 0.03 , 0.00 , 0.66 , 0.49 , 7.07 , -5.92 , 1.15 , 1.07 , 0.18 , 0.90 , 3 , 2.24 
40,한유섬,23SRF, 1.14 , 388 , 113 , 29.1 , .333 , 55 , 48 , 227 , 21.2 , 4.50 , 0.68 , 5.17 , 0.52 , 1.08 , 0.06 , 8.28 , -7.14 , 1.14 , 1.17 , 0.92 , 0.05 , 17 , 1.58 
41,박동원,23LC, 1.09 , 481 , 154 , 32.0 , .212 , 75 , 55 , 269 , 20.5 , 4.82 , 0.44 , 5.26 , 0.53 , 1.06 , 0.03 , 9.48 , -8.38 , 1.09 , 1.10 , 1.00 , -0.01 , 9 , 1.52 
42,이정후,23키CF, 1.04 , 387 , 110 , 28.4 , .303 , 45 , 39 , 195 , 20.0 , 19.25 , 0.50 , 19.76 , 2.00 , 1.02 , 0.02 , 7.28 , -6.24 , 1.04 , 1.10 , 1.40 , -0.46 , 1 , 0.18 
43,마틴,23NCF, 1.00 , 503 , 176 , 35.0 , .317 , 90 , 73 , 336 , 21.7 , 15.69 , 1.25 , 16.95 , 1.71 , 0.89 , 0.11 , 10.00 , -8.99 , 1.00 , 1.06 , 1.23 , -0.28 , 0 ,  
44,신민재,23L2B, 0.95 , 331 , 100 , 30.2 , .329 , 28 , 28 , 188 , 14.9 , -5.20 , 0.15 , -5.05 , -0.51 , 0.71 , 0.24 , 7.18 , -6.23 , 0.95 , 1.15 , -0.03 , 0.85 , 3 , 0.92 
45,임지열,23키1B, 0.93 , 246 , 80 , 32.5 , .273 , 35 , 30 , 153 , 19.6 , 0.51 , 1.21 , 1.72 , 0.17 , 0.76 , 0.16 , 5.35 , -4.41 , 0.93 , 1.11 , -0.34 , 1.17 , 17 , 0.83 
46,김민혁,23KRF, 0.91 , 448 , 124 , 27.7 , .284 , 41 , 38 , 228 , 16.7 , 2.58 , 1.71 , 4.30 , 0.43 , 0.76 , 0.14 , 7.99 , -7.09 , 0.91 , 1.03 , 0.85 , 0.03 , 11 , 2.10 
47,추신수,23SDH, 0.89 , 462 , 94 , 20.4 , .247 , 40 , 28 , 189 , 14.8 , 5.65 , 1.17 , 6.83 , 0.69 , 0.74 , 0.15 , 8.58 , -7.68 , 0.89 , 1.03 , 1.02 , -0.15 , 12 , 1.21 
48,문상철,23KDH, 0.86 , 330 , 112 , 33.9 , .219 , 46 , 37 , 230 , 16.1 , -13.30 , 1.61 , -11.69 , -1.18 , 0.55 , 0.31 , 6.63 , -5.77 , 0.86 , 1.03 , -0.20 , 1.04 , 37 , 1.16 
49,김성윤,23삼RF, 0.82 , 272 , 66 , 24.3 , .298 , 28 , 26 , 149 , 17.5 , 0.02 , 2.68 , 2.69 , 0.27 , 0.36 , 0.46 , 5.37 , -4.54 , 0.82 , 1.14 , 0.37 , 0.35 , 11 , 1.31 
50,이호연,23K2B, 0.78 , 234 , 60 , 25.6 , .222 , 17 , 14 , 139 , 10.1 , -2.78 , 0.88 , -1.90 , -0.19 , 0.59 , 0.19 , 4.60 , -3.82 , 0.78 , 0.98 , -0.16 , 0.96 , 18 , 1.42 
51,박준영,23두3B, 0.76 , 138 , 34 , 24.6 , .310 , 17 , 13 , 71 , 18.3 , 0.08 , 0.27 , 0.34 , 0.03 , 0.74 , 0.01 , 2.79 , -2.04 , 0.76 , 0.94 , -0.20 , 1.00 , 9 , 1.02 
52,유강남,23롯C, 0.65 , 403 , 120 , 29.8 , .276 , 55 , 45 , 238 , 18.9 , -10.10 , 0.43 , -9.67 , -0.98 , 0.64 , 0.02 , 7.72 , -7.06 , 0.65 , 1.04 , -0.28 , 0.90 , 11 , 1.28 
53,강승호,23두2B, 0.63 , 458 , 138 , 30.1 , .275 , 59 , 52 , 296 , 17.6 , 1.48 , 1.77 , 3.25 , 0.33 , 0.37 , 0.27 , 9.05 , -8.41 , 0.63 , 1.09 , 0.00 , 0.58 , 13 , 0.96 
54,알포드,23KLF, 0.61 , 547 , 157 , 28.7 , .298 , 70 , 55 , 339 , 16.2 , 11.19 , 4.18 , 15.37 , 1.55 , 0.39 , 0.22 , 10.44 , -9.82 , 0.61 , 1.02 , 1.43 , -0.83 , 3 , 1.14 
55,박경수,23K2B, 0.60 , 221 , 46 , 20.8 , .139 , 12 , 11 , 111 , 9.9 , -9.56 , 0.71 , -8.85 , -0.89 , 0.54 , 0.06 , 4.03 , -3.43 , 0.60 , 0.98 , -0.74 , 1.35 , 17 , 1.30 
56,문성주,23LLF, 0.59 , 534 , 156 , 29.2 , .297 , 57 , 55 , 296 , 18.6 , 12.50 , -2.33 , 10.18 , 1.03 , 0.87 , -0.27 , 9.71 , -9.11 , 0.59 , 1.05 , 0.87 , -0.31 , 9 , 1.07 
,렉스,23롯RF, 0.59 , 234 , 76 , 32.5 , .307 , 30 , 26 , 146 , 17.8 , -1.52 , 0.12 , -1.40 , -0.14 , 0.59 , 0.00 , 5.04 , -4.45 , 0.59 , 1.19 , -0.40 , 0.90 , 1 , 2.63 
58,양의지,23두C, 0.59 , 509 , 139 , 27.3 , .315 , 68 , 51 , 277 , 18.4 , 10.08 , 1.32 , 11.40 , 1.15 , 0.48 , 0.11 , 9.52 , -8.94 , 0.59 , 1.05 , 1.15 , -0.59 , 4 , 1.58 
59,이재현,23삼SS, 0.57 , 538 , 155 , 28.8 , .240 , 60 , 48 , 283 , 17.0 , -9.45 , -1.05 , -10.50 , -1.06 , 0.61 , -0.04 , 9.64 , -9.08 , 0.57 , 1.05 , 0.15 , 0.39 , 3 , 0.75 
,김재호,23두SS, 0.57 , 302 , 81 , 26.8 , .303 , 29 , 26 , 160 , 16.3 , -3.87 , 0.40 , -3.47 , -0.35 , 0.55 , 0.01 , 5.94 , -5.38 , 0.57 , 1.11 , 0.20 , 0.31 , 9 , 1.34 
61,최원준,23K1B, 0.53 , 274 , 74 , 27.0 , .316 , 23 , 22 , 129 , 17.1 , 0.63 , 0.10 , 0.74 , 0.07 , 0.49 , 0.04 , 4.73 , -4.20 , 0.53 , 0.88 , 0.19 , 0.41 , 4 , 0.13 
62,하재훈,23SLF, 0.51 , 229 , 65 , 28.4 , .327 , 35 , 28 , 136 , 20.6 , 9.85 , 1.26 , 11.11 , 1.12 , 0.38 , 0.13 , 4.56 , -4.06 , 0.51 , 1.17 , 0.46 , -0.02 , 18 , 1.76 
63,정훈,23롯1B, 0.48 , 233 , 68 , 29.2 , .305 , 31 , 25 , 142 , 17.6 , 2.26 , 2.46 , 4.72 , 0.48 , 0.07 , 0.41 , 4.87 , -4.39 , 0.48 , 1.11 , 0.55 , -0.12 , 21 , 1.76 
64,고종욱,23KLF, 0.48 , 286 , 87 , 30.4 , .346 , 39 , 36 , 202 , 17.8 , 2.28 , 0.66 , 2.94 , 0.30 , 0.39 , 0.09 , 6.00 , -5.53 , 0.48 , 1.17 , 0.10 , 0.31 , 48 , 1.79 
65,정보근,23롯C, 0.47 , 101 , 33 , 32.7 , .280 , 13 , 12 , 54 , 22.2 , 7.21 , 0.03 , 7.24 , 0.73 , 0.47 , 0.01 , 1.84 , -1.36 , 0.47 , 0.88 , 0.64 , -0.10 , 6 , 1.23 
66,박승욱,23롯2B, 0.45 , 338 , 89 , 26.3 , .349 , 30 , 30 , 163 , 18.4 , 7.27 , 2.49 , 9.75 , 0.99 , 0.04 , 0.41 , 5.96 , -5.51 , 0.45 , 1.05 , 0.26 , 0.18 , 9 , 1.07 
67,김도영,23K3B, 0.35 , 385 , 112 , 29.1 , .312 , 47 , 40 , 207 , 19.3 , 6.70 , 1.51 , 8.20 , 0.83 , 0.15 , 0.20 , 6.85 , -6.49 , 0.35 , 0.96 , 1.20 , -0.83 , 0 ,  
68,최인호,23한LF, 0.33 , 148 , 31 , 21.0 , .240 , 11 , 9 , 68 , 13.2 , 1.88 , 1.36 , 3.24 , 0.33 , 0.12 , 0.22 , 2.82 , -2.49 , 0.33 , 1.05 , 0.48 , -0.17 , 4 , 1.21 
69,김찬형,23S3B, 0.32 , 53 , 14 , 26.4 , .417 , 5 , 4 , 31 , 12.9 , -0.21 , 0.69 , 0.48 , 0.05 , 0.25 , 0.07 , 1.00 , -0.68 , 0.32 , 1.00 , -0.05 , 0.37 , 1 , 3.50 
70,김현준,23삼CF, 0.31 , 479 , 124 , 25.9 , .291 , 46 , 43 , 248 , 17.3 , -6.87 , 0.08 , -6.79 , -0.69 , 0.24 , 0.08 , 8.48 , -8.16 , 0.31 , 1.07 , -0.51 , 0.80 , 4 , 1.25 
71,박한결,23NLF, 0.31 , 18 , 9 , 50.0 , .333 , 5 , 4 , 14 , 28.6 , 3.06 , 0.00 , 3.06 , 0.31 , 0.31 , 0.00 , 0.58 , -0.27 , 0.31 , 1.08 , 0.06 , 0.23 , 9 , 0.93 
72,황대인,23K1B, 0.31 , 199 , 70 , 35.2 , .259 , 26 , 21 , 137 , 15.3 , -8.76 , 1.04 , -7.72 , -0.78 , 0.17 , 0.13 , 3.88 , -3.58 , 0.31 , 1.06 , -0.70 , 0.99 , 5 , 1.93 
73,김지찬,23삼2B, 0.30 , 355 , 91 , 25.6 , .274 , 18 , 17 , 166 , 10.2 , -1.23 , 3.08 , 1.85 , 0.19 , 0.04 , 0.26 , 5.99 , -5.69 , 0.30 , 1.05 , 0.90 , -0.61 , 11 , 1.74 
74,최재훈,23한C, 0.28 , 417 , 105 , 25.2 , .247 , 33 , 32 , 207 , 15.5 , -2.23 , 0.19 , -2.04 , -0.21 , 0.26 , 0.03 , 7.04 , -6.76 , 0.28 , 1.03 , -0.06 , 0.33 , 12 , 1.08 
75,이천웅,23L, 0.23 , 3 , 1 , 33.3 , 1.000 , 1 , 1 , 3 , 33.3 , 0.94 , 0.00 , 0.94 , 0.10 , 0.23 , 0.00 , 0.23 , 0.00 , 0.23 , 2.13 , 0.12 , -0.01 , 2 , 3.18 
76,박수종,23키RF, 0.20 , 50 , 13 , 26.0 , .222 , 3 , 3 , 23 , 13.0 , 2.51 , 0.42 , 2.94 , 0.30 , 0.17 , 0.03 , 0.82 , -0.62 , 0.20 , 0.79 , 0.47 , -0.21 , 0 ,  
77,박정우,23KRF, 0.20 , 12 , 5 , 41.7 , .333 , 0 , 0 , 6 , 0.0 , -1.85 , 0.95 , -0.89 , -0.09 , -0.12 , 0.32 , 0.33 , -0.13 , 0.20 , 1.55 , -0.01 , 0.14 , 6 , 1.21 
78,전의산,23S1B, 0.19 , 153 , 49 , 32.0 , .225 , 21 , 17 , 103 , 16.5 , -5.63 , -0.22 , -5.85 , -0.59 , 0.20 , -0.01 , 3.30 , -3.11 , 0.19 , 1.18 , -0.27 , 0.43 , 17 , 1.55 
79,장성우,23KC, 0.19 , 464 , 144 , 31.0 , .267 , 65 , 54 , 289 , 18.7 , -1.20 , 1.06 , -0.13 , -0.01 , 0.09 , 0.10 , 8.32 , -8.14 , 0.19 , 1.05 , 0.86 , -0.69 , 15 , 1.24 
80,최정원,23N2B, 0.18 , 56 , 9 , 16.1 , .375 , 5 , 5 , 24 , 20.8 , -0.20 , 0.36 , 0.16 , 0.02 , 0.21 , -0.03 , 0.95 , -0.77 , 0.18 , 0.80 , -0.01 , 0.24 , 8 , 1.02 
81,김형준,23NC, 0.17 , 82 , 18 , 22.0 , .294 , 13 , 7 , 39 , 18.0 , -0.98 , 0.19 , -0.78 , -0.08 , 0.11 , 0.06 , 1.36 , -1.18 , 0.17 , 0.79 , 0.23 , -0.01 , 4 , 0.87 
82,서호철,23N3B, 0.15 , 435 , 118 , 27.1 , .294 , 41 , 36 , 267 , 13.5 , -8.15 , -0.45 , -8.61 , -0.87 , 0.05 , 0.10 , 7.78 , -7.62 , 0.15 , 1.01 , 0.01 , 0.14 , 4 , 2.23 
83,이정훈,23롯DH, 0.14 , 171 , 39 , 22.8 , .188 , 17 , 16 , 85 , 18.8 , 1.13 , -0.35 , 0.78 , 0.08 , 0.15 , -0.00 , 2.79 , -2.65 , 0.14 , 0.97 , 0.01 , 0.14 , 23 , 1.49 
84,윤정빈,23삼1B, 0.13 , 43 , 8 , 18.6 , .000 , 3 , 2 , 17 , 11.8 , -1.79 , 0.25 , -1.54 , -0.16 , 0.12 , 0.01 , 0.63 , -0.50 , 0.13 , 0.73 , 0.05 , 0.13 , 3 , 0.79 
85,허도환,23LC, 0.12 , 81 , 20 , 24.7 , .333 , 10 , 8 , 33 , 24.2 , -4.14 , 0.24 , -3.91 , -0.39 , 0.10 , 0.02 , 1.17 , -1.05 , 0.12 , 0.85 , -0.31 , 0.45 , 4 , 0.57 
86,이재원,23LLF, 0.09 , 129 , 43 , 33.3 , .242 , 18 , 14 , 73 , 19.2 , -5.32 , 0.34 , -4.98 , -0.50 , 0.04 , 0.05 , 1.91 , -1.82 , 0.09 , 0.81 , -0.06 , 0.17 , 18 , 0.76 
87,홍종표,23K2B, 0.08 , 12 , 1 , 8.3 ,  , 0 , 0 , 3 , 0.0 , -0.74 , 0.47 , -0.27 , -0.03 , 0.02 , 0.06 , 0.14 , -0.06 , 0.08 , 0.87 , 0.04 , 0.06 , 3 , 0.58 
88,구드럼,23롯3B, 0.06 , 201 , 80 , 39.8 , .288 , 28 , 28 , 144 , 19.4 , 0.40 , 0.10 , 0.49 , 0.05 , 0.05 , 0.01 , 3.60 , -3.54 , 0.06 , 1.06 , 0.26 , -0.20 , 4 , 1.61 
89,최항,23S1B, 0.06 , 35 , 13 , 37.1 , .333 , 6 , 5 , 23 , 21.7 , 0.74 , 0.00 , 0.74 , 0.07 , 0.06 , 0.00 , 0.68 , -0.63 , 0.06 , 0.97 , 0.09 , -0.03 , 11 , 1.21 
90,박대온,23NC, 0.04 , 6 , 1 , 16.7 ,  , 1 , 1 , 3 , 33.3 , 1.04 , 0.00 , 1.04 , 0.11 , 0.04 , 0.00 , 0.08 , -0.04 , 0.04 , 0.63 , 0.07 , -0.00 , 2 , 0.67 
91,손성빈,23롯C, 0.04 , 80 , 28 , 35.0 , .500 , 15 , 14 , 65 , 21.5 , -1.57 , 0.33 , -1.24 , -0.12 , 0.02 , 0.03 , 1.15 , -1.11 , 0.04 , 0.83 , -0.14 , 0.18 , 1 , 0.02 
92,이상혁,23한CF, 0.04 , 2 , 0 , 0.0 ,  , 0 , 0 , 1 , 0.0 , -0.43 , -0.09 , -0.52 , -0.05 , 0.00 , 0.04 , 0.04 , -0.00 , 0.04 , 0.77 , -0.01 , 0.06 , 0 ,  
93,박지훈,23두1B, 0.03 , 21 , 6 , 28.6 , .333 , 2 , 2 , 15 , 13.3 , -2.19 , 1.42 , -0.76 , -0.08 , -0.31 , 0.34 , 0.44 , -0.41 , 0.03 , 0.96 , -0.01 , 0.04 , 3 , 1.44 
94,이민준,23한SS, 0.03 , 2 , 1 , 50.0 ,  , 0 , 0 , 0 ,  , 0.02 , 0.00 , 0.02 , 0.00 , 0.03 , 0.00 , 0.03 , 0.00 , 0.03 , 0.26 , 0.06 , 0.06 , 0 ,  
95,피렐라,23삼LF, 0.03 , 605 , 175 , 28.9 , .255 , 80 , 64 , 391 , 16.4 , 1.72 , 1.22 , 2.94 , 0.30 , -0.09 , 0.12 , 11.41 , -11.38 , 0.03 , 1.07 , 0.92 , -0.89 , 0 ,  
96,배영빈,23롯SS, 0.03 , 18 , 6 , 33.3 , .400 , 0 , 0 , 9 , 0.0 , -0.50 , 0.15 , -0.34 , -0.03 , 0.00 , 0.03 , 0.34 , -0.32 , 0.03 , 1.19 , -0.02 , 0.05 , 0 ,  
97,김태연,23한RF, 0.03 , 280 , 74 , 26.4 , .242 , 26 , 22 , 144 , 15.3 , -2.46 , 2.71 , 0.24 , 0.02 , -0.25 , 0.28 , 4.90 , -4.87 , 0.03 , 1.05 , -0.01 , 0.03 , 15 , 1.86 
98,최승민,23LCF, 0.01 , 15 , 6 , 40.0 , .200 , 1 , 1 , 13 , 7.7 , -2.01 , -0.48 , -2.49 , -0.25 , -0.07 , 0.08 , 0.26 , -0.25 , 0.01 , 0.65 , -0.10 , 0.12 , 0 ,  
99,윌리엄스,23한LF, 0.00 , 273 , 79 , 28.9 , .301 , 45 , 36 , 174 , 20.7 , -3.00 , 0.31 , -2.69 , -0.27 , -0.06 , 0.06 , 5.27 , -5.26 , 0.00 , 1.01 , 0.32 , -0.31 , 4 , 1.43 
100,김주성,23LSS, 0.00 , 7 , 4 , 57.1 , .000 , 0 , 0 , 7 , 0.0 , -1.48 , -0.47 , -1.94 , -0.20 , 0.00 , 0.00 , 0.00 , -0.00 , 0.00 , 0.03 , 0.00 , 0.03 , 2 , 0.07 
101,이재용,23한C, 0.00 , 2 , 0 , 0.0 ,  , 0 , 0 , 0 ,  , 0.28 , 0.00 , 0.28 , 0.03 , 0.00 , 0.00 , 0.00 , 0.00 , 0.00 , 0.00 , 0.00 ,  , 0 ,  
,박형준,23롯, 0.00 , 1 , 0 , 0.0 ,  , 0 , 0 , 0 ,  , -0.18 , 0.00 , -0.18 , -0.02 , 0.00 , 0.00 , 0.00 , 0.00 , 0.00 , 0.00 , 0.00 ,  , 1 , 0.00 
,송대현,23LSS, 0.00 , 3 , 0 , 0.0 ,  , 0 , 0 , 1 , 0.0 , -0.55 , 0.00 , -0.55 , -0.06 , 0.00 , 0.00 , 0.00 , 0.00 , 0.00 , 0.00 , 0.00 ,  , 1 , 0.00 
104,권민석,23두SS, -0.00 , 2 , 1 , 50.0 , .000 , 0 , 0 , 2 , 0.0 , -0.96 , 0.00 , -0.96 , -0.10 , -0.00 , 0.00 , 0.00 , -0.00 , -0.00 , 0.01 , -0.03 , -0.08 , 0 ,  
105,김정민,23SRF, -0.00 , 2 , 1 , 50.0 , .000 , 0 , 0 , 2 , 0.0 , -0.20 , 0.00 , -0.20 , -0.02 , -0.00 , 0.00 , 0.00 , -0.00 , -0.00 , 0.04 , -0.03 , -0.02 , 0 ,  
106,이상민,23삼P, -0.00 , 1 , 1 , 100.0 , .000 , 0 , 0 , 2 , 0.0 , -0.47 , 0.00 , -0.47 , -0.05 , -0.00 , 0.00 , 0.00 , -0.00 , -0.00 , 0.11 , -0.03 , -0.00 , 0 ,  
107,전준호,23LC, -0.00 , 1 , 1 , 100.0 , .000 , 1 , 1 , 1 , 100.0 , 0.13 , 0.00 , 0.13 , 0.01 , -0.00 , 0.00 , 0.00 , -0.00 , -0.00 , 0.19 , -0.03 , 0.00 , 0 ,  
108,김수윤,23N3B, -0.01 , 15 , 5 , 33.3 , .400 , 2 , 2 , 12 , 16.7 , -1.07 , 0.00 , -1.07 , -0.11 , -0.01 , 0.00 , 0.21 , -0.21 , -0.01 , 0.74 , -0.04 , 0.03 , 6 , 0.08 
109,최보성,23N3B, -0.01 , 21 , 5 , 23.8 , .200 , 0 , 0 , 10 , 0.0 , -2.65 , 0.00 , -2.65 , -0.27 , -0.01 , 0.00 , 0.15 , -0.15 , -0.01 , 0.48 , -0.10 , 0.09 , 3 , 0.00 
110,윤도현,23K3B, -0.01 , 1 , 0 , 0.0 ,  , 0 , 0 , 0 ,  , -0.26 , 0.00 , -0.26 , -0.03 , -0.01 , 0.00 , 0.00 , -0.01 , -0.01 , 0.23 , -0.03 , -0.00 , 0 ,  
,송재선,23키RF, -0.01 , 3 , 0 , 0.0 ,  , 0 , 0 , 0 ,  , 0.16 , 0.00 , 0.16 , 0.02 , -0.01 , 0.00 , 0.00 , -0.01 , -0.01 , 0.08 , -0.05 , -0.02 , 0 ,  
112,장지승,23한, -0.02 , 3 , 2 , 66.7 , .000 , 0 , 0 , 5 , 0.0 , -1.25 , 0.00 , -1.25 , -0.13 , -0.02 , 0.00 , 0.00 , -0.02 , -0.02 , 0.20 , -0.06 , -0.03 , 3 , 0.20 
,공민규,23삼3B, -0.02 , 33 , 10 , 30.3 , .125 , 2 , 2 , 19 , 10.5 , -2.34 , 0.04 , -2.29 , -0.23 , -0.02 , 0.00 , 0.64 , -0.66 , -0.02 , 1.20 , -0.21 , 0.20 , 5 , 0.76 
114,이해승,23삼3B, -0.02 , 4 , 0 , 0.0 ,  , 0 , 0 , 1 , 0.0 , -0.12 , 0.00 , -0.12 , -0.01 , -0.02 , 0.00 , 0.04 , -0.06 , -0.02 , 0.70 , -0.02 , -0.01 , 0 ,  
115,김건웅,23S1B, -0.02 , 3 , 0 , 0.0 ,  , 0 , 0 , 0 ,  , -0.41 , 0.00 , -0.41 , -0.04 , -0.02 , 0.00 , 0.00 , -0.02 , -0.02 , 0.30 , -0.08 , 0.00 , 0 ,  
116,박민석,23KSS, -0.03 , 4 , 1 , 25.0 , .000 , 0 , 0 , 3 , 0.0 , -0.77 , 0.00 , -0.77 , -0.08 , -0.03 , 0.00 , 0.00 , -0.03 , -0.03 , 0.27 , -0.05 , -0.05 , 0 ,  
117,김헌곤,23삼, -0.04 , 4 , 1 , 25.0 , .000 , 0 , 0 , 2 , 0.0 , -1.15 , 0.00 , -1.15 , -0.12 , -0.04 , 0.00 , 0.00 , -0.04 , -0.04 , 0.32 , -0.12 , 0.01 , 3 , 0.41 
118,이성곤,23한DH, -0.04 , 16 , 6 , 37.5 , .000 , 0 , 0 , 9 , 0.0 , -2.31 , 0.00 , -2.31 , -0.23 , -0.04 , 0.00 , 0.25 , -0.29 , -0.04 , 1.05 , -0.18 , 0.15 , 2 , 0.61 
119,문상준,23K2B, -0.04 , 5 , 2 , 40.0 , .000 , 0 , 0 , 6 , 0.0 , -1.70 , 0.00 , -1.70 , -0.17 , -0.04 , 0.00 , 0.00 , -0.04 , -0.04 , 0.32 , -0.06 , -0.07 , 0 ,  
120,송민섭,23KRF, -0.04 , 25 , 8 , 32.0 , .000 , 0 , 0 , 21 , 0.0 , -5.11 , 0.21 , -4.91 , -0.50 , -0.02 , -0.02 , 0.12 , -0.16 , -0.04 , 0.45 , -0.22 , 0.12 , 1 , 0.33 
121,전사민,23NP, -0.05 , 1 , 0 , 0.0 ,  , 0 , 0 , 0 ,  , -0.18 , 0.00 , -0.18 , -0.02 , -0.05 , 0.00 , 0.00 , -0.05 , -0.05 , 1.80 , -0.03 , -0.00 , 0 ,  
122,김민수,23삼C, -0.05 , 1 , 1 , 100.0 , .000 , 0 , 0 , 2 , 0.0 , -0.47 , 0.00 , -0.47 , -0.05 , -0.05 , 0.00 , 0.00 , -0.05 , -0.05 , 1.89 , -0.03 , 0.00 , 0 ,  
123,고명준,23S1B, -0.05 , 4 , 1 , 25.0 , .000 , 0 , 0 , 4 , 0.0 , -1.26 , 0.00 , -1.26 , -0.13 , -0.05 , 0.00 , 0.00 , -0.05 , -0.05 , 0.49 , -0.10 , -0.00 , 0 ,  
124,윤수녕,23롯RF, -0.05 , 4 , 1 , 25.0 , 1.000 , 1 , 1 , 2 , 50.0 , 0.11 , 0.00 , 0.11 , 0.01 , -0.05 , 0.00 , 0.00 , -0.05 , -0.05 , 0.52 , -0.07 , -0.03 , 0 ,  
125,김수환,23키1B, -0.06 , 114 , 40 , 35.1 , .233 , 15 , 13 , 69 , 18.8 , -3.30 , 0.15 , -3.16 , -0.32 , -0.06 , 0.00 , 1.92 , -1.99 , -0.06 , 0.98 , -0.40 , 0.34 , 10 , 1.67 
126,오장한,23NRF, -0.06 , 8 , 3 , 37.5 , .000 , 0 , 0 , 4 , 0.0 , -1.22 , 0.00 , -1.22 , -0.12 , -0.06 , 0.00 , 0.02 , -0.08 , -0.06 , 0.48 , -0.12 , -0.01 , 1 , 0.02 
127,김병희,23K3B, -0.07 , 9 , 0 , 0.0 ,  , 0 , 0 , 5 , 0.0 , -1.32 , 0.00 , -1.32 , -0.13 , -0.07 , 0.00 , 0.00 , -0.07 , -0.07 , 0.28 , -0.17 , -0.08 , 2 , 0.26 
128,김도환,23삼C, -0.07 , 8 , 1 , 12.5 , .000 , 0 , 0 , 4 , 0.0 , -1.07 , 0.00 , -1.07 , -0.11 , -0.07 , 0.00 , 0.06 , -0.13 , -0.07 , 0.82 , -0.04 , -0.05 , 1 , 0.00 
129,이태훈,23삼1B, -0.07 , 14 , 3 , 21.4 , .000 , 0 , 0 , 6 , 0.0 , -0.73 , 0.00 , -0.73 , -0.07 , -0.07 , 0.00 , 0.13 , -0.20 , -0.07 , 0.88 , 0.01 , -0.09 , 4 , 1.09 
,서예일,23두2B, -0.07 , 10 , 2 , 20.0 , .000 , 1 , 1 , 4 , 25.0 , -1.30 , 0.00 , -1.30 , -0.13 , -0.07 , 0.00 , 0.00 , -0.07 , -0.07 , 0.66 , -0.13 , 0.03 , 1 , 4.19 
131,박유연,23두C, -0.07 , 16 , 2 , 12.5 , .000 , 1 , 1 , 8 , 12.5 , -0.82 , 0.00 , -0.82 , -0.08 , -0.07 , 0.00 , 0.18 , -0.25 , -0.07 , 0.94 , 0.06 , -0.13 , 1 , 0.65 
132,김기연,23LC, -0.08 , 40 , 7 , 17.5 , .167 , 2 , 2 , 19 , 10.5 , -2.75 , 0.15 , -2.60 , -0.26 , -0.09 , 0.01 , 0.31 , -0.39 , -0.08 , 0.62 , -0.13 , 0.00 , 3 , 0.03 
133,김범석,23L1B, -0.08 , 29 , 9 , 31.0 , .125 , 4 , 3 , 14 , 21.4 , -3.08 , 0.26 , -2.83 , -0.29 , -0.08 , 0.00 , 0.19 , -0.27 , -0.08 , 0.49 , -0.32 , 0.17 , 4 , 1.08 
134,김병준,23KCF, -0.08 , 2 , 1 , 50.0 , .000 , 0 , 0 , 2 , 0.0 , -0.95 , 0.04 , -0.91 , -0.09 , -0.09 , 0.01 , 0.01 , -0.09 , -0.08 , 1.65 , -0.07 , 0.02 , 0 ,  
135,김동혁,23롯RF, -0.08 , 9 , 0 , 0.0 ,  , 0 , 0 , 1 , 0.0 , -1.05 , 0.22 , -0.82 , -0.08 , -0.10 , 0.01 , 0.01 , -0.10 , -0.08 , 0.54 , -0.18 , 0.02 , 3 , 0.00 
,이승원,23키SS, -0.08 , 5 , 2 , 40.0 , .000 , 0 , 0 , 2 , 0.0 , -1.38 , 0.00 , -1.38 , -0.14 , -0.08 , 0.00 , 0.00 , -0.08 , -0.08 , 0.63 , -0.13 , 0.00 , 2 , 0.13 
137,오선우,23K1B, -0.09 , 31 , 5 , 16.1 , .500 , 5 , 3 , 13 , 23.1 , 0.02 , 0.00 , 0.02 , 0.00 , -0.09 , 0.00 , 0.38 , -0.47 , -0.09 , 0.75 , -0.19 , 0.07 , 5 , 0.54 
138,허관회,23한C, -0.09 , 7 , 1 , 14.3 , .000 , 0 , 0 , 4 , 0.0 , -1.99 , 0.00 , -1.99 , -0.20 , -0.09 , 0.00 , 0.00 , -0.09 , -0.09 , 0.54 , -0.12 , -0.05 , 3 , 0.60 
139,홍성호,23두RF, -0.09 , 51 , 14 , 27.5 , .231 , 5 , 5 , 33 , 15.2 , -2.09 , -0.31 , -2.40 , -0.24 , -0.05 , -0.04 , 0.83 , -0.92 , -0.09 , 0.95 , -0.06 , -0.03 , 7 , 1.30 
140,오태양,23NCF, -0.09 , 3 , 1 , 33.3 , .000 , 0 , 0 , 4 , 0.0 , -1.26 , -0.33 , -1.60 , -0.16 , -0.08 , -0.02 , 0.10 , -0.19 , -0.09 , 1.25 , -0.09 , 0.01 , 0 ,  
,최경모,23S3B, -0.09 , 20 , 6 , 30.0 , .167 , 1 , 1 , 17 , 5.9 , -4.50 , 0.38 , -4.12 , -0.42 , -0.13 , 0.03 , 0.19 , -0.28 , -0.09 , 0.97 , -0.32 , 0.22 , 1 , 0.80 
142,변우혁,23K1B, -0.10 , 226 , 63 , 27.9 , .263 , 24 , 17 , 139 , 12.2 , -7.48 , 3.09 , -4.39 , -0.44 , -0.32 , 0.23 , 3.88 , -3.98 , -0.10 , 0.95 , -0.35 , 0.25 , 16 , 0.94 
143,손호영,23LSS, -0.10 , 45 , 12 , 26.7 , .417 , 6 , 5 , 35 , 14.3 , -3.57 , -0.49 , -4.06 , -0.41 , -0.05 , -0.05 , 0.47 , -0.57 , -0.10 , 0.56 , -0.26 , 0.09 , 1 , 0.22 
144,박준태,23키RF, -0.10 , 15 , 7 , 46.7 , .167 , 1 , 1 , 12 , 8.3 , -2.36 , 0.00 , -2.36 , -0.24 , -0.10 , 0.00 , 0.15 , -0.26 , -0.10 , 0.80 , -0.11 , -0.02 , 0 ,  
145,유상빈,23한DH, -0.11 , 8 , 3 , 37.5 , .000 , 0 , 0 , 2 , 0.0 , -0.93 , 0.00 , -0.93 , -0.09 , -0.11 , 0.00 , 0.08 , -0.19 , -0.11 , 1.42 , -0.14 , 0.06 , 1 , 2.00 
146,송준석,23삼RF, -0.11 , 8 , 3 , 37.5 , .000 , 1 , 1 , 5 , 20.0 , -0.11 , 0.09 , -0.02 , -0.00 , -0.12 , 0.01 , 0.09 , -0.20 , -0.11 , 1.17 , 0.02 , -0.11 , 2 , 2.37 
147,김건,23한DH, -0.12 , 12 , 4 , 33.3 , .250 , 0 , 0 , 8 , 0.0 , -1.91 , 0.04 , -1.86 , -0.19 , -0.12 , 0.00 , 0.06 , -0.17 , -0.12 , 0.58 , -0.21 , 0.01 , 0 ,  
148,신윤후,23롯LF, -0.12 , 27 , 5 , 18.5 , .000 , 1 , 1 , 9 , 11.1 , -4.48 , 0.33 , -4.15 , -0.42 , -0.24 , 0.13 , 0.26 , -0.37 , -0.12 , 0.96 , -0.40 , 0.28 , 4 , 1.00 
149,류효승,23SDH, -0.12 , 4 , 1 , 25.0 ,  , 0 , 0 , 1 , 0.0 , -0.81 , 0.00 , -0.81 , -0.08 , -0.12 , 0.00 , 0.00 , -0.12 , -0.12 , 0.93 , -0.04 , -0.09 , 1 , 0.02 
150,서동욱,23롯RF, -0.12 , 20 , 5 , 25.0 , .000 , 0 , 0 , 12 , 0.0 , -2.64 , 0.15 , -2.50 , -0.25 , -0.12 , 0.00 , 0.25 , -0.37 , -0.12 , 0.91 , -0.19 , 0.05 , 7 , 0.37 
,김석환,23K1B, -0.12 , 26 , 8 , 30.8 , .000 , 3 , 3 , 18 , 16.7 , -4.02 , 0.00 , -4.02 , -0.41 , -0.12 , 0.00 , 0.19 , -0.32 , -0.12 , 0.68 , -0.23 , 0.05 , 4 , 0.30 
152,안익훈,23LRF, -0.13 , 23 , 6 , 26.1 , .333 , 2 , 2 , 8 , 25.0 , 0.43 , 0.00 , 0.43 , 0.04 , -0.13 , 0.00 , 0.16 , -0.29 , -0.13 , 0.65 , 0.06 , -0.25 , 0 ,  
153,박주찬,23N3B, -0.13 , 14 , 2 , 14.3 , .000 , 0 , 0 , 5 , 0.0 , -1.79 , 0.00 , -1.79 , -0.18 , -0.13 , 0.00 , 0.05 , -0.17 , -0.13 , 0.56 , -0.12 , -0.11 , 0 ,  
154,국해성,23롯DH, -0.13 , 10 , 2 , 20.0 , .000 , 1 , 1 , 5 , 20.0 , -0.12 , 0.00 , -0.12 , -0.01 , -0.13 , 0.00 , 0.05 , -0.18 , -0.13 , 0.80 , -0.07 , -0.09 , 5 , 0.28 
155,김상민,23삼LF, -0.13 , 13 , 4 , 30.8 , .000 , 0 , 0 , 9 , 0.0 , -2.87 , 0.00 , -2.87 , -0.29 , -0.13 , 0.00 , 0.01 , -0.14 , -0.13 , 0.47 , -0.20 , -0.08 , 2 , 0.25 
156,안승한,23두C, -0.13 , 27 , 7 , 25.9 , .333 , 1 , 1 , 9 , 11.1 , -1.68 , 0.10 , -1.58 , -0.16 , -0.15 , 0.01 , 0.25 , -0.39 , -0.13 , 0.79 , -0.27 , 0.11 , 3 , 0.23 
,이시원,23KRF, -0.13 , 32 , 9 , 28.1 , .111 , 1 , 1 , 20 , 5.0 , -5.89 , -0.06 , -5.95 , -0.60 , -0.15 , 0.02 , 0.14 , -0.27 , -0.13 , 0.57 , -0.32 , 0.09 , 1 , 0.00 
158,조수행,23두RF, -0.14 , 249 , 67 , 26.9 , .236 , 17 , 16 , 132 , 12.1 , -11.41 , 5.14 , -6.27 , -0.63 , -0.66 , 0.52 , 4.02 , -4.16 , -0.14 , 0.98 , -0.56 , 0.41 , 7 , 0.33 
159,손민석,23K2B, -0.14 , 12 , 1 , 8.3 ,  , 1 , 1 , 3 , 33.3 , -0.53 , 0.00 , -0.53 , -0.05 , -0.14 , 0.00 , 0.07 , -0.22 , -0.14 , 0.88 , -0.19 , 0.02 , 0 ,  
160,장두성,23롯CF, -0.14 , 15 , 5 , 33.3 , .200 , 1 , 1 , 10 , 10.0 , -2.64 , -0.21 , -2.85 , -0.29 , -0.08 , -0.06 , 0.04 , -0.19 , -0.14 , 0.56 , -0.20 , -0.06 , 1 , 0.91 
161,김건희,23키1B, -0.14 , 13 , 3 , 23.1 , .000 , 0 , 0 , 7 , 0.0 , -1.75 , 0.09 , -1.66 , -0.17 , -0.15 , 0.01 , 0.07 , -0.22 , -0.14 , 0.68 , -0.06 , -0.16 , 2 , 0.56 
162,강준서,23삼LF, -0.15 , 15 , 0 , 0.0 ,  , 0 , 0 , 5 , 0.0 , -1.32 , -0.25 , -1.57 , -0.16 , -0.14 , -0.01 , 0.09 , -0.24 , -0.15 , 0.78 , -0.10 , -0.09 , 0 ,  
163,장준원,23KSS, -0.16 , 104 , 32 , 30.8 , .208 , 10 , 9 , 64 , 14.1 , -7.77 , 0.67 , -7.09 , -0.72 , -0.20 , 0.04 , 1.30 , -1.47 , -0.16 , 0.82 , -0.56 , 0.36 , 3 , 0.01 
164,김인태,23두RF, -0.17 , 115 , 39 , 33.9 , .313 , 14 , 13 , 78 , 16.7 , -3.03 , 0.30 , -2.73 , -0.28 , -0.24 , 0.07 , 2.05 , -2.22 , -0.17 , 1.17 , -0.23 , 0.08 , 24 , 1.61 
165,박대온,23NC, -0.17 , 27 , 6 , 22.2 , .000 , 2 , 2 , 15 , 13.3 , -1.08 , 0.00 , -1.08 , -0.11 , -0.17 , 0.00 , 0.28 , -0.45 , -0.17 , 0.86 , -0.02 , -0.18 , 3 , 0.65 
166,지시완,23롯C, -0.19 , 10 , 4 , 40.0 , .000 , 0 , 0 , 4 , 0.0 , -2.58 , 0.00 , -2.58 , -0.26 , -0.19 , 0.00 , 0.00 , -0.19 , -0.19 , 0.93 , -0.20 , 0.00 , 4 , 0.27 
167,박영빈,23NDH, -0.19 , 17 , 4 , 23.5 , .000 , 0 , 0 , 8 , 0.0 , -3.03 , -0.11 , -3.14 , -0.32 , -0.21 , 0.02 , 0.34 , -0.53 , -0.19 , 1.18 , -0.16 , 0.00 , 2 , 0.00 
168,조현진,23NSS, -0.19 , 5 , 3 , 60.0 , .000 , 0 , 0 , 7 , 0.0 , -2.22 , 0.00 , -2.22 , -0.22 , -0.19 , 0.00 , 0.01 , -0.20 , -0.19 , 0.67 , -0.04 , -0.25 , 2 , 0.10 
169,장운호,23한RF, -0.20 , 11 , 5 , 45.5 , .250 , 1 , 1 , 9 , 11.1 , -0.62 , 0.22 , -0.40 , -0.04 , -0.21 , 0.02 , 0.16 , -0.36 , -0.20 , 1.49 , -0.03 , -0.10 , 0 ,  
170,신성현,23두1B, -0.20 , 15 , 7 , 46.7 , .200 , 1 , 1 , 9 , 11.1 , -1.75 , 0.24 , -1.51 , -0.15 , -0.20 , 0.00 , 0.17 , -0.37 , -0.20 , 1.18 , -0.08 , -0.09 , 6 , 1.96 
171,김선우,23KC, -0.20 , 7 , 3 , 42.9 , .000 , 0 , 0 , 4 , 0.0 , -1.44 , 0.00 , -1.44 , -0.15 , -0.20 , 0.00 , 0.03 , -0.23 , -0.20 , 1.66 , -0.13 , 0.01 , 0 ,  
172,송성문,23키3B, -0.21 , 438 , 142 , 32.4 , .288 , 60 , 55 , 273 , 20.2 , 0.70 , 0.33 , 1.03 , 0.10 , -0.22 , 0.02 , 7.80 , -8.00 , -0.21 , 1.11 , -0.04 , -0.14 , 6 , 1.05 
173,문현빈,23한CF, -0.21 , 481 , 119 , 24.7 , .252 , 49 , 44 , 251 , 17.5 , -8.74 , -0.13 , -8.87 , -0.90 , -0.14 , -0.06 , 8.03 , -8.23 , -0.21 , 1.01 , -0.17 , -0.04 , 15 , 1.90 
174,정주현,23L1B, -0.21 , 101 , 27 , 26.7 , .304 , 12 , 11 , 61 , 18.0 , 3.20 , -3.17 , 0.03 , 0.00 , 0.03 , -0.23 , 1.41 , -1.62 , -0.21 , 0.96 , 0.07 , -0.28 , 4 , 0.65 
175,이병규,23키1B, -0.21 , 17 , 3 , 17.7 , .667 , 2 , 2 , 11 , 18.2 , -1.42 , 0.00 , -1.42 , -0.14 , -0.21 , 0.00 , 0.14 , -0.35 , -0.21 , 1.32 , -0.23 , 0.07 , 3 , 0.81 
176,김상수,23KSS, -0.21 , 512 , 144 , 28.1 , .336 , 56 , 53 , 286 , 18.5 , 2.30 , -0.89 , 1.41 , 0.14 , -0.26 , 0.05 , 8.02 , -8.23 , -0.21 , 0.99 , 0.06 , -0.28 , 3 , 2.08 
177,이흥련,23SC, -0.22 , 17 , 3 , 17.7 , .000 , 2 , 1 , 7 , 14.3 , -1.38 , 0.00 , -1.38 , -0.14 , -0.22 , 0.00 , 0.14 , -0.35 , -0.22 , 0.98 , -0.19 , -0.03 , 1 , 0.07 
178,이상호,23K2B, -0.22 , 60 , 17 , 28.3 , .231 , 5 , 5 , 35 , 14.3 , -4.57 , 0.99 , -3.58 , -0.36 , -0.30 , 0.08 , 0.70 , -0.92 , -0.22 , 1.00 , -0.38 , 0.16 , 7 , 0.51 
179,이정범,23SDH, -0.22 , 33 , 15 , 45.5 , .091 , 4 , 4 , 27 , 14.8 , -5.32 , 0.00 , -5.32 , -0.54 , -0.22 , 0.00 , 0.39 , -0.61 , -0.22 , 1.20 , -0.24 , 0.06 , 4 , 2.82 
180,이용규,23키LF, -0.23 , 178 , 35 , 19.7 , .286 , 11 , 11 , 75 , 14.7 , -7.75 , 0.28 , -7.48 , -0.76 , -0.27 , 0.04 , 2.74 , -2.97 , -0.23 , 0.98 , -0.75 , 0.51 , 11 , 1.29 
181,신준우,23키SS, -0.23 , 19 , 5 , 26.3 , .000 , 0 , 0 , 13 , 0.0 , -4.29 , 0.00 , -4.29 , -0.43 , -0.23 , 0.00 , 0.03 , -0.26 , -0.23 , 0.59 , -0.29 , -0.10 , 2 , 0.67 
182,예진원,23키LF, -0.24 , 36 , 12 , 33.3 , .250 , 4 , 3 , 29 , 10.3 , -2.48 , 0.00 , -2.48 , -0.25 , -0.24 , 0.00 , 0.29 , -0.53 , -0.24 , 0.76 , -0.18 , -0.14 , 5 , 1.32 
183,송찬의,23L1B, -0.25 , 22 , 3 , 13.6 , .500 , 1 , 1 , 6 , 16.7 , -2.06 , 0.09 , -1.97 , -0.20 , -0.26 , 0.01 , 0.06 , -0.31 , -0.25 , 0.59 , -0.18 , -0.23 , 9 , 0.45 
184,김병휘,23키2B, -0.25 , 21 , 2 , 9.5 , .500 , 1 , 1 , 11 , 9.1 , -3.30 , 0.00 , -3.30 , -0.33 , -0.25 , 0.00 , 0.07 , -0.32 , -0.25 , 0.67 , -0.27 , -0.10 , 0 ,  
185,김준완,23키LF, -0.25 , 225 , 44 , 19.6 , .188 , 14 , 14 , 98 , 14.3 , -8.12 , 1.11 , -7.01 , -0.71 , -0.38 , 0.13 , 3.87 , -4.13 , -0.25 , 1.19 , -0.87 , 0.66 , 7 , 1.35 
186,박해민,23LCF, -0.26 , 558 , 161 , 28.9 , .308 , 59 , 53 , 310 , 17.1 , -5.89 , 1.87 , -4.02 , -0.41 , -0.34 , 0.08 , 9.90 , -10.17 , -0.26 , 1.05 , -0.33 , 0.09 , 2 , 1.39 
187,김재상,23삼, -0.26 , 22 , 3 , 13.6 , .000 , 2 , 1 , 12 , 8.3 , -1.33 , 0.00 , -1.33 , -0.13 , -0.26 , 0.00 , 0.07 , -0.32 , -0.26 , 0.64 , -0.17 , -0.23 , 10 , 0.57 
188,이학주,23롯SS, -0.26 , 122 , 40 , 32.8 , .235 , 13 , 10 , 81 , 12.4 , -4.48 , 1.02 , -3.46 , -0.35 , -0.42 , 0.16 , 1.69 , -1.96 , -0.26 , 0.87 , -0.35 , 0.05 , 1 , 0.00 
189,안주형,23삼2B, -0.26 , 91 , 30 , 33.0 , .292 , 10 , 9 , 56 , 16.1 , -2.40 , 0.60 , -1.80 , -0.18 , -0.37 , 0.11 , 1.44 , -1.71 , -0.26 , 1.16 , -0.17 , -0.06 , 17 , 1.76 
190,류승민,23삼RF, -0.26 , 57 , 17 , 29.8 , .357 , 5 , 5 , 32 , 15.6 , -3.64 , 0.00 , -3.64 , -0.37 , -0.26 , 0.00 , 0.74 , -1.00 , -0.26 , 0.97 , -0.29 , 0.02 , 3 , 0.11 
191,정대선,23롯2B, -0.27 , 47 , 19 , 40.4 , .231 , 6 , 6 , 30 , 20.0 , -1.55 , 0.00 , -1.55 , -0.16 , -0.27 , 0.00 , 0.49 , -0.76 , -0.27 , 0.92 , -0.28 , -0.01 , 4 , 1.20 
192,김주원,23NSS, -0.27 , 474 , 139 , 29.3 , .267 , 54 , 44 , 279 , 15.8 , -8.96 , 1.01 , -7.94 , -0.80 , -0.35 , 0.09 , 7.48 , -7.76 , -0.27 , 0.99 , -0.91 , 0.64 , 3 , 0.45 
193,이명기,23한DH, -0.28 , 42 , 11 , 26.2 , .200 , 5 , 5 , 25 , 20.0 , -3.38 , 0.09 , -3.29 , -0.33 , -0.29 , 0.01 , 0.40 , -0.68 , -0.28 , 0.97 , -0.17 , -0.11 , 1 , 1.57 
194,안권수,23롯LF, -0.29 , 309 , 91 , 29.5 , .375 , 29 , 27 , 162 , 16.7 , -5.12 , -1.83 , -6.96 , -0.70 , -0.34 , 0.06 , 4.95 , -5.24 , -0.29 , 1.00 , -0.38 , 0.09 , 2 , 1.60 
195,김민혁,23두1B, -0.29 , 36 , 12 , 33.3 , .125 , 3 , 3 , 24 , 12.5 , -4.52 , 0.00 , -4.52 , -0.46 , -0.29 , 0.00 , 0.28 , -0.57 , -0.29 , 0.81 , -0.30 , -0.06 , 13 , 0.60 
196,오선진,23한SS, -0.29 , 199 , 49 , 24.6 , .297 , 15 , 15 , 97 , 15.5 , -5.66 , 0.63 , -5.03 , -0.51 , -0.33 , 0.03 , 3.04 , -3.34 , -0.29 , 0.98 , -0.44 , 0.14 , 19 , 1.05 
,최정용,23K2B, -0.29 , 41 , 12 , 29.3 , .000 , 1 , 1 , 26 , 3.9 , -5.07 , 1.60 , -3.47 , -0.35 , -0.36 , 0.07 , 0.32 , -0.62 , -0.29 , 0.89 , -0.14 , -0.19 , 4 , 1.85 
198,도태훈,23N3B, -0.31 , 302 , 98 , 32.5 , .183 , 23 , 18 , 183 , 9.8 , -8.70 , 1.46 , -7.23 , -0.73 , -0.43 , 0.13 , 3.76 , -4.07 , -0.31 , 0.86 , -0.08 , -0.28 , 6 , 0.93 
199,이성규,23삼CF, -0.31 , 162 , 46 , 28.4 , .342 , 18 , 17 , 101 , 16.8 , -9.61 , 1.57 , -8.03 , -0.81 , -0.63 , 0.33 , 2.28 , -2.59 , -0.31 , 0.89 , -0.65 , 0.30 , 15 , 1.41 
200,강민성,23K3B, -0.31 , 27 , 4 , 14.8 , .333 , 0 , 0 , 11 , 0.0 , -1.61 , 0.00 , -1.61 , -0.16 , -0.31 , 0.00 , 0.08 , -0.38 , -0.31 , 0.70 , -0.15 , -0.29 , 1 , 1.81 
201,이창진,23KLF, -0.32 , 284 , 65 , 22.9 , .291 , 29 , 25 , 150 , 16.7 , 5.56 , 1.08 , 6.63 , 0.67 , -0.37 , 0.04 , 4.66 , -4.99 , -0.32 , 1.03 , 0.15 , -0.46 , 33 , 1.34 
202,김재현,23키C, -0.33 , 10 , 3 , 30.0 , .000 , 0 , 0 , 9 , 0.0 , -3.49 , 0.00 , -3.49 , -0.35 , -0.33 , 0.00 , 0.00 , -0.33 , -0.33 , 1.21 , -0.20 , -0.07 , 0 ,  
203,김재성,23삼C, -0.34 , 125 , 35 , 28.0 , .192 , 7 , 6 , 67 , 9.0 , -7.17 , 0.45 , -6.72 , -0.68 , -0.42 , 0.08 , 1.69 , -2.03 , -0.34 , 0.99 , -0.29 , -0.05 , 12 , 1.20 
204,신본기,23KSS, -0.34 , 75 , 15 , 20.0 , .000 , 7 , 6 , 34 , 17.7 , -2.89 , -0.38 , -3.27 , -0.33 , -0.32 , -0.02 , 0.88 , -1.22 , -0.34 , 0.87 , -0.13 , -0.26 , 1 , 1.26 
205,조민성,23삼1B, -0.34 , 29 , 9 , 31.0 , .333 , 5 , 5 , 21 , 23.8 , -2.53 , -0.25 , -2.78 , -0.28 , -0.34 , -0.00 , 0.32 , -0.66 , -0.34 , 1.01 , -0.37 , 0.02 , 3 , 1.27 
206,안상현,23S2B, -0.35 , 66 , 23 , 34.9 , .150 , 2 , 2 , 45 , 4.4 , -7.74 , 0.68 , -7.06 , -0.71 , -0.43 , 0.08 , 0.63 , -0.97 , -0.35 , 0.86 , -0.30 , -0.11 , 5 , 0.36 
207,정준영,23KCF, -0.36 , 55 , 18 , 32.7 , .214 , 6 , 6 , 36 , 16.7 , -3.76 , 1.13 , -2.63 , -0.27 , -0.45 , 0.09 , 0.80 , -1.16 , -0.36 , 1.14 , 0.01 , -0.32 , 3 , 1.78 
208,하주석,23한SS, -0.36 , 38 , 14 , 36.8 , .167 , 2 , 2 , 28 , 7.1 , -5.08 , 0.00 , -5.08 , -0.51 , -0.36 , 0.00 , 0.42 , -0.78 , -0.36 , 1.06 , -0.48 , 0.14 , 6 , 1.30 
209,오태곤,23S1B, -0.38 , 305 , 83 , 27.2 , .192 , 28 , 21 , 187 , 11.2 , -17.75 , 4.43 , -13.32 , -1.35 , -0.88 , 0.51 , 5.42 , -5.79 , -0.38 , 1.09 , -0.01 , -0.33 , 11 , 1.03 
210,윤형준,23N1B, -0.39 , 236 , 60 , 25.4 , .280 , 27 , 22 , 140 , 15.7 , -7.83 , -0.56 , -8.39 , -0.85 , -0.41 , 0.01 , 3.63 , -4.03 , -0.39 , 0.97 , -0.66 , 0.25 , 17 , 0.63 
211,이병헌,23삼C, -0.41 , 33 , 10 , 30.3 , .111 , 2 , 2 , 16 , 12.5 , -4.92 , 0.00 , -4.92 , -0.50 , -0.41 , 0.00 , 0.15 , -0.56 , -0.41 , 0.79 , -0.31 , -0.22 , 3 , 0.31 
,류현인,23K3B, -0.41 , 24 , 8 , 33.3 , .250 , 3 , 3 , 22 , 13.6 , -2.75 , 0.73 , -2.02 , -0.20 , -0.41 , 0.00 , 0.09 , -0.50 , -0.41 , 0.89 , -0.35 , -0.11 , 1 , 1.15 
213,송승환,23두LF, -0.41 , 76 , 21 , 27.6 , .167 , 4 , 4 , 47 , 8.5 , -5.98 , -0.30 , -6.28 , -0.63 , -0.43 , 0.01 , 0.91 , -1.32 , -0.41 , 0.95 , -0.36 , -0.08 , 7 , 0.65 
214,김태훈,23삼LF, -0.42 , 22 , 8 , 36.4 , .250 , 1 , 1 , 19 , 5.3 , -4.89 , -0.34 , -5.23 , -0.53 , -0.37 , -0.05 , 0.15 , -0.57 , -0.42 , 1.08 , -0.42 , 0.03 , 4 , 0.82 
215,김준태,23KC, -0.43 , 136 , 42 , 30.9 , .400 , 23 , 20 , 80 , 25.0 , 5.61 , 1.03 , 6.64 , 0.67 , -0.46 , 0.03 , 1.74 , -2.17 , -0.43 , 0.90 , -0.18 , -0.30 , 39 , 1.06 
216,한준수,23KC, -0.43 , 94 , 29 , 30.9 , .250 , 12 , 10 , 61 , 16.4 , -4.84 , 0.33 , -4.51 , -0.46 , -0.44 , 0.00 , 1.25 , -1.68 , -0.43 , 0.93 , -0.14 , -0.33 , 6 , 1.29 
217,전민재,23두3B, -0.44 , 18 , 5 , 27.8 , .200 , 1 , 1 , 10 , 10.0 , -3.42 , -1.16 , -4.59 , -0.46 , -0.30 , -0.14 , 0.04 , -0.47 , -0.44 , 0.79 , -0.33 , -0.22 , 0 ,  
218,주효상,23KC, -0.46 , 36 , 10 , 27.8 , .111 , 1 , 1 , 19 , 5.3 , -7.60 , 0.00 , -7.60 , -0.77 , -0.46 , 0.00 , 0.24 , -0.69 , -0.46 , 0.98 , -0.57 , 0.11 , 2 , 0.11 
219,최상민,23SCF, -0.46 , 41 , 14 , 34.2 , .182 , 3 , 3 , 27 , 11.1 , -2.83 , -0.42 , -3.24 , -0.33 , -0.47 , 0.00 , 0.30 , -0.77 , -0.46 , 1.02 , -0.19 , -0.26 , 3 , 0.49 
220,최준우,23S2B, -0.47 , 69 , 18 , 26.1 , .294 , 6 , 6 , 43 , 14.0 , -0.92 , -0.36 , -1.28 , -0.13 , -0.43 , -0.04 , 0.89 , -1.36 , -0.47 , 1.06 , -0.15 , -0.29 , 14 , 1.92 
221,김동엽,23삼DH, -0.48 , 182 , 49 , 26.9 , .186 , 18 , 13 , 112 , 11.6 , -7.31 , 0.08 , -7.23 , -0.73 , -0.47 , -0.01 , 3.23 , -3.70 , -0.48 , 1.09 , -0.03 , -0.41 , 30 , 1.50 
222,김민수,23롯3B, -0.48 , 51 , 15 , 29.4 , .182 , 2 , 2 , 25 , 8.0 , -4.20 , 0.33 , -3.87 , -0.39 , -0.48 , 0.00 , 0.47 , -0.95 , -0.48 , 0.88 , -0.27 , -0.28 , 6 , 1.53 
223,이원석,23삼키1B, -0.48 , 345 , 109 , 31.6 , .286 , 30 , 28 , 227 , 12.3 , -13.46 , -0.25 , -13.71 , -1.39 , -0.45 , -0.03 , 6.06 , -6.54 , -0.48 , 1.19 , -1.28 , 0.88 , 7 , 1.46 
224,조형우,23SC, -0.49 , 133 , 28 , 21.1 , .208 , 12 , 10 , 69 , 14.5 , -9.54 , 0.15 , -9.39 , -0.95 , -0.49 , 0.01 , 1.77 , -2.26 , -0.49 , 0.91 , -0.77 , 0.24 , 9 , 0.83 
225,김영웅,23삼3B, -0.49 , 103 , 26 , 25.2 , .227 , 12 , 10 , 52 , 19.2 , -5.02 , 0.32 , -4.70 , -0.48 , -0.51 , 0.02 , 1.33 , -1.82 , -0.49 , 0.91 , -0.57 , 0.04 , 5 , 0.82 
226,김성욱,23NLF, -0.52 , 204 , 56 , 27.5 , .102 , 16 , 10 , 128 , 7.8 , -13.68 , -0.35 , -14.03 , -1.42 , -0.49 , -0.03 , 2.85 , -3.37 , -0.52 , 0.85 , -0.48 , -0.13 , 15 , 1.49 
227,강진성,23두S1B, -0.52 , 145 , 46 , 31.7 , .275 , 17 , 14 , 90 , 15.6 , -3.95 , 0.69 , -3.26 , -0.33 , -0.76 , 0.23 , 2.07 , -2.59 , -0.52 , 0.96 , -0.35 , -0.19 , 21 , 0.91 
228,강백호,23KDH, -0.53 , 271 , 73 , 26.9 , .345 , 39 , 31 , 149 , 20.8 , 3.38 , 0.88 , 4.26 , 0.43 , -0.58 , 0.05 , 4.18 , -4.70 , -0.53 , 0.98 , 0.58 , -1.12 , 12 , 1.79 
229,고승민,23롯1B, -0.53 , 307 , 81 , 26.4 , .237 , 24 , 22 , 142 , 15.5 , -6.66 , 1.27 , -5.39 , -0.54 , -0.67 , 0.13 , 4.99 , -5.52 , -0.53 , 1.07 , -0.44 , -0.06 , 15 , 0.94 
230,김한별,23NSS, -0.55 , 105 , 20 , 19.1 , .250 , 4 , 4 , 48 , 8.3 , -9.35 , -0.66 , -10.01 , -1.01 , -0.50 , -0.04 , 0.61 , -1.15 , -0.55 , 0.55 , -0.75 , -0.25 , 5 , 0.07 
231,주성원,23키RF, -0.55 , 72 , 15 , 20.8 , .071 , 2 , 2 , 37 , 5.4 , -7.88 , -0.25 , -8.13 , -0.82 , -0.53 , -0.02 , 0.71 , -1.26 , -0.55 , 1.03 , -0.63 , 0.10 , 4 , 1.67 
232,홍현빈,23KCF, -0.55 , 86 , 17 , 19.8 , .067 , 1 , 1 , 46 , 2.2 , -6.02 , 0.74 , -5.28 , -0.53 , -0.61 , 0.05 , 0.88 , -1.43 , -0.55 , 0.82 , -0.17 , -0.50 , 1 , 0.02 
,박주홍,23키1B, -0.55 , 57 , 15 , 26.3 , .091 , 2 , 2 , 30 , 6.7 , -7.89 , 0.19 , -7.69 , -0.78 , -0.57 , 0.02 , 0.32 , -0.87 , -0.55 , 0.78 , -0.57 , -0.14 , 8 , 0.50 
234,이유찬,23두2B, -0.58 , 239 , 65 , 27.2 , .170 , 16 , 15 , 120 , 12.5 , -11.02 , 2.06 , -8.95 , -0.90 , -1.24 , 0.67 , 3.63 , -4.21 , -0.58 , 1.05 , -0.74 , 0.19 , 4 , 2.77 
235,임병욱,23키RF, -0.59 , 223 , 65 , 29.2 , .344 , 36 , 30 , 158 , 19.0 , -3.18 , 0.46 , -2.72 , -0.27 , -0.52 , -0.07 , 3.31 , -3.91 , -0.59 , 0.97 , -0.12 , -0.50 , 12 , 1.41 
236,김태근,23두RF, -0.60 , 55 , 17 , 30.9 , .118 , 3 , 3 , 30 , 10.0 , -7.99 , 0.66 , -7.33 , -0.74 , -0.63 , 0.03 , 0.41 , -1.02 , -0.60 , 0.92 , -0.36 , -0.29 , 2 , 0.03 
237,김대한,23두RF, -0.61 , 89 , 28 , 31.5 , .125 , 7 , 6 , 62 , 9.7 , -5.60 , -0.23 , -5.83 , -0.59 , -0.59 , -0.02 , 1.22 , -1.83 , -0.61 , 1.00 , -0.49 , -0.13 , 4 , 0.82 
238,유로결,23한RF, -0.63 , 53 , 18 , 34.0 , .125 , 5 , 5 , 38 , 13.2 , -6.70 , 0.40 , -6.30 , -0.64 , -0.70 , 0.06 , 0.77 , -1.40 , -0.63 , 1.31 , -0.56 , 0.08 , 4 , 1.20 
239,김강민,23SCF, -0.64 , 166 , 46 , 27.7 , .061 , 7 , 5 , 79 , 6.3 , -9.22 , -0.29 , -9.51 , -0.96 , -0.60 , -0.04 , 2.26 , -2.90 , -0.64 , 1.08 , -0.18 , -0.41 , 28 , 1.80 
240,한석현,23NLF, -0.66 , 66 , 15 , 22.7 , .333 , 2 , 2 , 35 , 5.7 , -4.70 , -0.03 , -4.73 , -0.48 , -0.66 , 0.00 , 0.53 , -1.18 , -0.66 , 0.88 , -0.54 , -0.20 , 5 , 0.56 
241,장진혁,23한CF, -0.69 , 178 , 53 , 29.8 , .229 , 12 , 12 , 120 , 10.0 , -13.81 , 0.02 , -13.79 , -1.39 , -0.74 , 0.04 , 2.71 , -3.40 , -0.69 , 1.11 , -0.70 , 0.07 , 12 , 0.73 
242,오윤석,23K1B, -0.72 , 223 , 52 , 23.3 , .262 , 17 , 13 , 127 , 10.2 , -8.32 , 0.11 , -8.21 , -0.83 , -0.72 , -0.00 , 3.31 , -4.02 , -0.72 , 0.99 , -0.64 , -0.09 , 9 , 0.78 
243,조용호,23KRF, -0.75 , 184 , 54 , 29.4 , .196 , 7 , 7 , 116 , 6.0 , -9.53 , 0.95 , -8.58 , -0.87 , -0.85 , 0.10 , 2.69 , -3.43 , -0.75 , 1.09 , -0.39 , -0.30 , 11 , 1.19 
244,김주형,23키SS, -0.76 , 81 , 21 , 25.9 , .133 , 4 , 4 , 36 , 11.1 , -8.95 , 0.00 , -8.95 , -0.90 , -0.76 , 0.00 , 0.78 , -1.54 , -0.76 , 1.06 , -0.78 , 0.06 , 2 , 0.21 
245,안치영,23KRF, -0.78 , 136 , 34 , 25.0 , .276 , 9 , 9 , 77 , 11.7 , -4.70 , 1.12 , -3.58 , -0.36 , -0.91 , 0.14 , 1.51 , -2.28 , -0.78 , 0.95 , 0.00 , -0.82 , 7 , 1.61 
246,김휘집,23키SS, -0.79 , 435 , 128 , 29.4 , .213 , 51 , 43 , 272 , 15.8 , -8.20 , 1.01 , -7.19 , -0.73 , -0.86 , 0.08 , 7.70 , -8.48 , -0.79 , 1.10 , -0.15 , -0.56 , 7 , 2.69 
247,김호령,23KCF, -0.79 , 107 , 31 , 29.0 , .231 , 6 , 6 , 72 , 8.3 , -10.88 , 0.67 , -10.20 , -1.03 , -0.84 , 0.05 , 0.89 , -1.69 , -0.79 , 0.79 , -0.76 , -0.25 , 5 , 0.83 
248,박석민,23N3B, -0.82 , 107 , 36 , 33.6 , .231 , 8 , 7 , 58 , 12.1 , -7.53 , 0.42 , -7.11 , -0.72 , -0.86 , 0.04 , 1.21 , -2.03 , -0.82 , 1.00 , -0.60 , -0.22 , 2 , 0.06 
249,노수광,23한LF, -0.83 , 94 , 21 , 22.3 , .154 , 4 , 4 , 38 , 10.5 , -7.62 , 0.47 , -7.14 , -0.72 , -0.92 , 0.09 , 1.20 , -2.03 , -0.83 , 1.10 , -0.41 , -0.34 , 6 , 1.87 
250,허경민,23두3B, -0.83 , 475 , 124 , 26.1 , .226 , 48 , 41 , 254 , 16.1 , -13.25 , 0.89 , -12.37 , -1.25 , -0.86 , 0.03 , 7.73 , -8.56 , -0.83 , 1.02 , -0.02 , -0.79 , 3 , 2.56 
251,권광민,23한LF, -0.84 , 81 , 22 , 27.2 , .300 , 9 , 7 , 51 , 13.7 , -5.18 , 0.58 , -4.60 , -0.46 , -0.87 , 0.02 , 0.73 , -1.57 , -0.84 , 1.02 , -0.70 , -0.12 , 19 , 1.24 
252,김호재,23삼3B, -0.85 , 127 , 36 , 28.4 , .226 , 9 , 9 , 73 , 12.3 , -10.35 , 0.55 , -9.80 , -0.99 , -0.88 , 0.04 , 1.45 , -2.30 , -0.85 , 1.00 , -0.80 , -0.05 , 7 , 1.70 
253,황성빈,23롯LF, -0.86 , 191 , 49 , 25.7 , .244 , 8 , 8 , 100 , 8.0 , -15.21 , -1.29 , -16.51 , -1.67 , -0.85 , -0.02 , 2.54 , -3.40 , -0.86 , 1.01 , -1.11 , 0.26 , 6 , 0.94 
254,김동진,23삼2B, -0.86 , 137 , 43 , 31.4 , .250 , 8 , 8 , 87 , 9.2 , -11.27 , 0.18 , -11.10 , -1.12 , -0.91 , 0.05 , 1.86 , -2.72 , -0.86 , 1.08 , -0.62 , -0.18 , 3 , 1.22 
255,안중열,23NC, -0.88 , 177 , 51 , 28.8 , .184 , 17 , 13 , 86 , 15.1 , -8.93 , 0.00 , -8.93 , -0.90 , -0.88 , 0.00 , 1.83 , -2.71 , -0.88 , 0.87 , -0.76 , -0.26 , 11 , 0.34 
256,오영수,23N1B, -0.90 , 238 , 75 , 31.5 , .164 , 24 , 20 , 153 , 13.1 , -12.11 , -1.14 , -13.25 , -1.34 , -0.88 , -0.02 , 3.36 , -4.27 , -0.90 , 1.03 , -0.68 , -0.20 , 9 , 1.30 
257,천재환,23NCF, -0.91 , 179 , 57 , 31.8 , .225 , 17 , 15 , 120 , 12.5 , -8.42 , -0.22 , -8.64 , -0.87 , -0.90 , -0.01 , 2.40 , -3.31 , -0.91 , 1.03 , -0.69 , -0.20 , 4 , 1.42 
258,김인환,23한1B, -0.92 , 365 , 89 , 24.4 , .254 , 42 , 35 , 199 , 17.6 , -9.51 , 0.28 , -9.22 , -0.93 , -0.93 , 0.01 , 5.49 , -6.40 , -0.92 , 0.99 , -0.93 , 0.01 , 27 , 1.52 
259,김성현,23S2B, -0.94 , 354 , 106 , 29.9 , .230 , 27 , 26 , 217 , 12.0 , -17.61 , 0.96 , -16.66 , -1.68 , -1.03 , 0.09 , 6.00 , -6.94 , -0.94 , 1.16 , -0.73 , -0.07 , 5 , 2.10 
260,안재석,23두SS, -0.96 , 68 , 18 , 26.5 , .118 , 5 , 4 , 43 , 9.3 , -8.12 , -0.45 , -8.57 , -0.87 , -0.96 , 0.00 , 0.68 , -1.64 , -0.96 , 1.01 , -0.45 , -0.49 , 6 , 0.21 
261,박계범,23두SS, -0.96 , 194 , 63 , 32.5 , .127 , 15 , 13 , 115 , 11.3 , -16.03 , -0.64 , -16.67 , -1.68 , -1.04 , 0.07 , 2.91 , -3.87 , -0.96 , 1.17 , -0.72 , -0.10 , 10 , 1.08 
262,전병우,23키1B, -0.98 , 75 , 27 , 36.0 , .136 , 6 , 5 , 54 , 9.3 , -4.67 , 0.27 , -4.40 , -0.44 , -1.04 , 0.06 , 0.95 , -1.94 , -0.98 , 1.35 , -0.28 , -0.44 , 8 , 1.98 
263,강현우,23KC, -0.99 , 111 , 37 , 33.3 , .206 , 11 , 10 , 76 , 13.2 , -9.64 , -0.45 , -10.10 , -1.02 , -0.96 , -0.02 , 1.15 , -2.14 , -0.99 , 0.87 , -0.77 , -0.37 , 7 , 1.15 
264,신범수,23KC, -1.00 , 100 , 32 , 32.0 , .231 , 10 , 8 , 62 , 12.9 , -11.08 , 0.00 , -11.08 , -1.12 , -1.00 , 0.00 , 1.09 , -2.09 , -1.00 , 1.05 , -0.72 , -0.23 , 3 , 0.64 
265,김규성,23K2B, -1.01 , 177 , 48 , 27.1 , .178 , 11 , 9 , 103 , 8.7 , -10.92 , 1.24 , -9.68 , -0.98 , -1.10 , 0.09 , 2.44 , -3.45 , -1.01 , 1.00 , -0.21 , -0.81 , 6 , 0.37 
266,윤동희,23롯RF, -1.05 , 423 , 122 , 28.8 , .255 , 41 , 39 , 254 , 15.4 , -8.72 , -1.86 , -10.58 , -1.07 , -0.89 , -0.16 , 7.19 , -8.25 , -1.05 , 1.05 , -0.77 , -0.23 , 10 , 0.92 
267,이재원,23SC, -1.08 , 48 , 11 , 22.9 , .100 , 2 , 2 , 31 , 6.5 , -12.33 , 0.00 , -12.33 , -1.25 , -1.08 , 0.00 , 0.17 , -1.25 , -1.08 , 1.05 , -0.91 , -0.11 , 1 , 0.02 
268,이원석,23한CF, -1.11 , 138 , 37 , 26.8 , .212 , 8 , 8 , 78 , 10.3 , -8.28 , 0.77 , -7.52 , -0.76 , -1.09 , -0.02 , 1.86 , -2.97 , -1.11 , 1.06 , -0.38 , -0.66 , 4 , 0.66 
269,최지훈,23SCF, -1.13 , 503 , 115 , 22.9 , .223 , 30 , 28 , 280 , 10.0 , -14.76 , 0.99 , -13.76 , -1.39 , -1.35 , 0.22 , 8.02 , -9.15 , -1.13 , 1.09 , -0.46 , -0.58 , 0 ,  
270,양찬열,23두RF, -1.14 , 99 , 33 , 33.3 , .259 , 6 , 6 , 61 , 9.8 , -6.08 , -0.13 , -6.21 , -0.63 , -1.10 , -0.04 , 0.95 , -2.09 , -1.14 , 0.95 , -0.49 , -0.72 , 6 , 0.61 
271,김동헌,23키C, -1.18 , 242 , 70 , 28.9 , .111 , 17 , 15 , 137 , 11.0 , -18.83 , 1.46 , -17.37 , -1.75 , -1.29 , 0.11 , 3.06 , -4.24 , -1.18 , 1.00 , -0.69 , -0.48 , 6 , 1.17 
272,김민식,23SC, -1.23 , 318 , 104 , 32.7 , .281 , 34 , 29 , 164 , 17.7 , -16.11 , 0.75 , -15.36 , -1.55 , -1.33 , 0.11 , 4.75 , -5.98 , -1.23 , 1.10 , -1.11 , -0.01 , 8 , 1.05 
273,김웅빈,23키1B, -1.24 , 74 , 24 , 32.4 , .211 , 9 , 9 , 49 , 18.4 , -6.55 , 0.00 , -6.55 , -0.66 , -1.24 , 0.00 , 0.50 , -1.74 , -1.24 , 1.12 , -0.47 , -0.64 , 13 , 1.49 
274,서건창,23L2B, -1.28 , 126 , 36 , 28.6 , .241 , 12 , 12 , 74 , 16.2 , -8.39 , -0.51 , -8.91 , -0.90 , -1.28 , 0.00 , 1.46 , -2.74 , -1.28 , 1.04 , -0.55 , -0.68 , 10 , 1.13 
275,정은원,23한2B, -1.30 , 459 , 110 , 24.0 , .214 , 30 , 28 , 217 , 12.9 , -14.83 , 2.27 , -12.55 , -1.27 , -1.38 , 0.09 , 6.74 , -8.02 , -1.30 , 1.04 , -1.33 , 0.09 , 16 , 1.23 
276,김태진,23키3B, -1.33 , 212 , 66 , 31.1 , .328 , 16 , 16 , 154 , 10.4 , -9.20 , 0.47 , -8.73 , -0.88 , -1.37 , 0.04 , 3.03 , -4.36 , -1.33 , 1.18 , -0.88 , -0.25 , 20 , 1.38 
277,한승택,23KC, -1.36 , 104 , 30 , 28.9 , .130 , 3 , 3 , 58 , 5.2 , -11.05 , 0.37 , -10.69 , -1.08 , -1.39 , 0.03 , 0.87 , -2.24 , -1.36 , 1.00 , -0.85 , -0.51 , 2 , 0.01 
278,박세혁,23NC, -1.37 , 283 , 96 , 33.9 , .205 , 32 , 26 , 190 , 13.7 , -14.36 , 0.81 , -13.55 , -1.37 , -1.42 , 0.04 , 4.17 , -5.55 , -1.37 , 1.04 , -0.53 , -0.79 , 6 , 1.04 
279,장승현,23두C, -1.42 , 158 , 46 , 29.1 , .111 , 9 , 6 , 89 , 6.7 , -18.24 , 0.25 , -17.99 , -1.82 , -1.42 , 0.00 , 1.07 , -2.49 , -1.42 , 0.83 , -1.56 , -0.15 , 2 , 0.06 
280,오그레디,23한LF, -1.42 , 86 , 26 , 30.2 , .130 , 8 , 8 , 54 , 14.8 , -11.85 , 0.14 , -11.71 , -1.18 , -1.43 , 0.01 , 1.16 , -2.58 , -1.42 , 1.34 , -1.02 , -0.05 , 1 , 3.32 
281,김민성,23L2B, -1.44 , 316 , 97 , 30.7 , .253 , 41 , 33 , 204 , 16.2 , -12.11 , 0.49 , -11.62 , -1.17 , -1.46 , 0.01 , 4.75 , -6.19 , -1.44 , 1.05 , -0.34 , -1.04 , 14 , 1.03 
282,박상언,23한C, -1.48 , 161 , 51 , 31.7 , .186 , 13 , 12 , 111 , 10.8 , -22.08 , 0.19 , -21.89 , -2.21 , -1.46 , -0.03 , 1.91 , -3.39 , -1.48 , 1.01 , -1.42 , -0.06 , 9 , 0.52 
283,김시앙,23키C, -1.51 , 82 , 28 , 34.2 , .269 , 7 , 7 , 65 , 10.8 , -9.78 , -0.21 , -9.99 , -1.01 , -1.49 , -0.02 , 0.63 , -2.14 , -1.51 , 1.14 , -0.69 , -0.63 , 0 ,  
284,박정현,23한SS, -1.52 , 113 , 25 , 22.1 , .044 , 4 , 2 , 64 , 3.1 , -14.89 , 0.15 , -14.73 , -1.49 , -1.53 , 0.01 , 1.19 , -2.71 , -1.52 , 1.23 , -0.73 , -0.51 , 8 , 1.89 
285,박찬혁,23키LF, -1.55 , 167 , 51 , 30.5 , .106 , 8 , 7 , 110 , 6.4 , -18.63 , 0.04 , -18.58 , -1.88 , -1.53 , -0.02 , 2.19 , -3.74 , -1.55 , 1.20 , -1.02 , -0.28 , 4 , 1.97 
286,이형종,23키RF, -1.60 , 374 , 115 , 30.8 , .281 , 37 , 34 , 216 , 15.7 , -13.82 , 0.90 , -12.92 , -1.31 , -1.66 , 0.05 , 6.35 , -7.95 , -1.60 , 1.17 , -0.94 , -0.43 , 20 , 1.19 
287,이도윤,23한SS, -1.72 , 346 , 106 , 30.6 , .144 , 13 , 12 , 216 , 5.6 , -32.18 , 1.75 , -30.43 , -3.07 , -2.02 , 0.30 , 4.60 , -6.32 , -1.72 , 1.04 , -1.49 , -0.17 , 6 , 1.01 
288,강한울,23삼3B, -1.80 , 240 , 78 , 32.5 , .156 , 10 , 10 , 142 , 7.0 , -19.17 , 0.27 , -18.91 , -1.91 , -1.84 , 0.04 , 3.07 , -4.86 , -1.80 , 1.13 , -1.24 , -0.35 , 8 , 1.55 
289,이지영,23키C, -1.87 , 237 , 52 , 21.9 , .109 , 8 , 8 , 113 , 7.1 , -20.75 , 0.57 , -20.18 , -2.04 , -1.93 , 0.06 , 2.60 , -4.46 , -1.87 , 1.04 , -1.36 , -0.43 , 5 , 0.15 
290,류지혁,23K삼3B, -1.92 , 522 , 140 , 26.8 , .271 , 45 , 43 , 282 , 15.3 , -21.98 , 4.19 , -17.80 , -1.80 , -2.35 , 0.43 , 8.18 , -10.09 , -1.92 , 1.11 , -0.74 , -0.99 , 7 , 1.55 
291,김태군,23삼KC, -1.94 , 346 , 105 , 30.4 , .337 , 42 , 41 , 216 , 19.0 , -15.05 , 0.00 , -15.05 , -1.52 , -1.92 , -0.03 , 4.35 , -6.30 , -1.94 , 1.04 , -1.77 , -0.11 , 25 , 1.31 
292,김민석,23롯CF, -2.04 , 454 , 127 , 28.0 , .274 , 39 , 36 , 256 , 14.1 , -13.61 , 1.90 , -11.72 , -1.18 , -2.16 , 0.13 , 6.40 , -8.43 , -2.04 , 1.05 , -0.83 , -1.10 , 11 , 1.63 
293,한동희,23롯3B, -2.91 , 353 , 100 , 28.3 , .238 , 32 , 27 , 221 , 12.2 , -29.99 , -1.88 , -31.87 , -3.22 , -2.74 , -0.17 , 4.45 , -7.35 , -2.91 , 1.05 , -2.27 , -0.51 , 20 , 1.87 
