순,이름,팀/포지션,정렬용,타석,HR%,BB%,K%,BB/K,IsoP,IsoD,BABIP,Spd,PSN,wOBA,wRC,wRC/27,wRAA,조정wOBA,조정wRC,조정wRC/27,조정wRAA,WRC+
1,이천웅,23L, 519.2 , 3 , 0.00 , 0.0 , 0.0 ,  , .000 , .000 , 1.000 , 1.9 ,  , .955 , 1.8 ,  , 1.5 , .952 , 1.8 ,  , 1.5 , 519.2 
2,박대온,23NC, 219.1 , 6 , 0.00 , 0.0 , 16.7 , 0.00 , .200 , .100 , .500 , 3.9 ,  , .508 , 1.5 , 13.94 , 0.8 , .508 , 1.5 , 13.93 , 0.8 , 219.1 
3,나성범,23KRF, 208.2 , 253 , 7.12 , 10.3 , 14.2 , 0.72 , .306 , .062 , .366 , 3.8 , 0.00 , .485 , 60.8 , 11.25 , 31.0 , .491 , 62.0 , 11.47 , 32.2 , 208.2 
4,이재용,23한C, 202.8 , 2 , 0.00 , 0.0 , 50.0 , 0.00 , .000 , .000 , 1.000 , 3.9 ,  , .477 , 0.5 , 12.63 , 0.2 , .484 , 0.5 , 12.90 , 0.2 , 202.8 
5,김정민,23SRF, 199.3 , 2 , 0.00 , 0.0 , 50.0 , 0.00 , .000 , .000 , 1.000 , 3.9 ,  , .477 , 0.5 , 12.63 , 0.2 , .478 , 0.5 , 12.67 , 0.2 , 199.3 
6,박한결,23NLF, 191.8 , 18 , 5.56 , 16.7 , 38.9 , 0.43 , .267 , .111 , .571 , 2.8 , 0.00 , .471 , 4.1 , 11.12 , 2.0 , .467 , 4.1 , 10.98 , 1.9 , 191.8 
7,박수종,23키RF, 184.6 , 50 , 0.00 , 6.0 , 12.0 , 0.50 , .111 , .038 , .475 , 4.2 ,  , .458 , 10.9 , 10.53 , 5.0 , .457 , 10.9 , 10.48 , 5.0 , 184.6 
8,노시환,23한3B, 159.3 , 595 , 5.21 , 12.4 , 19.8 , 0.63 , .243 , .091 , .332 , 2.7 , 3.76 , .418 , 111.2 , 7.94 , 41.1 , .419 , 111.7 , 7.98 , 41.6 , 159.3 
9,최정,23S3B, 155.8 , 552 , 5.25 , 10.7 , 15.8 , 0.68 , .251 , .091 , .308 , 3.5 , 11.28 , .418 , 103.2 , 7.90 , 38.2 , .414 , 101.3 , 7.75 , 36.3 , 155.8 
10,오스틴,23L1B, 154.4 , 583 , 3.95 , 9.1 , 12.9 , 0.71 , .204 , .062 , .326 , 4.7 , 10.73 , .405 , 102.6 , 7.33 , 34.0 , .412 , 106.0 , 7.57 , 37.3 , 154.4 
11,최형우,23KDH, 153.8 , 508 , 3.35 , 12.8 , 16.3 , 0.78 , .186 , .098 , .337 , 2.6 , 0.00 , .409 , 91.0 , 7.93 , 31.2 , .411 , 92.0 , 8.01 , 32.2 , 153.8 
12,구자욱,23삼RF, 153.2 , 515 , 2.14 , 10.3 , 15.7 , 0.65 , .159 , .072 , .387 , 4.4 , 11.48 , .414 , 94.6 , 8.11 , 34.0 , .410 , 92.9 , 7.96 , 32.2 , 153.2 
13,홍창기,23LRF, 152.0 , 643 , 0.16 , 13.7 , 12.9 , 1.06 , .080 , .112 , .388 , 4.9 , 1.92 , .407 , 114.5 , 7.96 , 38.7 , .408 , 115.1 , 8.01 , 39.4 , 152.0 
14,양의지,23두C, 151.9 , 509 , 3.34 , 11.2 , 11.0 , 1.02 , .169 , .091 , .318 , 2.7 , 10.88 , .399 , 87.5 , 7.22 , 27.5 , .408 , 91.0 , 7.52 , 31.1 , 151.9 
15,이주형,23L키CF, 151.8 , 243 , 2.47 , 7.8 , 21.8 , 0.36 , .181 , .064 , .405 , 5.2 , 4.00 , .405 , 42.9 , 7.52 , 14.3 , .408 , 43.4 , 7.62 , 14.8 , 151.8 
16,박건우,23NRF, 148.0 , 533 , 2.25 , 10.5 , 13.3 , 0.79 , .162 , .078 , .349 , 3.5 , 8.84 , .403 , 93.3 , 7.39 , 30.5 , .402 , 92.9 , 7.36 , 30.1 , 148.0 
17,정보근,23롯C, 147.4 , 101 , 0.99 , 13.9 , 12.9 , 1.08 , .136 , .100 , .382 , 4.4 , 1.00 , .405 , 17.8 , 7.87 , 5.9 , .402 , 17.5 , 7.76 , 5.6 , 147.4 
18,도슨,23키CF, 145.3 , 261 , 1.15 , 6.9 , 15.7 , 0.44 , .118 , .062 , .390 , 5.9 , 4.50 , .397 , 44.4 , 7.39 , 13.6 , .398 , 44.7 , 7.44 , 13.9 , 145.3 
19,이정후,23키CF, 143.8 , 387 , 1.55 , 12.7 , 5.9 , 2.13 , .136 , .088 , .324 , 4.8 , 6.00 , .395 , 65.1 , 7.52 , 19.6 , .396 , 65.5 , 7.56 , 19.9 , 143.8 
20,김혜성,23키2B, 142.1 , 621 , 1.13 , 9.2 , 12.4 , 0.74 , .112 , .062 , .375 , 7.1 , 10.94 , .392 , 103.2 , 7.26 , 30.1 , .394 , 103.9 , 7.31 , 30.8 , 142.1 
21,전준우,23롯DH, 140.8 , 559 , 3.04 , 9.3 , 11.6 , 0.80 , .158 , .069 , .328 , 4.7 , 11.77 , .391 , 92.2 , 6.91 , 26.3 , .392 , 92.7 , 6.95 , 26.9 , 140.8 
22,에레디아,23SLF, 140.7 , 523 , 2.29 , 7.5 , 14.3 , 0.52 , .137 , .062 , .364 , 3.6 , 12.00 , .391 , 86.5 , 6.81 , 24.9 , .392 , 86.7 , 6.82 , 25.1 , 140.7 
23,손아섭,23NDH, 140.0 , 609 , 0.82 , 8.2 , 11.0 , 0.75 , .103 , .054 , .376 , 5.4 , 7.37 , .390 , 99.9 , 7.04 , 28.2 , .391 , 100.4 , 7.08 , 28.7 , 140.0 
24,하재훈,23SLF, 135.2 , 229 , 3.06 , 8.3 , 23.1 , 0.36 , .164 , .071 , .378 , 6.5 , 8.56 , .384 , 36.6 , 6.87 , 9.6 , .383 , 36.5 , 6.84 , 9.5 , 135.2 
25,로하스,23두LF, 134.3 , 464 , 4.10 , 11.9 , 14.7 , 0.81 , .221 , .092 , .260 , 3.8 , 0.00 , .372 , 69.6 , 6.07 , 15.0 , .382 , 73.4 , 6.39 , 18.8 , 134.3 
26,김도영,23K3B, 133.4 , 385 , 1.82 , 9.9 , 16.1 , 0.61 , .150 , .068 , .349 , 7.0 , 10.94 , .378 , 59.6 , 6.17 , 14.3 , .381 , 60.5 , 6.26 , 15.1 , 133.4 
27,문보경,23L3B, 132.4 , 542 , 1.85 , 10.7 , 15.3 , 0.70 , .147 , .076 , .345 , 5.5 , 9.47 , .376 , 82.9 , 6.31 , 19.1 , .379 , 84.5 , 6.43 , 20.7 , 132.4 
28,알포드,23KLF, 126.9 , 547 , 2.74 , 8.6 , 25.6 , 0.34 , .167 , .067 , .375 , 6.0 , 15.94 , .375 , 83.3 , 6.21 , 18.9 , .371 , 81.8 , 6.10 , 17.4 , 126.9 
29,마틴,23NCF, 126.5 , 503 , 3.38 , 11.3 , 21.3 , 0.53 , .172 , .077 , .330 , 4.7 , 15.94 , .373 , 75.7 , 6.14 , 16.5 , .371 , 74.9 , 6.08 , 15.7 , 126.5 
30,권희동,23NLF, 126.3 , 373 , 1.88 , 13.1 , 13.4 , 0.98 , .120 , .103 , .315 , 2.8 , 3.11 , .371 , 55.6 , 6.42 , 11.7 , .370 , 55.5 , 6.40 , 11.5 , 126.3 
31,소크라테스,23KCF, 125.7 , 608 , 3.29 , 8.6 , 13.2 , 0.65 , .177 , .059 , .299 , 5.1 , 17.14 , .366 , 88.6 , 5.72 , 17.0 , .369 , 90.0 , 5.81 , 18.4 , 125.7 
32,강민호,23삼C, 124.6 , 495 , 3.23 , 9.9 , 13.1 , 0.75 , .154 , .076 , .307 , 2.8 , 8.73 , .373 , 74.6 , 6.07 , 16.3 , .368 , 72.6 , 5.91 , 14.3 , 124.6 
33,최인호,23한LF, 124.5 , 148 , 1.35 , 6.8 , 14.9 , 0.46 , .130 , .065 , .343 , 5.6 , 1.33 , .364 , 21.3 , 5.92 , 3.8 , .368 , 21.7 , 6.04 , 4.3 , 124.5 
34,박민우,23N2B, 124.2 , 509 , 0.39 , 7.9 , 11.2 , 0.70 , .089 , .065 , .356 , 6.8 , 3.71 , .366 , 73.9 , 5.92 , 14.0 , .367 , 74.4 , 5.96 , 14.5 , 124.2 
35,양석환,23두1B, 124.1 , 581 , 3.61 , 6.9 , 22.9 , 0.30 , .174 , .052 , .331 , 3.5 , 6.72 , .358 , 80.6 , 5.48 , 12.2 , .367 , 84.9 , 5.78 , 16.5 , 124.1 
36,김형준,23NC, 123.1 , 82 , 7.32 , 9.8 , 29.3 , 0.33 , .278 , .085 , .262 , 0.6 , 0.00 , .371 , 12.2 , 5.60 , 2.6 , .366 , 11.9 , 5.44 , 2.2 , 123.1 
37,추신수,23SDH, 123.0 , 462 , 2.60 , 14.1 , 17.1 , 0.82 , .144 , .125 , .287 , 3.8 , 8.00 , .367 , 67.3 , 6.06 , 12.9 , .365 , 66.9 , 6.02 , 12.5 , 123.0 
38,박병호,23K1B, 122.7 , 493 , 3.65 , 9.3 , 23.1 , 0.40 , .160 , .074 , .339 , 2.5 , 3.60 , .368 , 72.5 , 6.01 , 14.5 , .365 , 71.2 , 5.90 , 13.2 , 122.7 
39,문성주,23LLF, 122.3 , 534 , 0.38 , 12.6 , 6.4 , 1.97 , .078 , .098 , .312 , 5.7 , 3.69 , .363 , 76.4 , 5.88 , 13.5 , .364 , 76.9 , 5.92 , 14.1 , 122.3 
40,오지환,23LSS, 121.9 , 502 , 1.59 , 12.8 , 16.3 , 0.78 , .128 , .104 , .313 , 5.6 , 10.67 , .360 , 70.7 , 5.82 , 11.6 , .364 , 72.1 , 5.93 , 12.9 , 121.9 
41,최항,23S1B, 121.6 , 35 , 2.86 , 14.3 , 34.3 , 0.42 , .143 , .097 , .438 , 0.4 , 0.00 , .366 , 5.1 , 5.96 , 1.0 , .363 , 5.0 , 5.88 , 0.9 , 121.6 
42,이민준,23한SS, 121.2 , 2 , 0.00 , 50.0 , 0.0 ,  , .000 , .500 , .000 , 1.9 ,  , .364 , 0.3 , 7.77 , 0.1 , .363 , 0.3 , 7.71 , 0.0 , 121.2 
43,정훈,23롯1B, 120.4 , 233 , 2.58 , 11.2 , 16.7 , 0.67 , .159 , .079 , .317 , 3.9 , 3.00 , .361 , 33.0 , 5.74 , 5.5 , .362 , 33.0 , 5.76 , 5.6 , 120.4 
44,황재균,23K3B, 119.2 , 457 , 1.31 , 9.9 , 14.0 , 0.70 , .118 , .071 , .337 , 3.3 , 4.00 , .363 , 65.3 , 5.70 , 11.4 , .360 , 64.2 , 5.61 , 10.3 , 119.2 
45,안치홍,23롯2B, 119.1 , 494 , 1.62 , 9.9 , 10.7 , 0.93 , .108 , .082 , .314 , 2.7 , 4.36 , .360 , 69.5 , 5.72 , 11.3 , .360 , 69.3 , 5.70 , 11.1 , 119.1 
46,채은성,23한1B, 118.6 , 596 , 3.86 , 8.7 , 17.1 , 0.51 , .165 , .088 , .286 , 1.6 , 0.00 , .358 , 83.0 , 5.56 , 12.8 , .359 , 83.2 , 5.58 , 13.0 , 118.6 
47,이우성,23KRF, 118.3 , 400 , 2.00 , 7.8 , 20.3 , 0.38 , .116 , .062 , .368 , 3.2 , 8.00 , .356 , 55.1 , 5.55 , 8.0 , .359 , 55.7 , 5.62 , 8.6 , 118.3 
48,김지찬,23삼2B, 116.8 , 355 , 0.28 , 13.5 , 10.1 , 1.33 , .038 , .116 , .331 , 6.6 , 1.86 , .358 , 49.3 , 6.19 , 7.5 , .356 , 48.8 , 6.13 , 7.0 , 116.8 
49,박동원,23LC, 116.0 , 481 , 4.16 , 10.2 , 18.7 , 0.54 , .193 , .085 , .267 , 2.5 , 0.00 , .348 , 62.9 , 5.13 , 6.2 , .355 , 65.7 , 5.36 , 9.1 , 116.0 
50,이창진,23KLF, 115.0 , 284 , 1.41 , 12.0 , 15.5 , 0.77 , .119 , .091 , .313 , 5.9 , 5.54 , .351 , 38.0 , 5.39 , 4.5 , .354 , 38.5 , 5.47 , 5.0 , 115.0 
51,장성우,23KC, 114.6 , 464 , 2.37 , 9.1 , 15.1 , 0.60 , .134 , .064 , .319 , 1.6 , 1.83 , .356 , 63.8 , 5.47 , 9.1 , .353 , 62.6 , 5.37 , 8.0 , 114.6 
52,구드럼,23롯3B, 114.6 , 201 , 0.00 , 11.4 , 22.9 , 0.50 , .093 , .078 , .389 , 2.1 ,  , .357 , 27.8 , 5.69 , 4.2 , .353 , 27.1 , 5.55 , 3.5 , 114.6 
53,김현수,23LDH, 114.1 , 556 , 1.08 , 10.4 , 9.5 , 1.09 , .090 , .071 , .314 , 3.2 , 3.00 , .350 , 73.7 , 5.45 , 8.2 , .352 , 74.7 , 5.53 , 9.2 , 114.1 
54,김선빈,23K2B, 113.0 , 472 , 0.00 , 8.1 , 5.5 , 1.46 , .038 , .061 , .339 , 2.7 , 0.00 , .351 , 62.8 , 5.54 , 7.2 , .351 , 62.8 , 5.54 , 7.2 , 113.0 
55,한유섬,23SRF, 112.5 , 388 , 1.80 , 8.8 , 20.9 , 0.42 , .120 , .082 , .333 , 3.6 , 3.11 , .349 , 51.2 , 5.42 , 5.5 , .350 , 51.4 , 5.44 , 5.7 , 112.5 
56,김주성,23LSS, 112.0 , 7 , 0.00 , 14.3 , 28.6 , 0.50 , .000 , .229 , .333 , 3.1 ,  , .349 , 0.9 , 6.23 , 0.1 , .349 , 0.9 , 6.23 , 0.1 , 112.0 
57,정수빈,23두CF, 111.0 , 583 , 0.34 , 11.0 , 10.8 , 1.02 , .084 , .088 , .324 , 7.7 , 3.81 , .349 , 76.9 , 5.48 , 8.2 , .348 , 76.2 , 5.43 , 7.5 , 111.0 
58,피렐라,23삼LF, 110.8 , 605 , 2.65 , 6.9 , 11.4 , 0.61 , .140 , .053 , .302 , 2.8 , 8.73 , .352 , 81.3 , 5.18 , 10.0 , .347 , 79.0 , 5.03 , 7.7 , 110.8 
59,강백호,23KDH, 110.7 , 271 , 2.95 , 11.4 , 20.3 , 0.56 , .151 , .082 , .311 , 4.6 , 4.36 , .350 , 35.9 , 5.45 , 4.0 , .347 , 35.3 , 5.36 , 3.4 , 110.7 
60,러셀,23키SS, 110.6 , 239 , 1.67 , 7.1 , 16.3 , 0.44 , .114 , .053 , .332 , 3.0 , 1.60 , .345 , 30.6 , 5.08 , 2.5 , .347 , 31.1 , 5.16 , 3.0 , 110.6 
61,김성윤,23삼RF, 109.7 , 272 , 0.74 , 5.2 , 12.9 , 0.40 , .090 , .040 , .352 , 7.9 , 3.64 , .349 , 35.8 , 5.28 , 3.7 , .346 , 35.1 , 5.18 , 3.1 , 109.7 
62,임지열,23키1B, 109.5 , 246 , 2.03 , 11.4 , 26.0 , 0.44 , .109 , .093 , .347 , 2.5 , 1.67 , .341 , 30.9 , 5.11 , 1.9 , .345 , 31.7 , 5.25 , 2.7 , 109.5 
63,이진영,23한RF, 108.8 , 422 , 2.37 , 12.6 , 30.1 , 0.42 , .145 , .096 , .350 , 4.1 , 6.67 , .343 , 53.7 , 5.14 , 4.0 , .344 , 54.1 , 5.18 , 4.4 , 108.8 
64,박찬호,23KSS, 108.4 , 507 , 0.59 , 7.9 , 11.1 , 0.71 , .077 , .055 , .333 , 6.3 , 5.46 , .342 , 64.1 , 4.95 , 4.4 , .344 , 64.7 , 4.99 , 5.0 , 108.4 
65,배영빈,23롯SS, 107.8 , 18 , 0.00 , 5.6 , 11.1 , 0.50 , .125 , .040 , .357 , 4.5 , 0.00 , .348 , 2.4 , 5.29 , 0.2 , .343 , 2.3 , 5.14 , 0.2 , 107.8 
66,김재호,23두SS, 107.0 , 302 , 0.99 , 9.9 , 8.0 , 1.25 , .089 , .093 , .300 , 2.8 , 3.43 , .339 , 37.3 , 4.92 , 1.8 , .342 , 38.1 , 5.01 , 2.5 , 107.0 
67,김민혁,23KRF, 106.9 , 448 , 0.67 , 8.0 , 10.7 , 0.75 , .088 , .059 , .328 , 6.0 , 4.71 , .344 , 57.4 , 5.18 , 4.6 , .342 , 56.4 , 5.09 , 3.6 , 106.9 
68,안익훈,23LRF, 106.3 , 23 , 0.00 , 0.0 , 8.7 , 0.00 , .046 , .030 , .350 , 2.0 ,  , .340 , 2.9 , 5.16 , 0.2 , .341 , 2.9 , 5.18 , 0.2 , 106.3 
69,유강남,23롯C, 106.1 , 403 , 2.48 , 9.2 , 15.9 , 0.58 , .122 , .080 , .291 , 1.9 , 1.82 , .339 , 50.0 , 4.83 , 2.6 , .340 , 50.3 , 4.85 , 2.9 , 106.1 
70,이정훈,23롯DH, 105.6 , 171 , 0.59 , 7.6 , 16.4 , 0.46 , .066 , .061 , .349 , 3.1 , 1.00 , .342 , 21.6 , 5.21 , 1.5 , .340 , 21.3 , 5.13 , 1.1 , 105.6 
71,최재훈,23한C, 104.7 , 417 , 0.24 , 13.4 , 11.5 , 1.17 , .046 , .144 , .286 , 1.6 , 1.00 , .338 , 51.3 , 5.18 , 2.1 , .338 , 51.4 , 5.20 , 2.3 , 104.7 
72,김인태,23두RF, 104.4 , 115 , 0.87 , 13.0 , 22.6 , 0.58 , .082 , .105 , .338 , 2.9 , 1.33 , .335 , 13.9 , 4.95 , 0.4 , .338 , 14.1 , 5.02 , 0.6 , 104.4 
73,고종욱,23KLF, 104.3 , 286 , 1.05 , 4.9 , 20.3 , 0.24 , .096 , .032 , .365 , 3.5 , 2.40 , .337 , 35.0 , 4.79 , 1.3 , .338 , 35.1 , 4.81 , 1.4 , 104.3 
74,도태훈,23N3B, 103.4 , 302 , 1.66 , 12.6 , 15.9 , 0.79 , .088 , .142 , .273 , 2.6 , 2.86 , .337 , 36.8 , 4.97 , 1.2 , .336 , 36.8 , 4.97 , 1.2 , 103.4 
75,홍성호,23두RF, 103.0 , 51 , 0.00 , 3.9 , 27.5 , 0.14 , .083 , .042 , .412 , 3.8 ,  , .335 , 6.2 , 4.75 , 0.2 , .336 , 6.2 , 4.77 , 0.2 , 103.0 
76,노진혁,23롯SS, 103.0 , 390 , 1.03 , 11.5 , 21.5 , 0.54 , .120 , .090 , .328 , 4.6 , 5.09 , .338 , 48.0 , 4.97 , 2.1 , .336 , 47.3 , 4.89 , 1.4 , 103.0 
77,김휘집,23키SS, 101.9 , 435 , 1.84 , 11.0 , 22.3 , 0.50 , .125 , .089 , .310 , 1.9 , 0.00 , .331 , 51.1 , 4.63 , -0.1 , .334 , 52.2 , 4.73 , 1.0 , 101.9 
78,박승욱,23롯2B, 101.9 , 338 , 0.00 , 10.4 , 25.7 , 0.40 , .083 , .078 , .407 , 6.3 , 0.00 , .339 , 41.7 , 4.94 , 1.9 , .334 , 40.6 , 4.80 , 0.8 , 101.9 
79,국해성,23롯DH, 101.9 , 10 , 0.00 , 20.0 , 30.0 , 0.67 , .000 , .150 , .400 , 1.9 ,  , .337 , 1.2 , 5.49 , 0.0 , .334 , 1.2 , 5.40 , 0.0 , 101.9 
80,박성한,23SSS, 101.8 , 529 , 1.70 , 11.0 , 10.6 , 1.04 , .100 , .081 , .284 , 3.3 , 5.54 , .334 , 63.3 , 4.80 , 1.0 , .334 , 63.4 , 4.81 , 1.1 , 101.8 
81,최주환,23S2B, 101.4 , 478 , 4.18 , 9.0 , 19.7 , 0.46 , .197 , .076 , .254 , 2.0 , 0.00 , .337 , 58.3 , 4.68 , 2.0 , .333 , 57.1 , 4.59 , 0.8 , 101.4 
82,서호철,23N3B, 99.9 , 435 , 1.15 , 4.6 , 11.7 , 0.39 , .096 , .044 , .316 , 4.2 , 4.44 , .330 , 50.9 , 4.48 , -0.3 , .331 , 51.2 , 4.50 , -0.0 , 99.9 
83,이해승,23삼3B, 99.8 , 4 , 0.00 , 0.0 , 25.0 , 0.00 , .250 , .000 , .333 , 1.9 ,  , .333 , 0.5 , 4.28 , 0.0 , .331 , 0.5 , 4.23 , -0.0 , 99.8 
84,김태연,23한RF, 99.2 , 280 , 1.43 , 9.6 , 21.1 , 0.46 , .102 , .076 , .323 , 3.6 , 4.44 , .329 , 32.4 , 4.61 , -0.5 , .330 , 32.7 , 4.65 , -0.3 , 99.2 
85,허경민,23두3B, 98.9 , 475 , 1.47 , 7.4 , 5.5 , 1.35 , .105 , .061 , .267 , 4.2 , 7.88 , .326 , 53.8 , 4.41 , -2.2 , .330 , 55.3 , 4.54 , -0.6 , 98.9 
86,김재환,23두DH, 98.4 , 484 , 2.07 , 14.9 , 20.7 , 0.72 , .111 , .123 , .266 , 2.5 , 4.62 , .324 , 54.0 , 4.46 , -3.0 , .329 , 56.1 , 4.63 , -0.9 , 98.4 
87,배정대,23KCF, 98.0 , 361 , 0.55 , 10.5 , 21.1 , 0.50 , .071 , .079 , .353 , 5.1 , 3.47 , .332 , 42.8 , 4.84 , 0.3 , .328 , 41.7 , 4.71 , -0.9 , 98.0 
88,강승호,23두2B, 97.9 , 458 , 1.53 , 5.9 , 23.8 , 0.25 , .122 , .052 , .341 , 5.7 , 9.10 , .326 , 52.0 , 4.23 , -2.0 , .328 , 52.8 , 4.30 , -1.1 , 97.9 
89,김민성,23L2B, 96.9 , 316 , 2.53 , 7.9 , 18.4 , 0.43 , .128 , .077 , .287 , 2.6 , 3.20 , .322 , 34.8 , 4.20 , -2.4 , .327 , 36.1 , 4.35 , -1.2 , 96.9 
90,이호연,23K2B, 96.5 , 234 , 1.28 , 6.8 , 17.5 , 0.39 , .076 , .061 , .331 , 4.0 , 3.43 , .329 , 27.2 , 4.50 , -0.4 , .326 , 26.6 , 4.41 , -1.0 , 96.5 
91,김상수,23KSS, 96.0 , 512 , 0.59 , 10.7 , 13.3 , 0.81 , .068 , .082 , .312 , 3.4 , 3.75 , .329 , 59.1 , 4.58 , -1.2 , .325 , 57.9 , 4.48 , -2.4 , 96.0 
92,박해민,23LCF, 95.7 , 558 , 1.08 , 8.1 , 13.3 , 0.61 , .074 , .064 , .325 , 5.7 , 9.75 , .323 , 62.1 , 4.29 , -3.6 , .325 , 62.9 , 4.34 , -2.8 , 95.7 
93,임병욱,23키RF, 95.5 , 223 , 2.69 , 4.5 , 33.6 , 0.13 , .149 , .033 , .369 , 5.7 , 4.80 , .320 , 24.2 , 4.11 , -2.1 , .325 , 25.1 , 4.26 , -1.2 , 95.5 
94,렉스,23롯RF, 94.0 , 234 , 1.71 , 12.0 , 23.1 , 0.52 , .099 , .091 , .313 , 3.8 , 0.00 , .323 , 26.0 , 4.42 , -1.6 , .323 , 25.9 , 4.40 , -1.6 , 94.0 
95,김동엽,23삼DH, 94.0 , 182 , 2.75 , 7.1 , 15.9 , 0.45 , .133 , .059 , .278 , 1.7 , 1.67 , .327 , 20.7 , 4.18 , -0.7 , .322 , 20.1 , 4.06 , -1.3 , 94.0 
96,송재선,23키RF, 93.7 , 3 , 0.00 , 0.0 , 33.3 , 0.00 , .000 , .000 , .500 , 1.9 ,  , .318 , 0.3 , 4.35 , -0.0 , .322 , 0.3 , 4.47 , -0.0 , 93.7 
97,강진성,23두S1B, 93.4 , 145 , 2.07 , 4.1 , 13.8 , 0.30 , .127 , .044 , .286 , 2.9 , 0.00 , .320 , 15.8 , 4.15 , -1.3 , .322 , 15.9 , 4.18 , -1.1 , 93.4 
98,박대온,23NC, 93.1 , 27 , 0.00 , 11.1 , 25.9 , 0.43 , .087 , .072 , .353 , 3.6 ,  , .321 , 3.0 , 4.44 , -0.2 , .321 , 3.0 , 4.44 , -0.2 , 93.1 
99,윤동희,23롯RF, 93.0 , 423 , 0.47 , 6.6 , 16.3 , 0.41 , .067 , .046 , .340 , 3.1 , 2.40 , .324 , 47.2 , 4.26 , -2.6 , .321 , 46.3 , 4.18 , -3.5 , 93.0 
100,최정원,23N2B, 92.8 , 56 , 0.00 , 1.8 , 23.2 , 0.08 , .140 , .055 , .351 , 7.3 , 0.00 , .321 , 6.1 , 4.04 , -0.5 , .321 , 6.1 , 4.03 , -0.5 , 92.8 
101,문상철,23KDH, 92.4 , 330 , 2.73 , 4.9 , 24.6 , 0.20 , .155 , .038 , .318 , 3.1 , 4.50 , .324 , 36.8 , 4.19 , -2.1 , .320 , 35.9 , 4.09 , -3.0 , 92.4 
102,한준수,23KC, 92.2 , 94 , 2.13 , 7.5 , 27.7 , 0.27 , .116 , .056 , .345 , 1.7 , 0.00 , .318 , 10.1 , 4.06 , -1.0 , .320 , 10.2 , 4.11 , -0.9 , 92.2 
103,신본기,23KSS, 92.1 , 75 , 1.33 , 18.7 , 10.7 , 1.75 , .093 , .161 , .204 , 1.4 , 0.00 , .322 , 8.2 , 4.28 , -0.6 , .320 , 8.1 , 4.22 , -0.7 , 92.1 
104,이재현,23삼SS, 91.8 , 538 , 2.23 , 9.7 , 16.5 , 0.58 , .129 , .081 , .281 , 3.9 , 7.06 , .323 , 59.6 , 4.25 , -3.7 , .319 , 58.2 , 4.14 , -5.2 , 91.8 
105,문현빈,23한CF, 90.8 , 481 , 1.04 , 6.9 , 17.5 , 0.39 , .096 , .058 , .317 , 4.3 , 5.00 , .316 , 50.8 , 4.08 , -5.8 , .318 , 51.5 , 4.14 , -5.2 , 90.8 
106,변우혁,23K1B, 90.8 , 226 , 3.10 , 10.2 , 32.7 , 0.31 , .125 , .089 , .319 , 1.7 , 0.00 , .315 , 23.6 , 4.01 , -3.0 , .318 , 24.2 , 4.10 , -2.5 , 90.8 
107,박준영,23두3B, 90.5 , 138 , 2.90 , 6.5 , 38.4 , 0.17 , .181 , .062 , .343 , 6.2 , 2.67 , .312 , 14.1 , 3.81 , -2.1 , .317 , 14.7 , 3.97 , -1.5 , 90.5 
108,최지훈,23SCF, 90.5 , 503 , 0.40 , 5.8 , 9.9 , 0.58 , .089 , .047 , .297 , 7.8 , 3.65 , .312 , 51.5 , 3.95 , -7.7 , .317 , 53.6 , 4.11 , -5.7 , 90.5 
109,최원준,23K1B, 90.2 , 274 , 0.37 , 11.3 , 14.2 , 0.80 , .076 , .086 , .298 , 6.1 , 1.86 , .316 , 28.9 , 4.05 , -3.3 , .317 , 29.1 , 4.07 , -3.2 , 90.2 
110,송성문,23키3B, 89.2 , 438 , 1.14 , 8.9 , 8.7 , 1.03 , .095 , .062 , .276 , 3.7 , 1.67 , .314 , 45.6 , 4.02 , -6.0 , .315 , 46.0 , 4.06 , -5.6 , 89.2 
111,오윤석,23K1B, 88.7 , 223 , 1.79 , 5.8 , 19.7 , 0.30 , .136 , .062 , .305 , 3.6 , 3.43 , .317 , 23.8 , 3.94 , -2.5 , .315 , 23.3 , 3.86 , -3.0 , 88.7 
112,김주원,23NSS, 88.1 , 474 , 2.11 , 9.3 , 22.4 , 0.42 , .107 , .095 , .289 , 5.4 , 12.00 , .314 , 49.4 , 4.04 , -6.4 , .314 , 49.2 , 4.03 , -6.6 , 88.1 
113,최준우,23S2B, 87.7 , 69 , 0.00 , 11.6 , 14.5 , 0.80 , .017 , .081 , .314 , 1.2 ,  , .311 , 7.0 , 3.87 , -1.1 , .313 , 7.1 , 3.93 , -1.0 , 87.7 
114,김성욱,23NLF, 87.5 , 204 , 2.94 , 7.8 , 30.9 , 0.25 , .156 , .080 , .306 , 3.4 , 6.00 , .315 , 21.4 , 3.82 , -2.7 , .313 , 21.0 , 3.76 , -3.0 , 87.5 
115,김현준,23삼CF, 87.1 , 479 , 0.63 , 6.3 , 17.5 , 0.36 , .072 , .052 , .332 , 5.9 , 3.75 , .315 , 50.1 , 4.04 , -6.3 , .312 , 49.2 , 3.96 , -7.3 , 87.1 
116,정주현,23L1B, 87.0 , 101 , 0.99 , 8.9 , 15.8 , 0.56 , .057 , .064 , .319 , 4.6 , 1.00 , .311 , 10.2 , 3.78 , -1.7 , .312 , 10.3 , 3.83 , -1.5 , 87.0 
117,윌리엄스,23한LF, 86.0 , 273 , 3.30 , 2.9 , 23.1 , 0.13 , .159 , .031 , .286 , 2.5 , 1.80 , .310 , 27.5 , 3.62 , -4.7 , .311 , 27.7 , 3.64 , -4.5 , 86.0 
118,김수환,23키1B, 85.5 , 114 , 1.75 , 9.7 , 31.6 , 0.31 , .103 , .102 , .317 , 1.8 , 0.00 , .306 , 11.1 , 3.80 , -2.3 , .310 , 11.5 , 3.92 , -2.0 , 85.5 
119,안권수,23롯LF, 85.3 , 309 , 0.65 , 9.7 , 12.9 , 0.75 , .052 , .072 , .306 , 5.6 , 3.56 , .311 , 31.5 , 3.91 , -4.9 , .310 , 31.1 , 3.86 , -5.3 , 85.3 
,이형종,23키RF, 85.3 , 374 , 0.80 , 10.4 , 20.9 , 0.50 , .104 , .111 , .274 , 2.0 , 0.00 , .309 , 37.4 , 3.82 , -6.7 , .310 , 37.6 , 3.84 , -6.5 , 85.3 
121,김준태,23KC, 85.2 , 136 , 2.21 , 14.0 , 23.5 , 0.59 , .113 , .117 , .263 , 1.9 , 1.50 , .312 , 13.9 , 3.96 , -2.1 , .309 , 13.6 , 3.88 , -2.4 , 85.2 
122,윤형준,23N1B, 84.6 , 236 , 2.12 , 4.2 , 24.6 , 0.17 , .133 , .038 , .317 , 2.6 , 1.67 , .309 , 23.7 , 3.65 , -4.1 , .309 , 23.5 , 3.63 , -4.3 , 84.6 
123,류지혁,23K삼3B, 84.4 , 522 , 0.38 , 8.8 , 14.0 , 0.63 , .042 , .072 , .312 , 5.4 , 3.71 , .309 , 52.2 , 3.89 , -9.3 , .308 , 51.9 , 3.87 , -9.6 , 84.4 
124,장운호,23한RF, 83.5 , 11 , 0.00 , 18.2 , 18.2 , 1.00 , .000 , .141 , .286 , 2.7 ,  , .306 , 1.1 , 4.14 , -0.2 , .307 , 1.1 , 4.17 , -0.2 , 83.5 
125,이재원,23LLF, 82.8 , 129 , 3.10 , 9.3 , 31.0 , 0.30 , .152 , .080 , .282 , 4.2 , 4.00 , .301 , 12.0 , 3.45 , -3.2 , .306 , 12.6 , 3.61 , -2.6 , 82.8 
126,안치영,23KRF, 82.6 , 136 , 0.00 , 4.4 , 25.7 , 0.17 , .040 , .041 , .400 , 6.9 , 0.00 , .310 , 13.7 , 3.92 , -2.4 , .306 , 13.2 , 3.80 , -2.8 , 82.6 
127,오재일,23삼1B, 82.4 , 364 , 3.02 , 11.8 , 30.2 , 0.39 , .152 , .099 , .269 , 2.8 , 1.83 , .309 , 36.4 , 3.85 , -6.5 , .305 , 35.3 , 3.74 , -7.5 , 82.4 
128,오선우,23K1B, 82.0 , 31 , 6.45 , 9.7 , 48.4 , 0.20 , .214 , .079 , .273 , 1.9 , 0.00 , .298 , 2.8 , 3.32 , -0.8 , .305 , 3.0 , 3.51 , -0.7 , 82.0 
129,홍현빈,23KCF, 81.3 , 86 , 0.00 , 15.1 , 24.4 , 0.62 , .027 , .116 , .327 , 4.1 , 0.00 , .308 , 8.5 , 3.96 , -1.6 , .304 , 8.2 , 3.83 , -1.9 , 81.3 
130,이원석,23삼키1B, 81.0 , 345 , 0.58 , 9.9 , 19.4 , 0.51 , .053 , .080 , .307 , 1.4 , 0.00 , .302 , 32.6 , 3.63 , -8.0 , .303 , 32.9 , 3.66 , -7.7 , 81.0 
131,김성현,23S2B, 81.0 , 354 , 0.28 , 8.2 , 10.2 , 0.81 , .055 , .061 , .298 , 3.5 , 1.60 , .300 , 33.0 , 3.58 , -8.7 , .303 , 33.8 , 3.66 , -7.9 , 81.0 
132,김동헌,23키C, 80.4 , 242 , 0.83 , 7.0 , 22.7 , 0.31 , .071 , .076 , .312 , 3.1 , 0.00 , .301 , 22.6 , 3.52 , -5.9 , .302 , 22.9 , 3.58 , -5.6 , 80.4 
133,오태곤,23S1B, 80.4 , 305 , 2.30 , 5.9 , 22.0 , 0.27 , .136 , .054 , .289 , 6.0 , 10.37 , .302 , 28.9 , 3.46 , -7.1 , .302 , 28.9 , 3.47 , -7.0 , 80.4 
134,고승민,23롯1B, 80.4 , 307 , 0.65 , 13.7 , 20.9 , 0.66 , .095 , .108 , .287 , 5.8 , 3.20 , .305 , 29.6 , 3.77 , -6.6 , .302 , 29.1 , 3.70 , -7.1 , 80.4 
135,김인환,23한1B, 80.2 , 365 , 1.92 , 9.6 , 24.9 , 0.39 , .114 , .077 , .287 , 2.8 , 1.75 , .301 , 34.2 , 3.56 , -8.8 , .302 , 34.5 , 3.59 , -8.5 , 80.2 
136,박세혁,23NC, 80.2 , 283 , 2.12 , 10.6 , 15.2 , 0.70 , .136 , .096 , .232 , 5.3 , 1.71 , .304 , 27.1 , 3.62 , -6.2 , .302 , 26.7 , 3.57 , -6.6 , 80.2 
137,김강민,23SCF, 79.8 , 166 , 1.21 , 13.9 , 22.9 , 0.61 , .066 , .109 , .290 , 3.5 , 2.00 , .302 , 15.6 , 3.71 , -3.9 , .302 , 15.6 , 3.70 , -3.9 , 79.8 
138,오선진,23한SS, 79.8 , 199 , 0.00 , 12.1 , 17.1 , 0.71 , .036 , .112 , .286 , 2.2 , 0.00 , .301 , 18.6 , 3.61 , -4.9 , .301 , 18.7 , 3.63 , -4.7 , 79.8 
139,신민재,23L2B, 79.3 , 331 , 0.00 , 8.8 , 10.3 , 0.85 , .032 , .067 , .312 , 6.9 , 0.00 , .301 , 31.0 , 3.42 , -8.0 , .301 , 30.9 , 3.41 , -8.1 , 79.3 
140,김재성,23삼C, 78.6 , 125 , 0.80 , 15.2 , 24.8 , 0.61 , .061 , .158 , .269 , 0.7 , 0.00 , .301 , 11.7 , 3.63 , -3.0 , .300 , 11.6 , 3.59 , -3.1 , 78.6 
141,최보성,23N3B, 78.4 , 21 , 0.00 , 9.5 , 9.5 , 1.00 , .000 , .070 , .294 , 1.2 ,  , .297 , 1.9 , 3.41 , -0.6 , .299 , 1.9 , 3.49 , -0.5 , 78.4 
142,조용호,23KRF, 78.4 , 184 , 0.00 , 12.5 , 13.6 , 0.92 , .012 , .094 , .294 , 3.9 , 0.00 , .303 , 17.5 , 3.80 , -4.2 , .299 , 17.0 , 3.70 , -4.7 , 78.4 
143,오영수,23N1B, 77.9 , 238 , 1.68 , 7.1 , 23.1 , 0.31 , .111 , .069 , .296 , 3.5 , 3.43 , .299 , 21.9 , 3.38 , -6.1 , .299 , 21.8 , 3.37 , -6.2 , 77.9 
144,김민석,23롯CF, 77.7 , 454 , 0.66 , 6.8 , 24.7 , 0.28 , .083 , .059 , .341 , 4.9 , 5.05 , .301 , 42.4 , 3.54 , -11.0 , .298 , 41.6 , 3.46 , -11.9 , 77.7 
145,안주형,23삼2B, 77.5 , 91 , 1.10 , 11.0 , 22.0 , 0.50 , .063 , .082 , .305 , 1.9 , 0.00 , .300 , 8.5 , 3.51 , -2.3 , .298 , 8.3 , 3.45 , -2.4 , 77.5 
146,전의산,23S1B, 77.3 , 153 , 2.61 , 9.8 , 26.1 , 0.38 , .134 , .093 , .253 , 2.4 , 0.00 , .299 , 14.1 , 3.44 , -3.9 , .298 , 13.9 , 3.39 , -4.1 , 77.3 
147,정은원,23한2B, 76.8 , 459 , 0.44 , 13.5 , 15.9 , 0.85 , .046 , .111 , .268 , 3.9 , 3.00 , .296 , 41.2 , 3.53 , -12.9 , .297 , 41.5 , 3.56 , -12.6 , 76.8 
148,이유찬,23두2B, 76.1 , 239 , 0.42 , 8.4 , 21.3 , 0.39 , .067 , .073 , .315 , 7.2 , 1.85 , .296 , 21.4 , 3.40 , -6.7 , .296 , 21.4 , 3.40 , -6.7 , 76.1 
149,양찬열,23두RF, 76.0 , 99 , 0.00 , 9.1 , 23.2 , 0.39 , .068 , .074 , .318 , 6.8 , 0.00 , .299 , 9.1 , 3.45 , -2.6 , .296 , 8.9 , 3.37 , -2.8 , 76.0 
150,노수광,23한LF, 75.3 , 94 , 0.00 , 13.8 , 28.7 , 0.48 , .065 , .105 , .327 , 1.9 , 0.00 , .293 , 8.2 , 3.27 , -2.8 , .295 , 8.3 , 3.31 , -2.7 , 75.3 
151,김동진,23삼2B, 74.9 , 137 , 0.00 , 6.6 , 19.0 , 0.35 , .057 , .051 , .327 , 3.3 , 0.00 , .296 , 12.2 , 3.34 , -3.9 , .294 , 12.1 , 3.29 , -4.1 , 74.9 
152,황대인,23K1B, 74.2 , 199 , 2.51 , 9.1 , 25.1 , 0.36 , .109 , .084 , .262 , 1.3 , 0.00 , .291 , 17.0 , 3.14 , -6.5 , .293 , 17.4 , 3.22 , -6.0 , 74.2 
153,정준영,23KCF, 73.6 , 55 , 0.00 , 5.5 , 20.0 , 0.27 , .042 , .042 , .378 , 2.4 ,  , .296 , 4.9 , 3.43 , -1.5 , .292 , 4.8 , 3.30 , -1.7 , 73.6 
154,윤정빈,23삼1B, 71.7 , 43 , 2.33 , 16.3 , 27.9 , 0.58 , .088 , .179 , .191 , 2.6 , 1.00 , .291 , 3.7 , 3.33 , -1.4 , .290 , 3.6 , 3.27 , -1.4 , 71.7 
155,천재환,23NCF, 71.4 , 179 , 1.12 , 5.0 , 24.6 , 0.21 , .092 , .049 , .311 , 3.1 , 2.00 , .289 , 15.0 , 2.98 , -6.1 , .289 , 15.0 , 2.99 , -6.0 , 71.4 
156,김규성,23K2B, 71.2 , 177 , 1.13 , 7.3 , 24.3 , 0.30 , .089 , .062 , .310 , 6.3 , 3.00 , .287 , 14.6 , 3.03 , -6.2 , .289 , 14.8 , 3.08 , -6.0 , 71.2 
157,박유연,23두C, 70.8 , 16 , 0.00 , 0.0 , 25.0 , 0.00 , .133 , .000 , .364 , 3.9 ,  , .286 , 1.3 , 2.93 , -0.6 , .288 , 1.3 , 3.00 , -0.6 , 70.8 
158,이용규,23키LF, 70.3 , 178 , 0.00 , 10.7 , 12.4 , 0.86 , .039 , .084 , .269 , 5.4 , 0.00 , .287 , 14.7 , 3.15 , -6.3 , .287 , 14.7 , 3.16 , -6.2 , 70.3 
159,이학주,23롯SS, 70.3 , 122 , 2.46 , 9.0 , 25.4 , 0.36 , .100 , .078 , .263 , 4.9 , 3.43 , .286 , 10.0 , 2.99 , -4.4 , .287 , 10.1 , 3.03 , -4.3 , 70.3 
160,김민수,23롯3B, 69.2 , 51 , 0.00 , 13.7 , 33.3 , 0.41 , .070 , .111 , .346 , 2.9 ,  , .290 , 4.3 , 3.16 , -1.7 , .286 , 4.2 , 3.03 , -1.9 , 69.2 
161,김태군,23삼KC, 68.4 , 346 , 0.29 , 4.3 , 8.7 , 0.50 , .048 , .048 , .278 , 2.0 , 1.33 , .285 , 27.9 , 2.89 , -12.8 , .285 , 27.9 , 2.88 , -12.9 , 68.4 
162,박경수,23K2B, 68.3 , 221 , 0.45 , 13.6 , 20.8 , 0.65 , .087 , .115 , .261 , 1.8 , 0.00 , .288 , 18.3 , 3.19 , -7.7 , .284 , 17.8 , 3.10 , -8.3 , 68.3 
163,손성빈,23롯C, 68.2 , 80 , 1.25 , 2.5 , 12.5 , 0.20 , .079 , .019 , .292 , 2.6 , 0.00 , .285 , 6.5 , 2.87 , -2.9 , .284 , 6.4 , 2.85 , -3.0 , 68.2 
164,이도윤,23한SS, 68.1 , 346 , 0.29 , 5.2 , 15.9 , 0.33 , .065 , .050 , .304 , 5.5 , 1.83 , .282 , 27.2 , 2.88 , -13.5 , .284 , 27.8 , 2.94 , -13.0 , 68.1 
165,김찬형,23S3B, 67.6 , 53 , 1.89 , 3.8 , 18.9 , 0.20 , .125 , .045 , .270 , 2.6 , 0.00 , .283 , 4.2 , 2.83 , -2.0 , .283 , 4.2 , 2.85 , -2.0 , 67.6 
166,이태훈,23삼1B, 67.2 , 14 , 0.00 , 7.1 , 50.0 , 0.14 , .077 , .055 , .500 , 2.7 ,  , .284 , 1.1 , 3.01 , -0.5 , .283 , 1.1 , 2.99 , -0.5 , 67.2 
167,박석민,23N3B, 67.1 , 107 , 0.94 , 13.1 , 20.6 , 0.64 , .046 , .128 , .242 , 0.9 , 0.00 , .282 , 8.4 , 2.96 , -4.2 , .283 , 8.5 , 2.97 , -4.1 , 67.1 
168,김태진,23키3B, 65.3 , 212 , 0.00 , 2.4 , 10.9 , 0.22 , .030 , .017 , .306 , 2.6 ,  , .279 , 16.2 , 2.87 , -8.8 , .280 , 16.3 , 2.89 , -8.7 , 65.3 
169,김민식,23SC, 65.1 , 318 , 1.57 , 9.8 , 17.9 , 0.54 , .098 , .084 , .257 , 2.5 , 0.00 , .279 , 24.3 , 2.82 , -13.2 , .280 , 24.4 , 2.82 , -13.1 , 65.1 
170,김준완,23키LF, 64.4 , 225 , 0.00 , 11.6 , 25.3 , 0.46 , .037 , .093 , .311 , 2.8 ,  , .277 , 16.9 , 2.88 , -9.6 , .279 , 17.1 , 2.92 , -9.4 , 64.4 
171,이원석,23한CF, 64.2 , 138 , 0.00 , 15.2 , 23.9 , 0.64 , .026 , .129 , .265 , 7.0 , 0.00 , .276 , 10.2 , 2.76 , -6.0 , .278 , 10.4 , 2.82 , -5.8 , 64.2 
172,안상현,23S2B, 64.0 , 66 , 0.00 , 7.6 , 22.7 , 0.33 , .052 , .060 , .326 , 5.0 , 0.00 , .275 , 4.8 , 2.65 , -3.0 , .278 , 5.0 , 2.74 , -2.8 , 64.0 
173,한동희,23롯3B, 62.1 , 353 , 1.42 , 7.4 , 16.4 , 0.45 , .082 , .057 , .253 , 1.4 , 1.67 , .276 , 26.0 , 2.56 , -15.6 , .275 , 25.8 , 2.55 , -15.7 , 62.1 
174,이지영,23키C, 61.1 , 237 , 0.00 , 5.1 , 16.5 , 0.31 , .046 , .042 , .303 , 4.1 , 0.00 , .273 , 17.0 , 2.65 , -10.9 , .274 , 17.1 , 2.66 , -10.9 , 61.1 
175,안중열,23NC, 60.8 , 177 , 2.26 , 9.0 , 25.4 , 0.36 , .117 , .081 , .243 , 1.0 , 0.00 , .275 , 12.9 , 2.58 , -8.0 , .273 , 12.7 , 2.53 , -8.2 , 60.8 
176,김대한,23두RF, 60.4 , 89 , 1.12 , 7.9 , 23.6 , 0.33 , .099 , .072 , .254 , 6.4 , 1.00 , .271 , 6.2 , 2.47 , -4.3 , .273 , 6.3 , 2.52 , -4.1 , 60.4 
177,장진혁,23한CF, 59.3 , 178 , 0.00 , 8.4 , 23.0 , 0.37 , .043 , .064 , .295 , 5.6 , 0.00 , .269 , 12.1 , 2.45 , -8.8 , .271 , 12.4 , 2.51 , -8.5 , 59.3 
178,박계범,23두SS, 58.4 , 194 , 1.03 , 7.7 , 22.7 , 0.34 , .071 , .067 , .278 , 2.9 , 2.00 , .267 , 13.0 , 2.40 , -9.9 , .270 , 13.3 , 2.47 , -9.5 , 58.4 
179,박지훈,23두1B, 58.1 , 21 , 0.00 , 9.5 , 33.3 , 0.29 , .053 , .075 , .333 , 4.5 , 0.00 , .269 , 1.4 , 2.58 , -1.0 , .269 , 1.4 , 2.59 , -1.0 , 58.1 
180,조수행,23두RF, 57.2 , 249 , 0.40 , 9.2 , 15.3 , 0.61 , .032 , .079 , .260 , 7.4 , 1.93 , .268 , 16.8 , 2.46 , -12.6 , .268 , 16.8 , 2.46 , -12.6 , 57.2 
181,강준서,23삼LF, 54.0 , 15 , 0.00 , 6.7 , 13.3 , 0.50 , .071 , .052 , .250 , 5.2 ,  , .265 , 1.0 , 2.18 , -0.8 , .263 , 1.0 , 2.15 , -0.8 , 54.0 
182,송승환,23두LF, 53.3 , 76 , 0.00 , 5.3 , 21.1 , 0.25 , .071 , .042 , .296 , 5.4 ,  , .264 , 4.9 , 2.22 , -4.1 , .262 , 4.8 , 2.18 , -4.2 , 53.3 
183,김건희,23키1B, 52.6 , 13 , 0.00 , 15.4 , 30.8 , 0.50 , .000 , .126 , .286 , 0.1 ,  , .259 , 0.8 , 2.11 , -0.7 , .261 , 0.8 , 2.18 , -0.7 , 52.6 
184,이성규,23삼CF, 51.7 , 162 , 0.62 , 4.9 , 25.9 , 0.19 , .103 , .053 , .279 , 5.5 , 1.60 , .262 , 10.1 , 2.13 , -9.0 , .260 , 9.9 , 2.08 , -9.2 , 51.7 
185,강민성,23K3B, 51.3 , 27 , 0.00 , 14.8 , 37.0 , 0.40 , .046 , .126 , .333 , 2.7 ,  , .263 , 1.7 , 2.44 , -1.5 , .259 , 1.6 , 2.32 , -1.5 , 51.3 
186,예진원,23키LF, 51.1 , 36 , 2.78 , 0.0 , 19.4 , 0.00 , .118 , .000 , .269 , 2.1 , 0.00 , .254 , 2.0 , 1.96 , -2.2 , .259 , 2.2 , 2.09 , -2.1 , 51.1 
187,박찬혁,23키LF, 50.8 , 167 , 0.60 , 6.0 , 24.6 , 0.24 , .065 , .062 , .268 , 2.6 , 0.00 , .257 , 9.8 , 2.13 , -9.9 , .259 , 10.0 , 2.18 , -9.7 , 50.8 
188,김시앙,23키C, 50.7 , 82 , 0.00 , 3.7 , 22.0 , 0.17 , .013 , .057 , .293 , 0.9 ,  , .257 , 4.8 , 2.06 , -4.9 , .258 , 4.9 , 2.10 , -4.8 , 50.7 
189,최상민,23SCF, 50.6 , 41 , 0.00 , 9.8 , 17.1 , 0.57 , .000 , .072 , .286 , 5.3 , 0.00 , .257 , 2.4 , 2.10 , -2.4 , .258 , 2.4 , 2.13 , -2.4 , 50.6 
190,안승한,23두C, 50.2 , 27 , 0.00 , 7.4 , 37.0 , 0.20 , .000 , .088 , .357 , 3.3 , 0.00 , .259 , 1.6 , 2.31 , -1.6 , .258 , 1.6 , 2.27 , -1.6 , 50.2 
191,강한울,23삼3B, 50.0 , 240 , 0.00 , 8.3 , 22.5 , 0.37 , .052 , .065 , .288 , 5.1 , 0.00 , .259 , 14.4 , 2.15 , -13.9 , .257 , 14.1 , 2.11 , -14.1 , 50.0 
192,전민재,23두3B, 49.3 , 18 , 0.00 , 0.0 , 16.7 , 0.00 , .118 , .000 , .286 , 4.0 ,  , .254 , 1.0 , 1.44 , -1.1 , .256 , 1.0 , 1.49 , -1.1 , 49.3 
193,김영웅,23삼3B, 48.8 , 103 , 1.94 , 7.8 , 27.2 , 0.29 , .132 , .063 , .242 , 3.3 , 1.33 , .258 , 6.1 , 2.07 , -6.0 , .256 , 5.9 , 2.00 , -6.2 , 48.8 
194,전병우,23키1B, 48.4 , 75 , 1.33 , 13.3 , 37.3 , 0.36 , .097 , .129 , .242 , 2.7 , 0.00 , .252 , 4.1 , 2.01 , -4.7 , .255 , 4.3 , 2.10 , -4.6 , 48.4 
195,장준원,23KSS, 46.9 , 104 , 0.96 , 11.5 , 24.0 , 0.48 , .081 , .105 , .226 , 6.2 , 1.50 , .254 , 5.9 , 2.06 , -6.4 , .253 , 5.7 , 2.01 , -6.5 , 46.9 
196,서건창,23L2B, 45.7 , 126 , 0.00 , 7.9 , 11.1 , 0.71 , .082 , .060 , .222 , 5.5 , 0.00 , .251 , 6.8 , 1.79 , -8.1 , .251 , 6.8 , 1.79 , -8.1 , 45.7 
197,김웅빈,23키1B, 45.2 , 74 , 0.00 , 8.1 , 27.0 , 0.30 , .047 , .083 , .261 , 1.3 ,  , .250 , 3.9 , 1.92 , -4.8 , .250 , 3.9 , 1.93 , -4.8 , 45.2 
198,공민규,23삼3B, 44.8 , 33 , 0.00 , 6.1 , 39.4 , 0.15 , .097 , .049 , .333 , 2.3 ,  , .251 , 1.8 , 1.84 , -2.1 , .250 , 1.7 , 1.81 , -2.1 , 44.8 
199,박상언,23한C, 43.0 , 161 , 0.62 , 6.2 , 23.6 , 0.26 , .069 , .053 , .259 , 3.2 , 1.00 , .245 , 7.9 , 1.66 , -11.0 , .247 , 8.2 , 1.71 , -10.8 , 43.0 
200,강현우,23KC, 42.6 , 111 , 0.90 , 5.4 , 15.3 , 0.35 , .087 , .051 , .224 , 2.8 , 0.00 , .249 , 5.8 , 1.78 , -7.3 , .246 , 5.6 , 1.71 , -7.5 , 42.6 
201,신범수,23KC, 41.6 , 100 , 2.00 , 7.0 , 19.0 , 0.37 , .102 , .074 , .191 , 1.3 , 0.00 , .244 , 4.8 , 1.64 , -7.0 , .245 , 4.9 , 1.67 , -6.9 , 41.6 
202,홍종표,23K2B, 41.1 , 12 , 0.00 , 25.0 , 8.3 , 3.00 , .000 , .364 , .000 , 3.9 ,  , .245 , 0.6 , 2.00 , -0.8 , .244 , 0.6 , 1.96 , -0.8 , 41.1 
203,황성빈,23롯LF, 41.0 , 191 , 0.00 , 6.3 , 14.1 , 0.44 , .053 , .056 , .252 , 7.3 , 0.00 , .247 , 9.7 , 1.77 , -12.8 , .244 , 9.2 , 1.68 , -13.3 , 41.0 
204,김재상,23삼, 40.5 , 22 , 4.55 , 9.1 , 18.2 , 0.50 , .150 , .077 , .133 , 0.1 , 0.00 , .248 , 1.1 , 1.71 , -1.5 , .243 , 1.0 , 1.57 , -1.5 , 40.5 
205,조형우,23SC, 39.9 , 133 , 1.50 , 6.0 , 18.8 , 0.32 , .101 , .055 , .215 , 3.4 , 0.00 , .241 , 6.1 , 1.59 , -9.5 , .242 , 6.3 , 1.62 , -9.4 , 39.9 
206,김한별,23NSS, 39.6 , 105 , 0.00 , 3.8 , 21.9 , 0.17 , .021 , .046 , .284 , 3.6 ,  , .240 , 4.7 , 1.47 , -7.6 , .242 , 4.9 , 1.52 , -7.5 , 39.6 
207,류승민,23삼RF, 39.6 , 57 , 0.00 , 3.5 , 33.3 , 0.11 , .058 , .043 , .333 , 3.2 ,  , .243 , 2.7 , 1.70 , -4.0 , .242 , 2.7 , 1.67 , -4.1 , 39.6 
208,김호재,23삼3B, 39.5 , 127 , 0.00 , 4.7 , 13.4 , 0.35 , .060 , .039 , .253 , 2.5 , 0.00 , .243 , 6.0 , 1.63 , -8.9 , .242 , 5.9 , 1.59 , -9.1 , 39.5 
209,김수윤,23N3B, 39.4 , 15 , 0.00 , 6.7 , 26.7 , 0.25 , .000 , .052 , .300 , 1.9 ,  , .240 , 0.7 , 1.65 , -1.1 , .242 , 0.7 , 1.71 , -1.1 , 39.4 
210,안재석,23두SS, 39.1 , 68 , 1.47 , 4.4 , 17.7 , 0.25 , .109 , .033 , .212 , 7.5 , 1.33 , .239 , 3.0 , 1.53 , -5.0 , .241 , 3.1 , 1.60 , -4.9 , 39.1 
211,박정우,23KRF, 38.1 , 12 , 0.00 , 0.0 , 8.3 , 0.00 , .000 , .000 , .375 , 3.9 ,  , .239 , 0.5 , 1.58 , -0.9 , .240 , 0.5 , 1.62 , -0.9 , 38.1 
212,김호령,23KCF, 36.4 , 107 , 0.00 , 7.5 , 35.5 , 0.21 , .074 , .071 , .298 , 4.3 , 0.00 , .238 , 4.6 , 1.53 , -8.0 , .237 , 4.6 , 1.51 , -8.0 , 36.4 
213,허도환,23LC, 36.3 , 81 , 2.47 , 3.7 , 24.7 , 0.15 , .141 , .103 , .163 , 1.5 , 0.00 , .231 , 3.1 , 1.27 , -6.4 , .237 , 3.5 , 1.42 , -6.1 , 36.3 
214,권광민,23한LF, 36.1 , 81 , 2.47 , 7.4 , 29.6 , 0.25 , .123 , .074 , .192 , 6.2 , 2.00 , .235 , 3.3 , 1.37 , -6.2 , .237 , 3.4 , 1.43 , -6.1 , 36.1 
215,송준석,23삼RF, 35.9 , 8 , 0.00 , 0.0 , 0.0 ,  , .000 , .000 , .250 , 1.9 ,  , .239 , 0.4 , 1.58 , -0.6 , .237 , 0.3 , 1.52 , -0.6 , 35.9 
216,윤수녕,23롯RF, 35.9 , 4 , 0.00 , 0.0 , 25.0 , 0.00 , .000 , .000 , .333 , 1.9 ,  , .239 , 0.2 , 1.58 , -0.3 , .236 , 0.2 , 1.52 , -0.3 , 35.9 
217,손호영,23LSS, 35.0 , 45 , 2.22 , 2.2 , 26.7 , 0.08 , .068 , .018 , .258 , 4.0 , 1.33 , .232 , 1.8 , 1.16 , -3.5 , .235 , 1.9 , 1.22 , -3.4 , 35.0 
218,박정현,23한SS, 34.6 , 113 , 1.77 , 2.7 , 31.9 , 0.08 , .114 , .037 , .254 , 2.8 , 0.00 , .234 , 4.5 , 1.34 , -8.8 , .235 , 4.6 , 1.37 , -8.7 , 34.6 
219,주성원,23키RF, 31.1 , 72 , 0.00 , 1.4 , 25.0 , 0.06 , .058 , .008 , .289 , 5.0 ,  , .229 , 2.6 , 1.25 , -5.8 , .229 , 2.6 , 1.25 , -5.8 , 31.1 
220,장승현,23두C, 30.0 , 158 , 1.90 , 3.8 , 22.8 , 0.17 , .072 , .077 , .190 , 2.8 , 1.50 , .223 , 5.0 , 1.09 , -13.6 , .228 , 5.6 , 1.21 , -13.0 , 30.0 
221,이병규,23키1B, 29.3 , 17 , 0.00 , 0.0 , 23.5 , 0.00 , .000 , .000 , .308 , 3.9 ,  , .225 , 0.6 , 1.16 , -1.4 , .227 , 0.6 , 1.22 , -1.4 , 29.3 
222,김태근,23두RF, 28.5 , 55 , 0.00 , 0.0 , 38.2 , 0.00 , .058 , .015 , .355 , 5.2 ,  , .225 , 1.8 , 1.08 , -4.6 , .226 , 1.8 , 1.08 , -4.6 , 28.5 
223,한석현,23NLF, 28.1 , 66 , 0.00 , 6.1 , 30.3 , 0.20 , .017 , .050 , .300 , 3.1 , 0.00 , .223 , 2.1 , 1.07 , -5.7 , .225 , 2.2 , 1.11 , -5.6 , 28.1 
224,박민석,23KSS, 27.2 , 4 , 0.00 , 0.0 , 75.0 , 0.00 , .000 , .000 , 1.000 , 3.9 ,  , .239 , 0.2 , 1.58 , -0.3 , .224 , 0.1 , 1.15 , -0.3 , 27.2 
225,조민성,23삼1B, 26.1 , 29 , 0.00 , 0.0 , 20.7 , 0.00 , .069 , .000 , .261 , 2.1 ,  , .224 , 0.9 , 1.00 , -2.5 , .222 , 0.9 , 0.96 , -2.5 , 26.1 
226,서동욱,23롯RF, 25.5 , 20 , 0.00 , 15.0 , 25.0 , 0.60 , .059 , .132 , .167 , 1.6 ,  , .224 , 0.6 , 1.08 , -1.7 , .221 , 0.6 , 1.01 , -1.8 , 25.5 
227,김민혁,23두1B, 24.1 , 36 , 0.00 , 11.1 , 25.0 , 0.44 , .035 , .112 , .182 , 0.7 ,  , .219 , 1.0 , 0.91 , -3.2 , .219 , 1.0 , 0.92 , -3.2 , 24.1 
228,김주형,23키SS, 23.8 , 81 , 0.00 , 11.1 , 33.3 , 0.33 , .029 , .108 , .238 , 1.3 ,  , .217 , 2.2 , 0.94 , -7.3 , .219 , 2.3 , 0.97 , -7.3 , 23.8 
229,오장한,23NRF, 18.6 , 8 , 0.00 , 12.5 , 62.5 , 0.20 , .000 , .107 , .500 , 3.9 ,  , .210 , 0.2 , 0.77 , -0.8 , .211 , 0.2 , 0.79 , -0.8 , 18.6 
230,김도환,23삼C, 18.0 , 8 , 0.00 , 12.5 , 0.0 ,  , .000 , .107 , .143 , 1.9 ,  , .210 , 0.2 , 0.77 , -0.8 , .210 , 0.2 , 0.76 , -0.8 , 18.0 
231,신성현,23두1B, 17.5 , 15 , 0.00 , 20.0 , 26.7 , 0.75 , .000 , .183 , .125 , 4.0 ,  , .209 , 0.3 , 0.70 , -1.5 , .209 , 0.3 , 0.70 , -1.5 , 17.5 
232,이명기,23한DH, 13.9 , 42 , 0.00 , 4.8 , 21.4 , 0.22 , .025 , .039 , .226 , 3.8 , 0.00 , .203 , 0.6 , 0.53 , -4.3 , .204 , 0.7 , 0.56 , -4.3 , 13.9 
233,손민석,23K2B, 12.6 , 12 , 0.00 , 8.3 , 25.0 , 0.33 , .000 , .150 , .143 , 3.9 ,  , .204 , 0.2 , 0.58 , -1.2 , .202 , 0.2 , 0.54 , -1.2 , 12.6 
234,이흥련,23SC, 11.2 , 17 , 5.88 , 11.8 , 35.3 , 0.33 , .214 , .116 , .000 , 1.9 , 0.00 , .209 , 0.3 , 0.67 , -1.7 , .200 , 0.2 , 0.43 , -1.8 , 11.2 
235,한승택,23KC, 11.0 , 104 , 0.00 , 10.6 , 30.8 , 0.34 , .024 , .115 , .208 , 2.1 ,  , .200 , 1.4 , 0.46 , -10.9 , .200 , 1.4 , 0.45 , -10.9 , 11.0 
236,송찬의,23L1B, 7.8 , 22 , 0.00 , 18.2 , 27.3 , 0.67 , .056 , .172 , .083 , 5.0 , 0.00 , .193 , 0.2 , 0.27 , -2.4 , .195 , 0.2 , 0.32 , -2.4 , 7.8 
237,조현진,23NSS, 7.0 , 5 , 0.00 , 0.0 , 20.0 , 0.00 , .000 , .000 , .250 , 0.1 ,  , .191 , 0.0 , 0.16 , -0.6 , .194 , 0.0 , 0.22 , -0.5 , 7.0 
238,정대선,23롯2B, 5.4 , 47 , 0.00 , 4.3 , 17.0 , 0.25 , .025 , .067 , .177 , 3.9 ,  , .193 , 0.4 , 0.27 , -5.2 , .191 , 0.3 , 0.22 , -5.2 , 5.4 
239,서예일,23두2B, 4.4 , 10 , 0.00 , 0.0 , 20.0 , 0.00 , .000 , .022 , .250 , 3.9 ,  , .191 , 0.1 , 0.20 , -1.1 , .190 , 0.1 , 0.18 , -1.1 , 4.4 
240,이정범,23SDH, 4.2 , 33 , 0.00 , 6.1 , 18.2 , 0.33 , .000 , .040 , .200 , 1.6 ,  , .189 , 0.1 , 0.14 , -3.7 , .190 , 0.2 , 0.16 , -3.7 , 4.2 
241,김기연,23LC, 2.0 , 40 , 0.00 , 12.5 , 25.0 , 0.50 , .000 , .113 , .167 , 4.3 , 0.00 , .187 , 0.1 , 0.09 , -4.6 , .186 , 0.1 , 0.08 , -4.6 , 2.0 
242,류효승,23SDH, 0.9 , 4 , 0.00 , 0.0 , 0.0 ,  , .000 , .250 , .000 , 0.1 ,  , .190 , 0.0 , 0.14 , -0.5 , .185 , 0.0 , 0.03 , -0.5 , 0.9 
243,최정용,23K2B, 0.7 , 41 , 0.00 , 4.9 , 22.0 , 0.22 , .028 , .044 , .222 , 6.7 , 0.00 , .184 , 0.0 , 0.03 , -4.8 , .184 , 0.0 , 0.03 , -4.8 , 0.7 
244,유상빈,23한DH, 0.4 , 8 , 0.00 , 12.5 , 12.5 , 1.00 , .000 , .250 , .000 , 3.9 ,  , .186 , 0.0 , 0.08 , -0.9 , .184 , 0.0 , 0.02 , -0.9 , 0.4 
245,김범석,23L1B, -0.2 , 29 , 3.45 , 3.5 , 17.2 , 0.20 , .148 , .027 , .091 , 2.6 , 0.00 , .176 , -0.2 , -0.17 , -3.6 , .183 , -0.0 , -0.01 , -3.4 , -0.2 
246,이병헌,23삼C, -1.2 , 33 , 0.00 , 9.1 , 33.3 , 0.27 , .000 , .076 , .222 , 3.6 ,  , .182 , -0.0 , -0.04 , -3.9 , .182 , -0.0 , -0.05 , -3.9 , -1.2 
247,김석환,23K1B, -2.1 , 26 , 0.00 , 7.7 , 34.6 , 0.22 , .044 , .070 , .214 , 0.6 ,  , .181 , -0.1 , -0.07 , -3.1 , .180 , -0.1 , -0.08 , -3.1 , -2.1 
248,박준태,23키RF, -3.3 , 15 , 0.00 , 6.7 , 46.7 , 0.14 , .000 , .057 , .286 , 1.9 ,  , .176 , -0.1 , -0.20 , -1.9 , .178 , -0.1 , -0.13 , -1.8 , -3.3 
249,박주홍,23키1B, -3.7 , 57 , 0.00 , 8.8 , 45.6 , 0.19 , .040 , .073 , .231 , 6.8 , 0.00 , .177 , -0.3 , -0.17 , -7.0 , .178 , -0.3 , -0.15 , -7.0 , -3.7 
250,문상준,23K2B, -5.2 , 5 , 0.00 , 0.0 , 80.0 , 0.00 , .000 , .000 , 1.000 , 3.9 ,  , .191 , 0.0 , 0.20 , -0.6 , .176 , -0.0 , -0.21 , -0.6 , -5.2 
251,장두성,23롯CF, -5.9 , 15 , 0.00 , 6.7 , 20.0 , 0.33 , .000 , .060 , .200 , 4.6 , 0.00 , .176 , -0.1 , -0.19 , -1.9 , .175 , -0.1 , -0.22 , -1.9 , -5.9 
252,송민섭,23KRF, -7.9 , 25 , 0.00 , 4.0 , 32.0 , 0.13 , .000 , .070 , .200 , 6.4 , 0.00 , .174 , -0.2 , -0.24 , -3.1 , .172 , -0.2 , -0.30 , -3.2 , -7.9 
253,하주석,23한SS, -9.6 , 38 , 0.00 , 5.3 , 26.3 , 0.20 , .029 , .070 , .160 , 3.9 ,  , .169 , -0.4 , -0.38 , -4.9 , .169 , -0.4 , -0.37 , -4.9 , -9.6 
254,오그레디,23한LF, -10.4 , 86 , 0.00 , 5.8 , 46.5 , 0.13 , .038 , .049 , .244 , 3.4 , 0.00 , .167 , -1.2 , -0.44 , -11.3 , .168 , -1.1 , -0.40 , -11.2 , -10.4 
255,이성곤,23한DH, -12.0 , 16 , 0.00 , 6.3 , 18.8 , 0.33 , .000 , .057 , .182 , 3.9 ,  , .165 , -0.2 , -0.49 , -2.1 , .166 , -0.2 , -0.47 , -2.1 , -12.0 
256,이시원,23KRF, -13.9 , 32 , 0.00 , 6.3 , 18.8 , 0.33 , .000 , .056 , .174 , 5.0 ,  , .165 , -0.5 , -0.47 , -4.2 , .163 , -0.5 , -0.52 , -4.3 , -13.9 
257,김건,23한DH, -14.1 , 12 , 0.00 , 0.0 , 66.7 , 0.00 , .000 , .000 , .500 , 3.9 ,  , .159 , -0.2 , -0.62 , -1.6 , .162 , -0.2 , -0.54 , -1.6 , -14.1 
258,유로결,23한RF, -14.5 , 53 , 0.00 , 1.9 , 18.9 , 0.10 , .021 , .027 , .175 , 3.4 , 0.00 , .161 , -0.9 , -0.53 , -7.2 , .162 , -0.9 , -0.52 , -7.1 , -14.5 
259,김동혁,23롯RF, -15.0 , 9 , 0.00 , 22.2 , 33.3 , 0.67 , .000 , .222 , .000 , 6.2 , 0.00 , .162 , -0.2 , -0.59 , -1.2 , .161 , -0.2 , -0.62 , -1.2 , -15.0 
260,이상호,23K2B, -18.6 , 60 , 0.00 , 3.3 , 15.0 , 0.22 , .019 , .030 , .178 , 4.4 , 0.00 , .158 , -1.2 , -0.63 , -8.3 , .156 , -1.3 , -0.68 , -8.4 , -18.6 
261,김병휘,23키2B, -19.3 , 21 , 0.00 , 0.0 , 38.1 , 0.00 , .048 , .000 , .231 , 1.9 ,  , .154 , -0.5 , -0.73 , -3.0 , .155 , -0.5 , -0.72 , -3.0 , -19.3 
262,류현인,23K3B, -24.0 , 24 , 0.00 , 4.2 , 16.7 , 0.25 , .000 , .036 , .158 , 3.9 ,  , .150 , -0.6 , -0.87 , -3.5 , .148 , -0.7 , -0.92 , -3.5 , -24.0 
263,최경모,23S3B, -26.7 , 20 , 0.00 , 0.0 , 25.0 , 0.00 , .000 , .000 , .200 , 6.4 , 0.00 , .143 , -0.6 , -1.01 , -3.0 , .144 , -0.6 , -1.00 , -3.0 , -26.7 
264,신준우,23키SS, -28.5 , 19 , 0.00 , 0.0 , 26.3 , 0.00 , .000 , .047 , .154 , 3.9 ,  , .140 , -0.6 , -1.09 , -2.9 , .141 , -0.6 , -1.08 , -2.9 , -28.5 
265,박주찬,23N3B, -30.4 , 14 , 0.00 , 0.0 , 14.3 , 0.00 , .000 , .000 , .167 , 3.9 ,  , .136 , -0.5 , -1.18 , -2.2 , .138 , -0.5 , -1.13 , -2.1 , -30.4 
266,김선우,23KC, -31.2 , 7 , 0.00 , 0.0 , 28.6 , 0.00 , .000 , .000 , .200 , 1.9 ,  , .136 , -0.3 , -1.18 , -1.1 , .137 , -0.3 , -1.16 , -1.1 , -31.2 
267,김상민,23삼LF, -36.5 , 13 , 0.00 , 7.7 , 23.1 , 0.33 , .000 , .071 , .111 , 3.9 ,  , .129 , -0.6 , -1.37 , -2.1 , .129 , -0.6 , -1.37 , -2.1 , -36.5 
268,박영빈,23NDH, -43.1 , 17 , 0.00 , 5.9 , 35.3 , 0.17 , .071 , .062 , .125 , 6.4 , 0.00 , .121 , -0.8 , -1.34 , -2.8 , .120 , -0.9 , -1.37 , -2.9 , -43.1 
269,이재원,23SC, -43.3 , 48 , 0.00 , 4.2 , 16.7 , 0.25 , .023 , .037 , .108 , 2.1 ,  , .118 , -2.5 , -1.47 , -8.2 , .119 , -2.4 , -1.44 , -8.1 , -43.3 
270,최승민,23LCF, -48.1 , 15 , 0.00 , 6.7 , 26.7 , 0.25 , .000 , .062 , .100 , 4.8 , 0.00 , .112 , -0.8 , -1.35 , -2.6 , .112 , -0.9 , -1.35 , -2.6 , -48.1 
271,김태훈,23삼LF, -54.0 , 22 , 0.00 , 0.0 , 40.9 , 0.00 , .048 , .000 , .167 , 2.0 ,  , .104 , -1.4 , -1.71 , -4.0 , .103 , -1.4 , -1.72 , -4.0 , -54.0 
272,김재현,23키C, -58.7 , 10 , 0.00 , 0.0 , 30.0 , 0.00 , .000 , .000 , .167 , 0.1 ,  , .095 , -0.7 , -1.89 , -1.9 , .097 , -0.7 , -1.87 , -1.9 , -58.7 
273,지시완,23롯C, -60.3 , 10 , 0.00 , 0.0 , 50.0 , 0.00 , .000 , .000 , .333 , 1.9 ,  , .095 , -0.7 , -2.10 , -1.9 , .094 , -0.7 , -2.13 , -1.9 , -60.3 
274,주효상,23KC, -60.7 , 36 , 0.00 , 5.6 , 27.8 , 0.20 , .000 , .055 , .091 , 2.6 ,  , .094 , -2.6 , -2.11 , -6.8 , .094 , -2.6 , -2.11 , -6.8 , -60.7 
275,신윤후,23롯LF, -62.5 , 27 , 0.00 , 0.0 , 29.6 , 0.00 , .000 , .071 , .059 , 5.8 , 0.00 , .092 , -2.0 , -2.22 , -5.1 , .091 , -2.0 , -2.23 , -5.2 , -62.5 
276,김병희,23K3B, -69.4 , 9 , 0.00 , 11.1 , 44.4 , 0.25 , .000 , .111 , .000 , 1.9 ,  , .081 , -0.7 , -2.47 , -1.8 , .081 , -0.7 , -2.48 , -1.8 , -69.4 
277,이상민,23삼P, -123.9 , 1 , 0.00 , 0.0 , 0.0 ,  , .000 , .000 , .000 ,  ,  , .000 , -0.1 , -3.94 , -0.3 , .000 , -0.1 , -3.94 , -0.3 , -123.9 
,전사민,23NP, -123.9 , 1 , 0.00 , 0.0 , 0.0 ,  , .000 , .000 , .000 ,  ,  , .000 , -0.1 , -3.94 , -0.3 , .000 , -0.1 , -3.94 , -0.3 , -123.9 
,전준호,23LC, -123.9 , 1 , 0.00 , 0.0 , 0.0 ,  , .000 , .000 , .000 ,  ,  , .000 , -0.1 , -3.94 , -0.3 , .000 , -0.1 , -3.94 , -0.3 , -123.9 
,권민석,23두SS, -123.9 , 2 , 0.00 , 0.0 , 50.0 , 0.00 , .000 , .000 , .000 ,  ,  , .000 , -0.3 , -3.94 , -0.5 , .000 , -0.3 , -3.94 , -0.5 , -123.9 
,이상혁,23한CF, -123.9 , 2 , 0.00 , 0.0 , 50.0 , 0.00 , .000 , .000 , .000 ,  , 0.00 , .000 , -0.3 , -2.63 , -0.5 , .000 , -0.3 , -2.63 , -0.5 , -123.9 
,고명준,23S1B, -123.9 , 4 , 0.00 , 0.0 , 75.0 , 0.00 , .000 , .000 , .000 ,  ,  , .000 , -0.6 , -3.94 , -1.1 , .000 , -0.6 , -3.94 , -1.1 , -123.9 
,송대현,23LSS, -123.9 , 3 , 0.00 , 0.0 , 66.7 , 0.00 , .000 , .000 , .000 ,  ,  , .000 , -0.4 , -3.94 , -0.8 , .000 , -0.4 , -3.94 , -0.8 , -123.9 
,김건웅,23S1B, -123.9 , 3 , 0.00 , 0.0 , 66.7 , 0.00 , .000 , .000 , .000 ,  ,  , .000 , -0.4 , -3.94 , -0.8 , .000 , -0.4 , -3.94 , -0.8 , -123.9 
,장지승,23한, -123.9 , 3 , 0.00 , 0.0 , 0.0 ,  , .000 , .000 , .000 ,  ,  , .000 , -0.4 , -3.94 , -0.8 , .000 , -0.4 , -3.94 , -0.8 , -123.9 
,김헌곤,23삼, -123.9 , 4 , 0.00 , 0.0 , 25.0 , 0.00 , .000 , .000 , .000 ,  ,  , .000 , -0.6 , -3.94 , -1.1 , .000 , -0.6 , -3.94 , -1.1 , -123.9 
,이승원,23키SS, -123.9 , 5 , 0.00 , 0.0 , 40.0 , 0.00 , .000 , .000 , .000 ,  ,  , .000 , -0.7 , -3.94 , -1.3 , .000 , -0.7 , -3.94 , -1.3 , -123.9 
,허관회,23한C, -123.9 , 7 , 0.00 , 0.0 , 28.6 , 0.00 , .000 , .000 , .000 ,  ,  , .000 , -1.0 , -3.94 , -1.8 , .000 , -1.0 , -3.94 , -1.8 , -123.9 
289,김병준,23KCF,  , 2 , 0.00 , 0.0 , 100.0 , 0.00 , .000 , .000 ,  ,  ,  , .000 , -0.3 , -3.94 , -0.5 ,  ,  ,  ,  ,  
,박형준,23롯,  , 1 , 0.00 , 0.0 , 100.0 , 0.00 , .000 , .000 ,  ,  ,  , .000 , -0.1 , -3.94 , -0.3 ,  ,  ,  ,  ,  
,김민수,23삼C,  , 1 , 0.00 , 0.0 , 100.0 , 0.00 , .000 , .000 ,  ,  ,  , .000 , -0.1 , -3.94 , -0.3 ,  ,  ,  ,  ,  
,윤도현,23K3B,  , 1 , 0.00 , 0.0 , 100.0 , 0.00 , .000 , .000 ,  ,  ,  , .000 , -0.1 , -3.94 , -0.3 ,  ,  ,  ,  ,  
,오태양,23NCF,  , 3 , 0.00 , 0.0 , 100.0 , 0.00 , .000 , .000 ,  ,  , 0.00 , .000 , -0.4 , -1.97 , -0.8 ,  ,  ,  ,  ,  
