순,이름,팀/포지션,정렬용,타석,뜬공,땅볼,FO/GO,InP%,방향_내야%,방향_외야%,BABIP,타율_내,타율_외,내야뜬공_개수,내야뜬공_%,내야안타_개수,내야안타_%,실책출루,포스o출루,번트_안타,번트_아웃,번트_타율,번트_시도,번트_%
1,김병휘,23키2B, 9.00 , 21 , 9 , 1 , 9.00 , 61.9 , 23.1 , 76.9 , .231 , .000 , .300 , 2 , 22.2 , 0 , 0.0 , 0 , 0 , 0 , 0 ,  , 0 ,  
2,장운호,23한RF, 4.00 , 11 , 4 , 1 , 4.00 , 63.6 , 57.1 , 42.9 , .286 , .000 , .667 , 3 , 75.0 , 0 , 0.0 , 0 , 0 , 0 , 0 ,  , 0 ,  
,유상빈,23한DH, 4.00 , 8 , 4 , 1 , 4.00 , 62.5 , 60.0 , 40.0 , .000 , .000 , .000 , 2 , 50.0 , 0 ,  , 0 , 0 , 0 , 0 ,  , 0 ,  
,서예일,23두2B, 4.00 , 10 , 4 , 1 , 4.00 , 80.0 , 28.6 , 71.4 , .250 , .000 , .400 , 1 , 25.0 , 0 , 0.0 , 0 , 0 , 0 , 0 ,  , 0 ,  
5,강민성,23K3B, 3.00 , 27 , 6 , 2 , 3.00 , 44.4 , 25.0 , 75.0 , .333 , .000 , .444 , 1 , 16.7 , 0 , 0.0 , 0 , 1 , 0 , 0 ,  , 0 ,  
,김선우,23KC, 3.00 , 7 , 3 , 1 , 3.00 , 71.4 , 60.0 , 40.0 , .200 , .333 , .000 , 1 , 33.3 , 1 , 100.0 , 0 , 0 , 0 , 0 ,  , 0 ,  
,최경모,23S3B, 3.00 , 20 , 9 , 3 , 3.00 , 75.0 , 46.7 , 53.3 , .200 , .143 , .250 , 3 , 33.3 , 1 , 33.3 , 0 , 0 , 0 , 0 ,  , 1 , 0.0 
8,오재일,23삼1B, 2.53 , 364 , 101 , 40 , 2.53 , 57.1 , 36.6 , 63.4 , .269 , .067 , .454 , 30 , 29.7 , 5 , 7.8 , 2 , 8 , 0 , 0 ,  , 1 , 0.0 
9,박유연,23두C, 2.50 , 16 , 5 , 2 , 2.50 , 68.8 , 36.4 , 63.6 , .364 , .250 , .429 , 1 , 20.0 , 1 , 25.0 , 0 , 1 , 0 , 0 ,  , 0 ,  
10,김대한,23두RF, 2.39 , 89 , 31 , 13 , 2.39 , 67.4 , 51.7 , 48.3 , .254 , .000 , .552 , 18 , 58.1 , 0 , 0.0 , 1 , 3 , 0 , 1 , .000 , 2 , 0.0 
11,로하스,23두LF, 2.28 , 464 , 162 , 71 , 2.28 , 72.8 , 42.4 , 57.6 , .260 , .056 , .487 , 63 , 38.9 , 8 , 7.8 , 6 , 8 , 4 , 1 , .800 , 11 , 36.4 
12,김규성,23K2B, 2.16 , 177 , 54 , 25 , 2.16 , 65.0 , 43.5 , 56.5 , .310 , .060 , .523 , 23 , 42.6 , 3 , 8.1 , 5 , 5 , 1 , 0 , 1.000 , 10 , 10.0 
13,김호령,23KCF, 2.08 , 107 , 27 , 13 , 2.08 , 53.3 , 40.4 , 59.7 , .298 , .130 , .412 , 7 , 25.9 , 3 , 17.7 , 0 , 1 , 1 , 0 , 1.000 , 4 , 25.0 
14,최보성,23N3B, 2.00 , 21 , 8 , 4 , 2.00 , 81.0 , 47.1 , 52.9 , .294 , .125 , .444 , 3 , 37.5 , 1 , 20.0 , 0 , 0 , 0 , 0 ,  , 0 ,  
,박상언,23한C, 2.00 , 161 , 52 , 26 , 2.00 , 67.7 , 39.3 , 60.8 , .259 , .000 , .446 , 16 , 30.8 , 0 , 0.0 , 0 , 0 , 0 , 0 ,  , 1 , 0.0 
,장지승,23한, 2.00 , 3 , 2 , 1 , 2.00 , 100.0 , 66.7 , 33.3 , .000 , .000 , .000 , 1 , 50.0 , 0 ,  , 0 , 0 , 0 , 0 ,  , 0 ,  
,김헌곤,23삼, 2.00 , 4 , 2 , 1 , 2.00 , 75.0 , 100.0 , 0.0 , .000 , .000 ,  , 2 , 100.0 , 0 ,  , 0 , 1 , 0 , 0 ,  , 0 ,  
,이병규,23키1B, 2.00 , 17 , 6 , 3 , 2.00 , 76.5 , 38.5 , 61.5 , .308 , .200 , .375 , 1 , 16.7 , 1 , 25.0 , 0 , 2 , 0 , 1 , .000 , 1 , 0.0 
,이승원,23키SS, 2.00 , 5 , 2 , 1 , 2.00 , 60.0 , 66.7 , 33.3 , .000 , .000 , .000 , 1 , 50.0 , 0 ,  , 0 , 0 , 0 , 0 ,  , 0 ,  
20,최정,23S3B, 1.91 , 552 , 160 , 84 , 1.91 , 70.7 , 36.5 , 63.5 , .308 , .043 , .549 , 50 , 31.3 , 6 , 4.3 , 4 , 7 , 0 , 0 ,  , 0 ,  
21,박준영,23두3B, 1.88 , 138 , 30 , 16 , 1.88 , 53.6 , 44.6 , 55.4 , .343 , .121 , .585 , 13 , 43.3 , 4 , 14.3 , 3 , 3 , 0 , 3 , .000 , 3 , 0.0 
22,김기연,23LC, 1.86 , 40 , 13 , 7 , 1.86 , 60.0 , 54.2 , 45.8 , .167 , .000 , .364 , 6 , 46.2 , 0 , 0.0 , 2 , 2 , 0 , 1 , .000 , 2 , 0.0 
,김태근,23두RF, 1.86 , 55 , 13 , 7 , 1.86 , 56.4 , 35.5 , 64.5 , .355 , .182 , .450 , 2 , 15.4 , 2 , 18.2 , 0 , 1 , 0 , 1 , .000 , 4 , 0.0 
24,양의지,23두C, 1.85 , 509 , 161 , 87 , 1.85 , 75.6 , 39.3 , 60.7 , .318 , .060 , .539 , 54 , 33.5 , 9 , 6.7 , 1 , 4 , 0 , 0 ,  , 0 ,  
25,김형준,23NC, 1.82 , 82 , 20 , 11 , 1.82 , 58.5 , 31.3 , 68.8 , .262 , .000 , .515 , 4 , 20.0 , 0 , 0.0 , 0 , 0 , 0 , 0 ,  , 1 , 0.0 
26,이성규,23삼CF, 1.81 , 162 , 47 , 26 , 1.81 , 64.8 , 47.6 , 52.4 , .279 , .102 , .463 , 18 , 38.3 , 5 , 16.7 , 1 , 2 , 0 , 0 ,  , 5 , 0.0 
27,양석환,23두1B, 1.81 , 581 , 157 , 87 , 1.81 , 69.2 , 40.7 , 59.3 , .331 , .069 , .586 , 61 , 38.9 , 11 , 7.5 , 2 , 5 , 0 , 1 , .000 , 6 , 0.0 
28,오그레디,23한LF, 1.73 , 86 , 19 , 11 , 1.73 , 47.7 , 47.5 , 52.5 , .244 , .105 , .381 , 6 , 31.6 , 2 , 20.0 , 0 , 2 , 0 , 0 ,  , 1 , 0.0 
29,하재훈,23SLF, 1.72 , 229 , 55 , 32 , 1.72 , 65.5 , 37.8 , 62.2 , .378 , .036 , .641 , 22 , 40.0 , 2 , 3.3 , 1 , 6 , 0 , 1 , .000 , 2 , 0.0 
30,알포드,23KLF, 1.71 , 547 , 132 , 77 , 1.71 , 64.7 , 40.5 , 59.5 , .375 , .176 , .560 , 40 , 30.3 , 25 , 17.6 , 6 , 13 , 0 , 0 ,  , 0 ,  
31,정대선,23롯2B, 1.70 , 47 , 17 , 10 , 1.70 , 72.3 , 50.0 , 50.0 , .177 , .000 , .375 , 7 , 41.2 , 0 , 0.0 , 2 , 3 , 0 , 0 ,  , 0 ,  
32,이재원,23SC, 1.67 , 48 , 20 , 12 , 1.67 , 77.1 , 58.3 , 41.7 , .108 , .000 , .267 , 9 , 45.0 , 0 , 0.0 , 0 , 0 , 0 , 0 ,  , 0 ,  
33,김강민,23SCF, 1.65 , 166 , 43 , 26 , 1.65 , 61.5 , 36.4 , 63.6 , .290 , .028 , .476 , 10 , 23.3 , 1 , 3.2 , 3 , 4 , 0 , 0 ,  , 0 ,  
34,오스틴,23L1B, 1.64 , 583 , 175 , 107 , 1.64 , 77.5 , 39.8 , 60.2 , .326 , .062 , .567 , 59 , 33.7 , 11 , 6.8 , 6 , 15 , 0 , 0 ,  , 0 ,  
,최주환,23S2B, 1.64 , 478 , 144 , 88 , 1.64 , 70.1 , 42.2 , 57.8 , .254 , .036 , .495 , 47 , 32.6 , 5 , 5.0 , 6 , 12 , 0 , 2 , .000 , 3 , 0.0 
36,박세혁,23NC, 1.60 , 283 , 91 , 57 , 1.60 , 70.7 , 50.3 , 49.8 , .232 , .040 , .475 , 39 , 42.9 , 4 , 7.8 , 4 , 10 , 0 , 0 ,  , 6 , 0.0 
37,조형우,23SC, 1.57 , 133 , 44 , 28 , 1.57 , 71.4 , 51.1 , 48.9 , .215 , .000 , .478 , 20 , 45.5 , 0 , 0.0 , 3 , 6 , 0 , 2 , .000 , 5 , 0.0 
,신범수,23KC, 1.57 , 100 , 33 , 21 , 1.57 , 70.0 , 52.2 , 47.8 , .191 , .056 , .394 , 13 , 39.4 , 2 , 13.3 , 0 , 3 , 0 , 2 , .000 , 4 , 0.0 
39,최형우,23KDH, 1.57 , 508 , 133 , 85 , 1.57 , 69.3 , 35.9 , 64.1 , .337 , .064 , .547 , 32 , 24.1 , 8 , 6.2 , 4 , 7 , 1 , 0 , 1.000 , 4 , 25.0 
40,박경수,23K2B, 1.55 , 221 , 62 , 40 , 1.55 , 62.9 , 46.8 , 53.2 , .261 , .077 , .432 , 20 , 32.3 , 5 , 13.5 , 1 , 3 , 1 , 0 , 1.000 , 3 , 33.3 
41,강진성,23두S1B, 1.55 , 145 , 48 , 31 , 1.55 , 79.3 , 42.1 , 57.9 , .286 , .063 , .485 , 14 , 29.2 , 3 , 8.6 , 0 , 2 , 0 , 0 ,  , 1 , 0.0 
42,이원석,23삼키1B, 1.55 , 345 , 99 , 64 , 1.55 , 69.6 , 44.5 , 55.5 , .307 , .028 , .546 , 39 , 39.4 , 3 , 4.0 , 3 , 5 , 0 , 0 ,  , 2 , 0.0 
43,김성욱,23NLF, 1.52 , 204 , 47 , 31 , 1.52 , 57.4 , 47.4 , 52.6 , .306 , .036 , .623 , 24 , 51.1 , 2 , 5.0 , 4 , 7 , 0 , 0 ,  , 0 ,  
44,김휘집,23키SS, 1.50 , 435 , 108 , 72 , 1.50 , 64.1 , 44.9 , 55.2 , .310 , .049 , .573 , 44 , 40.7 , 6 , 6.5 , 6 , 11 , 0 , 2 , .000 , 5 , 0.0 
,홍현빈,23KCF, 1.50 , 86 , 21 , 14 , 1.50 , 60.5 , 48.1 , 51.9 , .327 , .160 , .482 , 7 , 33.3 , 4 , 23.5 , 1 , 2 , 2 , 1 , .667 , 8 , 25.0 
,박대온,23NC, 1.50 , 27 , 6 , 4 , 1.50 , 63.0 , 37.5 , 62.5 , .353 , .000 , .600 , 2 , 33.3 , 0 , 0.0 , 0 , 0 , 0 , 0 ,  , 1 , 0.0 
,김건희,23키1B, 1.50 , 13 , 3 , 2 , 1.50 , 53.9 , 42.9 , 57.1 , .286 , .333 , .250 , 0 , 0.0 , 1 , 50.0 , 0 , 0 , 0 , 0 ,  , 0 ,  
,홍성호,23두RF, 1.50 , 51 , 12 , 8 , 1.50 , 66.7 , 47.1 , 52.9 , .412 , .125 , .667 , 6 , 50.0 , 2 , 14.3 , 0 , 1 , 0 , 0 ,  , 0 ,  
,박주찬,23N3B, 1.50 , 14 , 6 , 4 , 1.50 , 85.7 , 41.7 , 58.3 , .167 , .000 , .286 , 1 , 16.7 , 0 , 0.0 , 1 , 0 , 0 , 0 ,  , 0 ,  
,김태훈,23삼LF, 1.50 , 22 , 6 , 4 , 1.50 , 54.6 , 50.0 , 50.0 , .167 , .000 , .333 , 2 , 33.3 , 0 , 0.0 , 0 , 1 , 0 , 0 ,  , 0 ,  
,주효상,23KC, 1.50 , 36 , 12 , 8 , 1.50 , 61.1 , 50.0 , 50.0 , .091 , .000 , .182 , 3 , 25.0 , 0 , 0.0 , 1 , 1 , 0 , 0 ,  , 0 ,  
52,박석민,23N3B, 1.45 , 107 , 29 , 20 , 1.45 , 62.6 , 54.6 , 45.5 , .242 , .028 , .533 , 15 , 51.7 , 1 , 5.9 , 0 , 1 , 0 , 0 ,  , 1 , 0.0 
53,장성우,23KC, 1.44 , 464 , 131 , 91 , 1.44 , 74.8 , 44.4 , 55.6 , .319 , .046 , .587 , 53 , 40.5 , 7 , 5.9 , 3 , 5 , 0 , 0 ,  , 3 , 0.0 
54,김민식,23SC, 1.41 , 318 , 89 , 63 , 1.41 , 66.4 , 47.4 , 52.6 , .257 , .040 , .491 , 34 , 38.2 , 4 , 6.9 , 4 , 8 , 1 , 1 , .500 , 7 , 14.3 
55,마틴,23NCF, 1.41 , 503 , 120 , 85 , 1.41 , 67.2 , 37.5 , 62.5 , .330 , .057 , .566 , 31 , 25.8 , 7 , 5.7 , 3 , 10 , 0 , 0 ,  , 1 , 0.0 
56,이재원,23LLF, 1.40 , 129 , 28 , 20 , 1.40 , 58.1 , 37.5 , 62.5 , .282 , .000 , .533 , 7 , 25.0 , 0 , 0.0 , 0 , 1 , 0 , 0 ,  , 0 ,  
,이유찬,23두2B, 1.40 , 239 , 63 , 45 , 1.40 , 67.0 , 44.7 , 55.4 , .315 , .099 , .500 , 19 , 30.2 , 7 , 13.7 , 4 , 7 , 1 , 4 , .200 , 14 , 7.1 
58,채은성,23한1B, 1.39 , 596 , 164 , 118 , 1.39 , 70.8 , 41.5 , 58.5 , .286 , .046 , .527 , 48 , 29.3 , 8 , 5.8 , 12 , 12 , 0 , 0 ,  , 0 ,  
59,변우혁,23K1B, 1.38 , 226 , 47 , 34 , 1.38 , 55.8 , 49.2 , 50.8 , .319 , .097 , .609 , 22 , 46.8 , 6 , 13.3 , 1 , 3 , 0 , 1 , .000 , 2 , 0.0 
60,노진혁,23롯SS, 1.38 , 390 , 95 , 69 , 1.38 , 65.1 , 40.4 , 59.6 , .328 , .069 , .530 , 25 , 26.3 , 7 , 8.1 , 5 , 10 , 3 , 5 , .375 , 16 , 18.8 
61,한준수,23KC, 1.38 , 94 , 22 , 16 , 1.38 , 63.8 , 36.7 , 63.3 , .345 , .136 , .500 , 3 , 13.6 , 3 , 13.6 , 0 , 2 , 0 , 1 , .000 , 4 , 0.0 
,송승환,23두LF, 1.38 , 76 , 22 , 16 , 1.38 , 71.1 , 50.0 , 50.0 , .296 , .037 , .556 , 10 , 45.5 , 1 , 6.3 , 3 , 1 , 0 , 0 ,  , 0 ,  
63,문상철,23KDH, 1.36 , 330 , 83 , 61 , 1.36 , 69.4 , 43.1 , 57.0 , .318 , .073 , .567 , 28 , 33.7 , 7 , 8.9 , 4 , 11 , 0 , 1 , .000 , 2 , 0.0 
64,안재석,23두SS, 1.35 , 68 , 23 , 17 , 1.35 , 77.9 , 42.3 , 57.7 , .212 , .000 , .400 , 5 , 21.7 , 0 , 0.0 , 1 , 2 , 0 , 1 , .000 , 4 , 0.0 
65,권희동,23NLF, 1.34 , 373 , 98 , 73 , 1.34 , 70.8 , 43.6 , 56.4 , .315 , .044 , .569 , 35 , 35.7 , 5 , 5.7 , 4 , 7 , 0 , 0 ,  , 2 , 0.0 
66,박건우,23NRF, 1.34 , 533 , 138 , 103 , 1.34 , 74.3 , 37.7 , 62.3 , .349 , .075 , .560 , 32 , 23.2 , 11 , 7.5 , 6 , 15 , 0 , 1 , .000 , 2 , 0.0 
67,한유섬,23SRF, 1.33 , 388 , 92 , 69 , 1.33 , 66.8 , 42.1 , 57.9 , .333 , .076 , .569 , 29 , 31.5 , 8 , 8.8 , 2 , 5 , 0 , 3 , .000 , 4 , 0.0 
,김동헌,23키C, 1.33 , 242 , 60 , 45 , 1.33 , 65.7 , 49.4 , 50.6 , .312 , .065 , .582 , 27 , 45.0 , 5 , 9.8 , 3 , 5 , 0 , 0 ,  , 2 , 0.0 
,최정용,23K2B, 1.33 , 41 , 12 , 9 , 1.33 , 65.9 , 40.7 , 59.3 , .222 , .091 , .313 , 1 , 8.3 , 1 , 16.7 , 2 , 3 , 0 , 0 ,  , 2 , 0.0 
,신성현,23두1B, 1.33 , 15 , 4 , 3 , 1.33 , 53.3 , 75.0 , 25.0 , .125 , .000 , .500 , 3 , 75.0 , 0 , 0.0 , 0 , 0 , 0 , 0 ,  , 0 ,  
,이흥련,23SC, 1.33 , 17 , 4 , 3 , 1.33 , 47.1 , 62.5 , 37.5 , .000 , .000 , .333 , 2 , 50.0 , 0 , 0.0 , 0 , 0 , 0 , 0 ,  , 0 ,  
72,황재균,23K3B, 1.32 , 457 , 127 , 96 , 1.32 , 75.3 , 41.1 , 58.9 , .337 , .057 , .555 , 37 , 29.1 , 8 , 6.7 , 3 , 10 , 1 , 0 , 1.000 , 4 , 25.0 
73,양찬열,23두RF, 1.32 , 99 , 25 , 19 , 1.32 , 66.7 , 49.2 , 50.8 , .318 , .063 , .576 , 11 , 44.0 , 2 , 9.5 , 1 , 2 , 0 , 2 , .000 , 3 , 0.0 
74,최지훈,23SCF, 1.31 , 503 , 164 , 125 , 1.31 , 82.1 , 47.6 , 52.4 , .297 , .092 , .491 , 54 , 32.9 , 18 , 14.5 , 8 , 19 , 7 , 5 , .583 , 41 , 17.1 
75,최재훈,23한C, 1.30 , 417 , 112 , 86 , 1.30 , 67.4 , 43.7 , 56.3 , .286 , .000 , .516 , 36 , 32.1 , 0 , 0.0 , 3 , 6 , 0 , 2 , .000 , 7 , 0.0 
,김태연,23한RF, 1.30 , 280 , 69 , 53 , 1.30 , 67.9 , 44.1 , 55.9 , .323 , .085 , .548 , 23 , 33.3 , 7 , 10.9 , 1 , 6 , 0 , 0 ,  , 2 , 0.0 
,렉스,23롯RF, 1.30 , 234 , 56 , 43 , 1.30 , 64.5 , 43.6 , 56.4 , .313 , .077 , .536 , 17 , 30.4 , 5 , 10.0 , 1 , 4 , 0 , 0 ,  , 1 , 0.0 
78,이주형,23L키CF, 1.30 , 243 , 52 , 40 , 1.30 , 67.5 , 40.1 , 59.9 , .405 , .185 , .598 , 13 , 25.0 , 12 , 17.1 , 5 , 10 , 0 , 1 , .000 , 5 , 0.0 
,김영웅,23삼3B, 1.30 , 103 , 26 , 20 , 1.30 , 62.1 , 41.3 , 58.7 , .242 , .039 , .432 , 5 , 19.2 , 1 , 5.9 , 1 , 4 , 0 , 1 , .000 , 2 , 0.0 
80,김재호,23두SS, 1.30 , 302 , 87 , 67 , 1.30 , 74.8 , 46.0 , 54.0 , .300 , .029 , .554 , 33 , 37.9 , 3 , 4.3 , 5 , 4 , 0 , 2 , .000 , 3 , 0.0 
81,이형종,23키RF, 1.30 , 374 , 96 , 74 , 1.30 , 64.2 , 47.9 , 52.1 , .274 , .026 , .524 , 37 , 38.5 , 3 , 4.4 , 3 , 6 , 0 , 0 ,  , 3 , 0.0 
82,김동엽,23삼DH, 1.29 , 182 , 53 , 41 , 1.29 , 75.8 , 52.2 , 47.8 , .278 , .056 , .585 , 26 , 49.1 , 4 , 9.5 , 4 , 7 , 0 , 0 ,  , 0 ,  
83,소크라테스,23KCF, 1.29 , 608 , 175 , 136 , 1.29 , 78.1 , 43.5 , 56.5 , .299 , .064 , .542 , 54 , 30.9 , 13 , 8.3 , 8 , 21 , 1 , 4 , .200 , 10 , 10.0 
84,구자욱,23삼RF, 1.27 , 515 , 123 , 97 , 1.27 , 72.8 , 39.3 , 60.8 , .387 , .089 , .615 , 36 , 29.3 , 13 , 8.6 , 2 , 11 , 0 , 0 ,  , 5 , 0.0 
85,김재환,23두DH, 1.25 , 484 , 120 , 96 , 1.25 , 63.4 , 45.6 , 54.4 , .266 , .029 , .512 , 39 , 32.5 , 4 , 4.5 , 4 , 7 , 0 , 0 ,  , 1 , 0.0 
86,송성문,23키3B, 1.23 , 438 , 137 , 111 , 1.23 , 81.5 , 47.4 , 52.6 , .276 , .066 , .495 , 44 , 32.1 , 11 , 10.8 , 8 , 18 , 0 , 2 , .000 , 3 , 0.0 
87,김재성,23삼C, 1.23 , 125 , 27 , 22 , 1.23 , 54.4 , 52.9 , 47.1 , .269 , .083 , .500 , 11 , 40.7 , 3 , 15.8 , 1 , 3 , 0 , 1 , .000 , 3 , 0.0 
88,허경민,23두3B, 1.22 , 475 , 159 , 130 , 1.22 , 85.9 , 46.2 , 53.9 , .267 , .038 , .493 , 49 , 30.8 , 7 , 6.1 , 3 , 7 , 0 , 1 , .000 , 6 , 0.0 
89,천재환,23NCF, 1.22 , 179 , 44 , 36 , 1.22 , 67.6 , 42.9 , 57.1 , .311 , .078 , .515 , 11 , 25.0 , 4 , 10.3 , 3 , 4 , 2 , 3 , .400 , 9 , 22.2 
90,김주원,23NSS, 1.21 , 474 , 111 , 92 , 1.21 , 63.5 , 48.2 , 51.9 , .289 , .049 , .565 , 44 , 39.6 , 7 , 7.5 , 3 , 10 , 1 , 3 , .250 , 6 , 16.7 
91,김인환,23한1B, 1.21 , 365 , 88 , 73 , 1.21 , 64.9 , 45.7 , 54.3 , .287 , .084 , .504 , 25 , 28.4 , 9 , 12.3 , 2 , 6 , 0 , 0 ,  , 0 ,  
92,송찬의,23L1B, 1.20 , 22 , 6 , 5 , 1.20 , 54.6 , 58.3 , 41.7 , .083 , .000 , .200 , 2 , 33.3 , 0 , 0.0 , 0 , 0 , 0 , 0 ,  , 0 ,  
,신준우,23키SS, 1.20 , 19 , 6 , 5 , 1.20 , 68.4 , 61.5 , 38.5 , .154 , .125 , .200 , 2 , 33.3 , 1 , 50.0 , 0 , 0 , 0 , 0 ,  , 0 ,  
,류승민,23삼RF, 1.20 , 57 , 12 , 10 , 1.20 , 57.9 , 42.4 , 57.6 , .333 , .071 , .526 , 3 , 25.0 , 1 , 9.1 , 1 , 0 , 0 , 0 ,  , 2 , 0.0 
95,윤형준,23N1B, 1.19 , 236 , 57 , 48 , 1.19 , 69.1 , 46.9 , 53.1 , .317 , .027 , .624 , 25 , 43.9 , 2 , 3.6 , 2 , 5 , 0 , 4 , .000 , 5 , 0.0 
96,안치홍,23롯2B, 1.18 , 494 , 135 , 114 , 1.18 , 76.3 , 48.7 , 51.3 , .314 , .088 , .565 , 52 , 38.5 , 16 , 12.9 , 4 , 7 , 0 , 1 , .000 , 7 , 0.0 
97,황대인,23K1B, 1.18 , 199 , 47 , 40 , 1.18 , 63.8 , 45.2 , 54.8 , .262 , .054 , .500 , 13 , 27.7 , 3 , 8.1 , 0 , 1 , 0 , 0 ,  , 0 ,  
98,박정현,23한SS, 1.17 , 113 , 27 , 23 , 1.17 , 61.1 , 55.1 , 44.9 , .254 , .026 , .581 , 14 , 51.9 , 1 , 5.3 , 2 , 1 , 0 , 1 , .000 , 5 , 0.0 
99,김혜성,23키2B, 1.17 , 621 , 158 , 135 , 1.17 , 77.9 , 37.6 , 62.4 , .375 , .089 , .569 , 29 , 18.4 , 16 , 8.6 , 10 , 21 , 0 , 0 ,  , 2 , 0.0 
100,이재현,23삼SS, 1.17 , 538 , 138 , 118 , 1.17 , 69.7 , 50.1 , 49.9 , .281 , .065 , .554 , 56 , 40.6 , 12 , 10.5 , 8 , 16 , 0 , 2 , .000 , 7 , 0.0 
101,임지열,23키1B, 1.16 , 246 , 50 , 43 , 1.16 , 60.6 , 41.9 , 58.1 , .347 , .065 , .593 , 15 , 30.0 , 4 , 7.3 , 1 , 3 , 0 , 1 , .000 , 2 , 0.0 
102,전준우,23롯DH, 1.16 , 559 , 147 , 127 , 1.16 , 77.8 , 43.2 , 56.8 , .328 , .049 , .597 , 49 , 33.3 , 9 , 5.8 , 8 , 13 , 0 , 0 ,  , 2 , 0.0 
103,나성범,23KRF, 1.14 , 253 , 56 , 49 , 1.14 , 75.1 , 39.3 , 60.8 , .366 , .069 , .673 , 19 , 33.9 , 5 , 6.2 , 4 , 4 , 0 , 0 ,  , 0 ,  
104,김태진,23키3B, 1.14 , 212 , 65 , 57 , 1.14 , 84.9 , 44.6 , 55.4 , .306 , .076 , .500 , 16 , 24.6 , 6 , 10.9 , 7 , 15 , 0 , 2 , .000 , 3 , 0.0 
105,김웅빈,23키1B, 1.13 , 74 , 17 , 15 , 1.13 , 62.2 , 52.3 , 47.7 , .261 , .044 , .524 , 7 , 41.2 , 1 , 8.3 , 1 , 1 , 0 , 0 ,  , 0 ,  
106,배정대,23KCF, 1.13 , 361 , 79 , 70 , 1.13 , 66.5 , 46.0 , 54.0 , .353 , .074 , .614 , 30 , 38.0 , 8 , 9.3 , 3 , 10 , 0 , 4 , .000 , 21 , 0.0 
107,박해민,23LCF, 1.12 , 558 , 145 , 129 , 1.12 , 73.8 , 47.0 , 53.0 , .325 , .098 , .546 , 46 , 31.7 , 19 , 13.8 , 5 , 12 , 8 , 8 , .500 , 42 , 19.1 
108,오태곤,23S1B, 1.12 , 305 , 74 , 66 , 1.12 , 68.2 , 48.3 , 51.7 , .289 , .051 , .566 , 28 , 37.8 , 5 , 7.7 , 4 , 9 , 0 , 4 , .000 , 7 , 0.0 
109,권광민,23한LF, 1.11 , 81 , 20 , 18 , 1.11 , 60.5 , 55.1 , 44.9 , .192 , .037 , .455 , 8 , 40.0 , 1 , 9.1 , 0 , 2 , 0 , 1 , .000 , 3 , 0.0 
110,김수환,23키1B, 1.11 , 114 , 21 , 19 , 1.11 , 54.4 , 41.0 , 59.0 , .317 , .040 , .556 , 5 , 23.8 , 1 , 4.8 , 0 , 0 , 0 , 0 ,  , 1 , 0.0 
111,오지환,23LSS, 1.10 , 502 , 119 , 108 , 1.10 , 68.5 , 42.9 , 57.1 , .313 , .062 , .536 , 29 , 24.4 , 9 , 8.0 , 2 , 7 , 2 , 2 , .500 , 9 , 22.2 
112,한승택,23KC, 1.10 , 104 , 22 , 20 , 1.10 , 51.0 , 43.4 , 56.6 , .208 , .000 , .367 , 3 , 13.6 , 0 , 0.0 , 3 , 5 , 0 , 2 , .000 , 2 , 0.0 
113,윌리엄스,23한LF, 1.10 , 273 , 69 , 63 , 1.10 , 72.5 , 48.2 , 51.8 , .286 , .032 , .594 , 28 , 40.6 , 3 , 4.8 , 6 , 8 , 0 , 0 ,  , 1 , 0.0 
114,에레디아,23SLF, 1.09 , 523 , 128 , 117 , 1.09 , 76.3 , 43.7 , 56.3 , .364 , .103 , .603 , 39 , 30.5 , 18 , 11.8 , 7 , 19 , 4 , 3 , .571 , 22 , 18.2 
,전의산,23S1B, 1.09 , 153 , 35 , 32 , 1.09 , 62.1 , 45.7 , 54.3 , .253 , .047 , .490 , 9 , 25.7 , 2 , 7.4 , 0 , 1 , 0 , 0 ,  , 0 ,  
116,조용호,23KRF, 1.09 , 184 , 50 , 46 , 1.09 , 73.9 , 47.8 , 52.2 , .294 , .031 , .535 , 17 , 34.0 , 2 , 5.0 , 3 , 7 , 0 , 2 , .000 , 3 , 0.0 
117,이정후,23키CF, 1.08 , 387 , 105 , 97 , 1.08 , 80.6 , 40.1 , 59.9 , .324 , .081 , .516 , 16 , 15.2 , 10 , 9.5 , 3 , 10 , 0 , 1 , .000 , 2 , 0.0 
118,김찬형,23S3B, 1.08 , 53 , 14 , 13 , 1.08 , 71.7 , 47.4 , 52.6 , .270 , .167 , .400 , 2 , 14.3 , 3 , 27.3 , 1 , 3 , 1 , 1 , .500 , 3 , 33.3 
119,최인호,23한LF, 1.06 , 148 , 36 , 34 , 1.06 , 74.3 , 42.2 , 57.8 , .343 , .065 , .571 , 9 , 25.0 , 3 , 7.7 , 2 , 6 , 0 , 2 , .000 , 4 , 0.0 
120,서건창,23L2B, 1.06 , 126 , 38 , 36 , 1.06 , 78.6 , 50.0 , 50.0 , .222 , .083 , .375 , 8 , 21.1 , 4 , 18.2 , 5 , 6 , 0 , 1 , .000 , 3 , 0.0 
121,서호철,23N3B, 1.05 , 435 , 119 , 113 , 1.05 , 80.5 , 49.7 , 50.3 , .316 , .087 , .569 , 44 , 37.0 , 15 , 13.2 , 6 , 20 , 0 , 5 , .000 , 10 , 0.0 
122,김민성,23L2B, 1.04 , 316 , 75 , 72 , 1.04 , 68.7 , 50.2 , 49.8 , .287 , .019 , .617 , 34 , 45.3 , 2 , 2.9 , 2 , 4 , 0 , 0 ,  , 1 , 0.0 
123,윤동희,23롯RF, 1.04 , 423 , 106 , 102 , 1.04 , 76.4 , 44.0 , 56.0 , .340 , .036 , .596 , 34 , 32.1 , 5 , 4.5 , 6 , 12 , 0 , 1 , .000 , 7 , 0.0 
124,김준태,23KC, 1.03 , 136 , 30 , 29 , 1.03 , 61.0 , 42.2 , 57.8 , .263 , .029 , .479 , 5 , 16.7 , 1 , 4.2 , 4 , 5 , 0 , 0 ,  , 1 , 0.0 
125,박병호,23K1B, 1.03 , 493 , 99 , 96 , 1.03 , 65.9 , 40.1 , 59.9 , .339 , .039 , .616 , 26 , 26.3 , 5 , 4.1 , 10 , 11 , 0 , 0 ,  , 0 ,  
126,정은원,23한2B, 1.03 , 459 , 116 , 113 , 1.03 , 68.9 , 49.2 , 50.8 , .268 , .045 , .494 , 35 , 30.2 , 7 , 8.1 , 4 , 9 , 0 , 3 , .000 , 6 , 0.0 
127,노시환,23한3B, 1.03 , 595 , 123 , 120 , 1.03 , 67.1 , 39.4 , 60.6 , .332 , .064 , .596 , 26 , 21.1 , 10 , 6.5 , 3 , 11 , 0 , 0 ,  , 0 ,  
128,장진혁,23한CF, 1.02 , 178 , 43 , 42 , 1.02 , 68.5 , 52.9 , 47.1 , .295 , .109 , .509 , 15 , 34.9 , 7 , 19.4 , 3 , 6 , 0 , 3 , .000 , 9 , 0.0 
129,이도윤,23한SS, 1.02 , 346 , 89 , 87 , 1.02 , 73.4 , 49.6 , 50.4 , .304 , .087 , .523 , 28 , 31.5 , 11 , 14.1 , 4 , 14 , 3 , 8 , .273 , 23 , 13.0 
130,박찬호,23KSS, 1.01 , 507 , 131 , 130 , 1.01 , 79.3 , 46.0 , 54.0 , .333 , .110 , .542 , 33 , 25.2 , 20 , 14.7 , 9 , 18 , 3 , 2 , .600 , 16 , 18.8 
131,박성한,23SSS, 1.01 , 529 , 141 , 140 , 1.01 , 76.9 , 48.9 , 51.1 , .284 , .081 , .515 , 41 , 29.1 , 16 , 13.1 , 7 , 19 , 1 , 3 , .250 , 14 , 7.1 
132,피렐라,23삼LF, 1.01 , 605 , 165 , 164 , 1.01 , 81.0 , 48.8 , 51.2 , .302 , .067 , .572 , 58 , 35.2 , 16 , 10.1 , 16 , 17 , 0 , 0 ,  , 0 ,  
133,강백호,23KDH, 1.00 , 271 , 60 , 60 , 1.00 , 68.3 , 46.5 , 53.6 , .311 , .059 , .592 , 20 , 33.3 , 5 , 7.9 , 2 , 8 , 3 , 1 , .750 , 9 , 33.3 
,손성빈,23롯C, 1.00 , 80 , 23 , 23 , 1.00 , 82.5 , 45.5 , 54.6 , .292 , .033 , .528 , 6 , 26.1 , 1 , 5.0 , 1 , 2 , 0 , 0 ,  , 0 ,  
,홍종표,23K2B, 1.00 , 12 , 3 , 3 , 1.00 , 50.0 , 83.3 , 16.7 , .000 , .000 , .000 , 2 , 66.7 , 0 ,  , 0 , 0 , 0 , 0 ,  , 1 , 0.0 
,이학주,23롯SS, 1.00 , 122 , 28 , 28 , 1.00 , 64.8 , 50.6 , 49.4 , .263 , .075 , .513 , 9 , 32.1 , 3 , 13.0 , 3 , 4 , 1 , 1 , .500 , 9 , 11.1 
,이해승,23삼3B, 1.00 , 4 , 1 , 1 , 1.00 , 75.0 , 33.3 , 66.7 , .333 , .000 , .500 , 0 , 0.0 , 0 , 0.0 , 0 , 0 , 0 , 0 ,  , 0 ,  
,김도환,23삼C, 1.00 , 8 , 3 , 3 , 1.00 , 87.5 , 57.1 , 42.9 , .143 , .000 , .333 , 1 , 33.3 , 0 , 0.0 , 0 , 0 , 0 , 0 ,  , 0 ,  
,김동혁,23롯RF, 1.00 , 9 , 2 , 2 , 1.00 , 44.4 , 75.0 , 25.0 , .000 , .000 , .000 , 1 , 50.0 , 0 ,  , 0 , 0 , 0 , 0 ,  , 2 , 0.0 
,김주성,23LSS, 1.00 , 7 , 1 , 1 , 1.00 , 42.9 , 33.3 , 66.7 , .333 , .000 , .500 , 0 , 0.0 , 0 , 0.0 , 0 , 0 , 0 , 0 ,  , 0 ,  
,최항,23S1B, 1.00 , 35 , 4 , 4 , 1.00 , 48.6 , 31.3 , 68.8 , .438 , .000 , .727 , 1 , 25.0 , 0 , 0.0 , 1 , 1 , 0 , 0 ,  , 0 ,  
,김병희,23K3B, 1.00 , 9 , 2 , 2 , 1.00 , 44.4 , 50.0 , 50.0 , .000 , .000 , .000 , 0 , 0.0 , 0 ,  , 0 , 0 , 0 , 0 ,  , 0 ,  
,송민섭,23KRF, 1.00 , 25 , 6 , 6 , 1.00 , 60.0 , 66.7 , 33.3 , .200 , .000 , .600 , 4 , 66.7 , 0 , 0.0 , 1 , 1 , 0 , 1 , .000 , 4 , 0.0 
,김민혁,23두1B, 1.00 , 36 , 8 , 8 , 1.00 , 61.1 , 50.0 , 50.0 , .182 , .000 , .400 , 2 , 25.0 , 0 , 0.0 , 1 , 2 , 0 , 0 ,  , 0 ,  
,전민재,23두3B, 1.00 , 18 , 5 , 5 , 1.00 , 77.8 , 57.1 , 42.9 , .286 , .000 , .667 , 3 , 60.0 , 0 , 0.0 , 0 , 0 , 0 , 0 ,  , 0 ,  
,김건,23한DH, 1.00 , 12 , 1 , 1 , 1.00 , 33.3 , 25.0 , 75.0 , .500 , .000 , .667 , 0 , 0.0 , 0 , 0.0 , 0 , 0 , 0 , 0 ,  , 0 ,  
,주성원,23키RF, 1.00 , 72 , 18 , 18 , 1.00 , 72.2 , 58.8 , 41.2 , .289 , .067 , .619 , 10 , 55.6 , 2 , 13.3 , 0 , 1 , 0 , 0 ,  , 1 , 0.0 
,박주홍,23키1B, 1.00 , 57 , 9 , 9 , 1.00 , 45.6 , 58.3 , 41.7 , .231 , .000 , .600 , 5 , 55.6 , 0 , 0.0 , 1 , 1 , 0 , 1 , .000 , 2 , 0.0 
149,오선진,23한SS, 0.98 , 199 , 46 , 47 , 0.98 , 66.8 , 49.6 , 50.4 , .286 , .046 , .530 , 15 , 32.6 , 3 , 7.9 , 3 , 2 , 0 , 4 , .000 , 6 , 0.0 
150,이정훈,23롯DH, 0.98 , 171 , 39 , 40 , 0.98 , 74.3 , 38.7 , 61.3 , .349 , .042 , .566 , 6 , 15.4 , 2 , 4.4 , 4 , 6 , 0 , 1 , .000 , 1 , 0.0 
,안중열,23NC, 0.98 , 177 , 39 , 40 , 0.98 , 62.7 , 46.8 , 53.2 , .243 , .020 , .500 , 10 , 25.6 , 1 , 3.3 , 2 , 4 , 0 , 3 , .000 , 5 , 0.0 
152,김현수,23LDH, 0.97 , 556 , 144 , 148 , 0.97 , 79.7 , 45.3 , 54.7 , .314 , .051 , .559 , 39 , 27.1 , 10 , 7.0 , 6 , 14 , 2 , 0 , 1.000 , 7 , 28.6 
153,김상수,23KSS, 0.97 , 512 , 126 , 130 , 0.97 , 73.8 , 50.1 , 49.9 , .312 , .059 , .583 , 48 , 38.1 , 11 , 9.2 , 9 , 16 , 1 , 2 , .333 , 11 , 9.1 
154,이원석,23한CF, 0.97 , 138 , 30 , 31 , 0.97 , 60.1 , 53.0 , 47.0 , .265 , .023 , .539 , 12 , 40.0 , 1 , 4.6 , 4 , 7 , 0 , 3 , .000 , 10 , 0.0 
155,문보경,23L3B, 0.96 , 542 , 120 , 125 , 0.96 , 72.0 , 40.7 , 59.3 , .345 , .057 , .576 , 23 , 19.2 , 9 , 6.4 , 6 , 13 , 3 , 2 , .600 , 10 , 30.0 
156,도태훈,23N3B, 0.96 , 302 , 67 , 70 , 0.96 , 63.6 , 50.3 , 49.7 , .273 , .063 , .526 , 22 , 32.8 , 6 , 10.7 , 9 , 11 , 1 , 1 , .500 , 5 , 20.0 
157,김시앙,23키C, 0.95 , 82 , 20 , 21 , 0.95 , 70.7 , 53.5 , 46.6 , .293 , .000 , .630 , 10 , 50.0 , 0 , 0.0 , 0 , 0 , 0 , 1 , .000 , 1 , 0.0 
158,구드럼,23롯3B, 0.95 , 201 , 37 , 39 , 0.95 , 65.2 , 42.5 , 57.5 , .389 , .130 , .603 , 8 , 21.6 , 7 , 13.7 , 1 , 1 , 0 , 0 ,  , 2 , 0.0 
159,허도환,23LC, 0.94 , 81 , 17 , 18 , 0.94 , 55.6 , 61.4 , 38.6 , .163 , .000 , .529 , 9 , 52.9 , 0 , 0.0 , 0 , 1 , 0 , 0 ,  , 1 , 0.0 
160,추신수,23SDH, 0.94 , 462 , 100 , 107 , 0.94 , 66.0 , 48.5 , 51.5 , .287 , .088 , .532 , 27 , 27.0 , 13 , 13.5 , 4 , 8 , 5 , 2 , .714 , 14 , 35.7 
161,정주현,23L1B, 0.92 , 101 , 23 , 25 , 0.92 , 72.3 , 41.7 , 58.3 , .319 , .067 , .524 , 3 , 13.0 , 2 , 8.3 , 3 , 5 , 0 , 1 , .000 , 2 , 0.0 
162,강민호,23삼C, 0.91 , 495 , 116 , 127 , 0.91 , 75.6 , 46.1 , 53.9 , .307 , .024 , .613 , 39 , 33.6 , 4 , 3.2 , 6 , 4 , 0 , 0 ,  , 0 ,  
163,이진영,23한RF, 0.91 , 422 , 68 , 75 , 0.91 , 55.9 , 46.8 , 53.3 , .350 , .093 , .642 , 24 , 35.3 , 10 , 11.2 , 9 , 15 , 1 , 3 , .250 , 7 , 14.3 
164,정훈,23롯1B, 0.89 , 233 , 50 , 56 , 0.89 , 70.4 , 46.9 , 53.1 , .317 , .053 , .605 , 16 , 32.0 , 4 , 7.1 , 0 , 2 , 0 , 0 ,  , 4 , 0.0 
165,문현빈,23한CF, 0.89 , 481 , 108 , 122 , 0.89 , 72.6 , 49.1 , 50.9 , .317 , .059 , .594 , 38 , 35.2 , 10 , 8.8 , 8 , 12 , 2 , 3 , .400 , 15 , 13.3 
166,김도영,23K3B, 0.88 , 385 , 82 , 93 , 0.88 , 73.3 , 48.6 , 51.4 , .349 , .096 , .629 , 29 , 35.4 , 13 , 12.6 , 4 , 8 , 3 , 1 , .750 , 13 , 23.1 
,김성현,23S2B, 0.88 , 354 , 90 , 102 , 0.88 , 78.0 , 51.5 , 48.5 , .298 , .064 , .556 , 31 , 34.4 , 9 , 10.8 , 4 , 11 , 0 , 1 , .000 , 1 , 0.0 
,김주형,23키SS, 0.88 , 81 , 15 , 17 , 0.88 , 51.9 , 54.8 , 45.2 , .238 , .044 , .474 , 5 , 33.3 , 1 , 10.0 , 0 , 0 , 0 , 2 , .000 , 4 , 0.0 
169,도슨,23키CF, 0.88 , 261 , 52 , 59 , 0.88 , 74.0 , 41.0 , 59.0 , .390 , .078 , .640 , 12 , 23.1 , 6 , 7.8 , 5 , 9 , 0 , 1 , .000 , 4 , 0.0 
170,김인태,23두RF, 0.88 , 115 , 22 , 25 , 0.88 , 62.6 , 43.1 , 56.9 , .338 , .032 , .585 , 5 , 22.7 , 1 , 4.0 , 0 , 2 , 0 , 2 , .000 , 2 , 0.0 
,장준원,23KSS, 0.88 , 104 , 22 , 25 , 0.88 , 60.6 , 54.8 , 45.2 , .226 , .029 , .500 , 8 , 36.4 , 1 , 6.7 , 0 , 0 , 1 , 0 , 1.000 , 1 , 100.0 
172,오윤석,23K1B, 0.88 , 223 , 49 , 56 , 0.88 , 69.5 , 46.5 , 53.6 , .305 , .042 , .566 , 13 , 26.5 , 3 , 6.0 , 3 , 10 , 0 , 3 , .000 , 5 , 0.0 
,고승민,23롯1B, 0.88 , 307 , 63 , 72 , 0.88 , 63.2 , 44.7 , 55.3 , .287 , .024 , .524 , 13 , 20.6 , 2 , 3.5 , 5 , 10 , 1 , 2 , .333 , 6 , 16.7 
174,김민석,23롯CF, 0.87 , 454 , 87 , 100 , 0.87 , 64.5 , 45.1 , 54.9 , .341 , .069 , .589 , 22 , 25.3 , 9 , 8.8 , 9 , 14 , 1 , 5 , .167 , 27 , 3.7 
175,한석현,23NLF, 0.87 , 66 , 13 , 15 , 0.87 , 60.6 , 67.5 , 32.5 , .300 , .111 , .692 , 9 , 69.2 , 3 , 25.0 , 1 , 3 , 0 , 1 , .000 , 4 , 0.0 
176,임병욱,23키RF, 0.86 , 223 , 37 , 43 , 0.86 , 61.0 , 40.6 , 59.4 , .369 , .056 , .646 , 9 , 24.3 , 3 , 5.6 , 1 , 6 , 0 , 1 , .000 , 3 , 0.0 
177,김재상,23삼, 0.86 , 22 , 6 , 7 , 0.86 , 72.7 , 56.3 , 43.8 , .133 , .000 , .429 , 2 , 33.3 , 0 , 0.0 , 0 , 0 , 0 , 0 ,  , 0 ,  
178,최정원,23N2B, 0.85 , 56 , 11 , 13 , 0.85 , 66.1 , 48.7 , 51.4 , .351 , .000 , .684 , 5 , 45.5 , 0 , 0.0 , 1 , 1 , 0 , 0 ,  , 1 , 0.0 
179,김태군,23삼KC, 0.84 , 346 , 92 , 109 , 0.84 , 82.4 , 54.5 , 45.6 , .278 , .039 , .578 , 38 , 41.3 , 6 , 7.5 , 5 , 4 , 0 , 2 , .000 , 4 , 0.0 
180,이창진,23KLF, 0.84 , 284 , 61 , 73 , 0.84 , 71.1 , 47.5 , 52.5 , .313 , .042 , .591 , 18 , 29.5 , 4 , 6.1 , 6 , 6 , 1 , 2 , .333 , 8 , 12.5 
181,김석환,23K1B, 0.83 , 26 , 5 , 6 , 0.83 , 53.9 , 50.0 , 50.0 , .214 , .000 , .429 , 1 , 20.0 , 0 , 0.0 , 0 , 1 , 0 , 0 ,  , 0 ,  
182,박동원,23LC, 0.82 , 481 , 98 , 119 , 0.82 , 68.0 , 51.7 , 48.3 , .267 , .055 , .604 , 37 , 37.8 , 9 , 8.8 , 7 , 12 , 1 , 4 , .200 , 11 , 9.1 
183,박찬혁,23키LF, 0.82 , 167 , 37 , 45 , 0.82 , 67.7 , 52.2 , 47.8 , .268 , .034 , .537 , 13 , 35.1 , 2 , 6.5 , 4 , 7 , 0 , 1 , .000 , 2 , 0.0 
184,박수종,23키RF, 0.82 , 50 , 9 , 11 , 0.82 , 80.0 , 43.6 , 56.4 , .475 , .059 , .818 , 5 , 55.6 , 1 , 5.3 , 2 , 2 , 0 , 1 , .000 , 2 , 0.0 
185,강승호,23두2B, 0.82 , 458 , 89 , 109 , 0.82 , 68.1 , 50.5 , 49.5 , .341 , .064 , .660 , 37 , 41.6 , 10 , 9.0 , 8 , 19 , 0 , 2 , .000 , 2 , 0.0 
186,러셀,23키SS, 0.82 , 239 , 53 , 65 , 0.82 , 76.2 , 46.4 , 53.6 , .332 , .071 , .588 , 13 , 24.5 , 6 , 9.5 , 4 , 7 , 0 , 0 ,  , 0 ,  
187,안상현,23S2B, 0.81 , 66 , 13 , 16 , 0.81 , 65.2 , 48.8 , 51.2 , .326 , .000 , .636 , 5 , 38.5 , 0 , 0.0 , 0 , 1 , 0 , 1 , .000 , 3 , 0.0 
188,이상호,23K2B, 0.81 , 60 , 17 , 21 , 0.81 , 75.0 , 60.0 , 40.0 , .178 , .000 , .444 , 7 , 41.2 , 0 , 0.0 , 6 , 6 , 0 , 3 , .000 , 3 , 0.0 
,강한울,23삼3B, 0.81 , 240 , 51 , 63 , 0.81 , 66.7 , 51.9 , 48.1 , .288 , .061 , .540 , 16 , 31.4 , 5 , 10.9 , 4 , 7 , 3 , 5 , .375 , 15 , 20.0 
190,이호연,23K2B, 0.81 , 234 , 50 , 62 , 0.81 , 73.5 , 47.4 , 52.6 , .331 , .062 , .600 , 14 , 28.0 , 5 , 8.5 , 2 , 9 , 0 , 0 ,  , 5 , 0.0 
191,배영빈,23롯SS, 0.80 , 18 , 4 , 5 , 0.80 , 77.8 , 35.7 , 64.3 , .357 , .000 , .556 , 0 , 0.0 , 0 , 0.0 , 0 , 0 , 0 , 1 , .000 , 3 , 0.0 
,최승민,23LCF, 0.80 , 15 , 4 , 5 , 0.80 , 66.7 , 70.0 , 30.0 , .100 , .000 , .333 , 2 , 50.0 , 0 , 0.0 , 1 , 1 , 0 , 0 ,  , 1 , 0.0 
193,이용규,23키LF, 0.80 , 178 , 43 , 54 , 0.80 , 75.3 , 51.5 , 48.5 , .269 , .059 , .500 , 11 , 25.6 , 4 , 11.1 , 2 , 6 , 0 , 1 , .000 , 5 , 0.0 
194,최원준,23K1B, 0.80 , 274 , 62 , 78 , 0.80 , 72.6 , 52.3 , 47.7 , .298 , .029 , .600 , 24 , 38.7 , 3 , 5.0 , 9 , 14 , 1 , 0 , 1.000 , 6 , 16.7 
195,박민우,23N2B, 0.79 , 509 , 111 , 141 , 0.79 , 78.2 , 46.6 , 53.4 , .356 , .082 , .607 , 28 , 25.2 , 15 , 10.5 , 7 , 18 , 5 , 3 , .625 , 28 , 17.9 
196,정보근,23롯C, 0.78 , 101 , 18 , 23 , 0.78 , 68.3 , 42.7 , 57.4 , .382 , .035 , .667 , 5 , 27.8 , 1 , 3.7 , 1 , 1 , 0 , 0 ,  , 0 ,  
197,한동희,23롯3B, 0.78 , 353 , 83 , 107 , 0.78 , 75.4 , 52.5 , 47.5 , .253 , .022 , .548 , 27 , 32.5 , 3 , 4.2 , 4 , 4 , 0 , 2 , .000 , 2 , 0.0 
198,김지찬,23삼2B, 0.77 , 355 , 74 , 96 , 0.77 , 71.8 , 51.4 , 48.6 , .331 , .076 , .605 , 25 , 33.8 , 10 , 11.8 , 5 , 15 , 3 , 4 , .429 , 22 , 13.6 
199,김호재,23삼3B, 0.76 , 127 , 32 , 42 , 0.76 , 78.0 , 52.5 , 47.5 , .253 , .058 , .468 , 7 , 21.9 , 3 , 12.0 , 3 , 2 , 0 , 1 , .000 , 5 , 0.0 
200,안권수,23롯LF, 0.75 , 309 , 67 , 89 , 0.75 , 74.8 , 46.9 , 53.1 , .306 , .094 , .512 , 8 , 11.9 , 10 , 13.9 , 7 , 10 , 4 , 3 , .571 , 20 , 20.0 
201,김수윤,23N3B, 0.75 , 15 , 3 , 4 , 0.75 , 66.7 , 40.0 , 60.0 , .300 , .000 , .500 , 0 , 0.0 , 0 , 0.0 , 0 , 1 , 0 , 0 ,  , 0 ,  
202,박승욱,23롯2B, 0.74 , 338 , 51 , 69 , 0.74 , 60.4 , 37.9 , 62.1 , .407 , .039 , .635 , 5 , 9.8 , 3 , 3.6 , 4 , 9 , 1 , 5 , .167 , 14 , 7.1 
203,노수광,23한LF, 0.74 , 94 , 14 , 19 , 0.74 , 55.3 , 52.0 , 48.0 , .327 , .115 , .583 , 4 , 28.6 , 3 , 17.7 , 0 , 2 , 1 , 2 , .333 , 8 , 12.5 
204,유로결,23한RF, 0.72 , 53 , 13 , 18 , 0.72 , 75.5 , 60.5 , 39.5 , .175 , .000 , .467 , 5 , 38.5 , 0 , 0.0 , 3 , 3 , 0 , 2 , .000 , 5 , 0.0 
205,공민규,23삼3B, 0.71 , 33 , 5 , 7 , 0.71 , 54.6 , 50.0 , 50.0 , .333 , .000 , .667 , 2 , 40.0 , 0 , 0.0 , 0 , 0 , 0 , 0 ,  , 0 ,  
206,이우성,23KRF, 0.70 , 400 , 69 , 98 , 0.70 , 69.3 , 44.5 , 55.5 , .368 , .074 , .645 , 15 , 21.7 , 9 , 8.4 , 5 , 8 , 0 , 1 , .000 , 5 , 0.0 
207,김민수,23롯3B, 0.70 , 51 , 7 , 10 , 0.70 , 51.0 , 50.0 , 50.0 , .346 , .000 , .692 , 3 , 42.9 , 0 , 0.0 , 0 , 1 , 0 , 0 ,  , 0 ,  
208,고종욱,23KLF, 0.69 , 286 , 54 , 78 , 0.69 , 74.8 , 46.7 , 53.3 , .365 , .040 , .673 , 17 , 31.5 , 4 , 5.0 , 6 , 8 , 0 , 0 ,  , 1 , 0.0 
,강현우,23KC, 0.69 , 111 , 27 , 39 , 0.69 , 77.5 , 55.8 , 44.2 , .224 , .042 , .474 , 7 , 25.9 , 2 , 10.0 , 3 , 4 , 0 , 0 ,  , 0 ,  
210,홍창기,23LRF, 0.69 , 643 , 109 , 158 , 0.69 , 69.5 , 43.3 , 56.7 , .388 , .084 , .632 , 17 , 15.6 , 16 , 9.2 , 12 , 19 , 1 , 0 , 1.000 , 10 , 10.0 
211,황성빈,23롯LF, 0.69 , 191 , 44 , 64 , 0.69 , 74.9 , 61.5 , 38.5 , .252 , .080 , .527 , 18 , 40.9 , 7 , 19.4 , 2 , 8 , 2 , 6 , .250 , 21 , 9.5 
212,오영수,23N1B, 0.68 , 238 , 42 , 62 , 0.68 , 65.6 , 51.0 , 49.0 , .296 , .051 , .600 , 13 , 31.0 , 4 , 8.2 , 2 , 9 , 0 , 1 , .000 , 5 , 0.0 
213,이지영,23키C, 0.68 , 237 , 50 , 74 , 0.68 , 75.1 , 52.3 , 47.8 , .303 , .075 , .553 , 12 , 24.0 , 7 , 13.0 , 3 , 6 , 0 , 1 , .000 , 2 , 0.0 
214,유강남,23롯C, 0.68 , 403 , 79 , 117 , 0.68 , 72.5 , 52.4 , 47.6 , .291 , .040 , .628 , 28 , 35.4 , 6 , 6.5 , 6 , 5 , 0 , 2 , .000 , 3 , 0.0 
215,김민혁,23KRF, 0.67 , 448 , 93 , 138 , 0.67 , 79.0 , 47.3 , 52.7 , .328 , .085 , .565 , 13 , 14.0 , 14 , 11.9 , 9 , 20 , 1 , 6 , .143 , 17 , 5.9 
216,박정우,23KRF, 0.67 , 12 , 2 , 3 , 0.67 , 66.7 , 62.5 , 37.5 , .375 , .200 , .667 , 1 , 50.0 , 1 , 33.3 , 0 , 1 , 0 , 1 , .000 , 1 , 0.0 
,서동욱,23롯RF, 0.67 , 20 , 4 , 6 , 0.67 , 60.0 , 58.3 , 41.7 , .167 , .000 , .400 , 1 , 25.0 , 0 , 0.0 , 0 , 0 , 0 , 0 ,  , 0 ,  
,이성곤,23한DH, 0.67 , 16 , 4 , 6 , 0.67 , 68.8 , 63.6 , 36.4 , .182 , .000 , .500 , 2 , 50.0 , 0 , 0.0 , 1 , 1 , 0 , 0 ,  , 0 ,  
,전병우,23키1B, 0.67 , 75 , 10 , 15 , 0.67 , 45.3 , 58.8 , 41.2 , .242 , .050 , .571 , 4 , 40.0 , 1 , 11.1 , 2 , 6 , 0 , 0 ,  , 1 , 0.0 
,허관회,23한C, 0.67 , 7 , 2 , 3 , 0.67 , 71.4 , 60.0 , 40.0 , .000 , .000 , .000 , 0 , 0.0 , 0 ,  , 0 , 0 , 0 , 0 ,  , 0 ,  
221,문성주,23LLF, 0.67 , 534 , 113 , 170 , 0.67 , 78.5 , 51.3 , 48.7 , .312 , .066 , .584 , 29 , 25.7 , 14 , 10.6 , 13 , 33 , 0 , 7 , .000 , 16 , 0.0 
222,박계범,23두SS, 0.66 , 194 , 35 , 53 , 0.66 , 66.0 , 52.8 , 47.2 , .278 , .091 , .525 , 7 , 20.0 , 6 , 16.2 , 2 , 5 , 3 , 2 , .600 , 7 , 42.9 
223,김선빈,23K2B, 0.64 , 472 , 101 , 157 , 0.64 , 83.7 , 51.8 , 48.2 , .339 , .089 , .614 , 28 , 27.7 , 18 , 13.4 , 7 , 8 , 2 , 0 , 1.000 , 8 , 25.0 
,손호영,23LSS, 0.64 , 45 , 9 , 14 , 0.64 , 71.1 , 59.4 , 40.6 , .258 , .053 , .615 , 4 , 44.4 , 1 , 11.1 , 0 , 0 , 0 , 0 ,  , 0 ,  
225,손아섭,23NDH, 0.64 , 609 , 116 , 181 , 0.64 , 80.3 , 52.5 , 47.5 , .376 , .106 , .696 , 46 , 39.7 , 27 , 14.4 , 7 , 22 , 1 , 0 , 1.000 , 9 , 11.1 
226,이병헌,23삼C, 0.63 , 33 , 5 , 8 , 0.63 , 54.6 , 52.9 , 47.1 , .222 , .000 , .500 , 1 , 20.0 , 0 , 0.0 , 1 , 1 , 0 , 0 ,  , 0 ,  
227,장승현,23두C, 0.62 , 158 , 31 , 50 , 0.62 , 65.2 , 58.3 , 41.8 , .190 , .017 , .488 , 9 , 29.0 , 1 , 4.6 , 1 , 4 , 0 , 1 , .000 , 3 , 0.0 
228,정수빈,23두CF, 0.62 , 583 , 112 , 181 , 0.62 , 75.0 , 52.6 , 47.4 , .324 , .100 , .583 , 26 , 23.2 , 23 , 16.1 , 8 , 22 , 6 , 4 , .600 , 24 , 25.0 
229,류지혁,23K삼3B, 0.61 , 522 , 99 , 162 , 0.61 , 74.1 , 54.5 , 45.6 , .312 , .063 , .626 , 34 , 34.3 , 13 , 10.7 , 5 , 14 , 0 , 3 , .000 , 7 , 0.0 
230,김상민,23삼LF, 0.60 , 13 , 3 , 5 , 0.60 , 69.2 , 55.6 , 44.4 , .111 , .000 , .250 , 0 , 0.0 , 0 , 0.0 , 0 , 1 , 0 , 0 ,  , 0 ,  
,류현인,23K3B, 0.60 , 24 , 6 , 10 , 0.60 , 79.2 , 63.2 , 36.8 , .158 , .000 , .429 , 2 , 33.3 , 0 , 0.0 , 0 , 1 , 0 , 0 ,  , 0 ,  
232,신본기,23KSS, 0.59 , 75 , 13 , 22 , 0.59 , 66.7 , 58.7 , 41.3 , .204 , .000 , .579 , 5 , 38.5 , 0 , 0.0 , 0 , 3 , 0 , 0 ,  , 1 , 0.0 
233,김현준,23삼CF, 0.59 , 479 , 85 , 145 , 0.59 , 73.5 , 50.1 , 49.9 , .332 , .063 , .621 , 19 , 22.4 , 11 , 9.2 , 9 , 21 , 1 , 1 , .500 , 5 , 20.0 
234,김범석,23L1B, 0.58 , 29 , 7 , 12 , 0.58 , 79.3 , 72.7 , 27.3 , .091 , .000 , .500 , 4 , 57.1 , 0 , 0.0 , 1 , 1 , 0 , 0 ,  , 0 ,  
235,김성윤,23삼RF, 0.57 , 272 , 48 , 85 , 0.57 , 79.0 , 59.1 , 41.0 , .352 , .194 , .616 , 15 , 31.3 , 24 , 31.2 , 3 , 12 , 11 , 7 , .611 , 37 , 29.7 
236,안주형,23삼2B, 0.54 , 91 , 14 , 26 , 0.54 , 65.9 , 49.2 , 50.9 , .305 , .000 , .633 , 3 , 21.4 , 0 , 0.0 , 1 , 6 , 0 , 2 , .000 , 7 , 0.0 
237,정준영,23KCF, 0.53 , 55 , 8 , 15 , 0.53 , 67.3 , 62.2 , 37.8 , .378 , .217 , .643 , 3 , 37.5 , 5 , 35.7 , 0 , 4 , 1 , 2 , .333 , 6 , 16.7 
238,국해성,23롯DH, 0.50 , 10 , 1 , 2 , 0.50 , 50.0 , 40.0 , 60.0 , .400 , .000 , .667 , 0 , 0.0 , 0 , 0.0 , 0 , 0 , 0 , 0 ,  , 0 ,  
,조현진,23NSS, 0.50 , 5 , 1 , 2 , 0.50 , 80.0 , 75.0 , 25.0 , .250 , .000 , 1.000 , 1 , 100.0 , 0 , 0.0 , 0 , 0 , 0 , 0 ,  , 0 ,  
,송준석,23삼RF, 0.50 , 8 , 2 , 4 , 0.50 , 100.0 , 75.0 , 25.0 , .250 , .167 , .500 , 1 , 50.0 , 1 , 50.0 , 0 , 0 , 0 , 0 ,  , 0 ,  
,안승한,23두C, 0.50 , 27 , 3 , 6 , 0.50 , 51.9 , 50.0 , 50.0 , .357 , .000 , .714 , 1 , 33.3 , 0 , 0.0 , 0 , 1 , 0 , 0 ,  , 0 ,  
,이태훈,23삼1B, 0.50 , 14 , 1 , 2 , 0.50 , 42.9 , 33.3 , 66.7 , .500 , .000 , .750 , 0 , 0.0 , 0 , 0.0 , 1 , 2 , 0 , 0 ,  , 0 ,  
,이정범,23SDH, 0.50 , 33 , 6 , 12 , 0.50 , 75.8 , 69.6 , 30.4 , .200 , .063 , .571 , 3 , 50.0 , 1 , 20.0 , 1 , 1 , 0 , 0 ,  , 0 ,  
244,김준완,23키LF, 0.49 , 225 , 30 , 61 , 0.49 , 60.0 , 57.6 , 42.4 , .311 , .053 , .679 , 12 , 40.0 , 4 , 9.5 , 4 , 11 , 1 , 2 , .333 , 11 , 9.1 
245,김동진,23삼2B, 0.49 , 137 , 21 , 43 , 0.49 , 71.5 , 56.3 , 43.8 , .327 , .056 , .691 , 8 , 38.1 , 3 , 9.4 , 3 , 9 , 0 , 3 , .000 , 8 , 0.0 
246,조수행,23두RF, 0.48 , 249 , 43 , 90 , 0.48 , 73.1 , 69.6 , 30.4 , .260 , .151 , .527 , 17 , 39.5 , 19 , 39.6 , 7 , 16 , 11 , 13 , .458 , 45 , 24.4 
247,최상민,23SCF, 0.46 , 41 , 6 , 13 , 0.46 , 68.3 , 66.7 , 33.3 , .286 , .111 , .667 , 3 , 50.0 , 2 , 25.0 , 1 , 2 , 2 , 3 , .400 , 7 , 28.6 
,예진원,23키LF, 0.46 , 36 , 6 , 13 , 0.46 , 75.0 , 55.6 , 44.4 , .269 , .067 , .583 , 1 , 16.7 , 1 , 12.5 , 1 , 2 , 0 , 0 ,  , 0 ,  
,이시원,23KRF, 0.46 , 32 , 6 , 13 , 0.46 , 71.9 , 69.6 , 30.4 , .174 , .063 , .429 , 2 , 33.3 , 1 , 25.0 , 0 , 3 , 1 , 0 , 1.000 , 1 , 100.0 
250,신윤후,23롯LF, 0.46 , 27 , 5 , 11 , 0.46 , 63.0 , 70.6 , 29.4 , .059 , .083 , .000 , 0 , 0.0 , 1 , 100.0 , 1 , 1 , 1 , 0 , 1.000 , 2 , 50.0 
251,신민재,23L2B, 0.45 , 331 , 53 , 119 , 0.45 , 75.5 , 60.5 , 39.5 , .312 , .140 , .582 , 12 , 22.6 , 21 , 26.9 , 8 , 22 , 5 , 4 , .556 , 37 , 13.5 
252,안익훈,23LRF, 0.44 , 23 , 4 , 9 , 0.44 , 87.0 , 55.0 , 45.0 , .350 , .000 , .778 , 2 , 50.0 , 0 , 0.0 , 1 , 1 , 0 , 0 ,  , 0 ,  
253,최준우,23S2B, 0.42 , 69 , 10 , 24 , 0.42 , 73.9 , 52.0 , 48.0 , .314 , .000 , .667 , 2 , 20.0 , 0 , 0.0 , 2 , 1 , 0 , 1 , .000 , 1 , 0.0 
,조민성,23삼1B, 0.42 , 29 , 5 , 12 , 0.42 , 79.3 , 56.5 , 43.5 , .261 , .000 , .600 , 1 , 20.0 , 0 , 0.0 , 0 , 0 , 0 , 0 ,  , 0 ,  
255,이명기,23한DH, 0.41 , 42 , 7 , 17 , 0.41 , 73.8 , 61.3 , 38.7 , .226 , .053 , .500 , 1 , 14.3 , 1 , 14.3 , 1 , 2 , 0 , 0 ,  , 0 ,  
256,박영빈,23NDH, 0.40 , 17 , 2 , 5 , 0.40 , 47.1 , 62.5 , 37.5 , .125 , .000 , .333 , 0 , 0.0 , 0 , 0.0 , 1 , 0 , 0 , 0 ,  , 0 ,  
,하주석,23한SS, 0.40 , 38 , 6 , 15 , 0.40 , 65.8 , 68.0 , 32.0 , .160 , .000 , .500 , 2 , 33.3 , 0 , 0.0 , 0 , 1 , 0 , 0 ,  , 1 , 0.0 
258,장두성,23롯CF, 0.33 , 15 , 2 , 6 , 0.33 , 66.7 , 80.0 , 20.0 , .200 , .000 , 1.000 , 2 , 100.0 , 0 , 0.0 , 0 , 1 , 0 , 2 , .000 , 5 , 0.0 
,오선우,23K1B, 0.33 , 31 , 2 , 6 , 0.33 , 41.9 , 53.9 , 46.2 , .273 , .000 , .833 , 1 , 50.0 , 0 , 0.0 , 0 , 0 , 0 , 0 ,  , 0 ,  
260,안치영,23KRF, 0.33 , 136 , 13 , 40 , 0.33 , 66.2 , 56.2 , 43.8 , .400 , .140 , .744 , 3 , 23.1 , 7 , 19.4 , 3 , 5 , 1 , 2 , .333 , 13 , 7.7 
261,강준서,23삼LF, 0.29 , 15 , 2 , 7 , 0.29 , 80.0 , 58.3 , 41.7 , .250 , .000 , .600 , 0 , 0.0 , 0 , 0.0 , 0 , 1 , 0 , 0 ,  , 0 ,  
262,김한별,23NSS, 0.26 , 105 , 11 , 42 , 0.26 , 70.5 , 67.6 , 32.4 , .284 , .060 , .750 , 5 , 45.5 , 3 , 14.3 , 1 , 1 , 0 , 1 , .000 , 3 , 0.0 
263,김재현,23키C, 0.25 , 10 , 1 , 4 , 0.25 , 60.0 , 66.7 , 33.3 , .167 , .000 , .500 , 0 , 0.0 , 0 , 0.0 , 0 , 1 , 0 , 2 , .000 , 2 , 0.0 
264,손민석,23K2B, 0.20 , 12 , 1 , 5 , 0.20 , 58.3 , 71.4 , 28.6 , .143 , .000 , .500 , 0 , 0.0 , 0 , 0.0 , 0 , 0 , 0 , 0 ,  , 2 , 0.0 
265,박지훈,23두1B, 0.14 , 21 , 1 , 7 , 0.14 , 57.1 , 58.3 , 41.7 , .333 , .000 , .800 , 0 , 0.0 , 0 , 0.0 , 0 , 1 , 0 , 1 , .000 , 1 , 0.0 
266,윤정빈,23삼1B, 0.13 , 43 , 2 , 15 , 0.13 , 51.2 , 68.2 , 31.8 , .191 , .000 , .714 , 0 , 0.0 , 0 , 0.0 , 0 , 0 , 0 , 0 ,  , 1 , 0.0 
267,전사민,23NP, 0.00 , 1 , 0 , 1 , 0.00 , 100.0 , 100.0 , 0.0 , .000 , .000 ,  , 0 ,  , 0 ,  , 0 , 0 , 0 , 0 ,  , 0 ,  
,이상민,23삼P, 0.00 , 1 , 0 , 1 , 0.00 , 100.0 , 100.0 , 0.0 , .000 , .000 ,  , 0 ,  , 0 ,  , 0 , 0 , 0 , 0 ,  , 0 ,  
,전준호,23LC, 0.00 , 1 , 0 , 1 , 0.00 , 100.0 , 100.0 , 0.0 , .000 , .000 ,  , 0 ,  , 0 ,  , 0 , 0 , 0 , 0 ,  , 0 ,  
,오장한,23NRF, 0.00 , 8 , 0 , 1 , 0.00 , 25.0 , 50.0 , 50.0 , .500 , .000 , 1.000 , 0 ,  , 0 , 0.0 , 0 , 1 , 0 , 0 ,  , 0 ,  
,류효승,23SDH, 0.00 , 4 , 0 , 3 , 0.00 , 75.0 , 100.0 , 0.0 , .000 , .000 ,  , 0 ,  , 0 ,  , 0 , 0 , 0 , 0 ,  , 0 ,  
,송재선,23키RF, 0.00 , 3 , 0 , 1 , 0.00 , 66.7 , 50.0 , 50.0 , .500 , .000 , 1.000 , 0 ,  , 0 , 0.0 , 0 , 0 , 0 , 0 ,  , 0 ,  
,권민석,23두SS, 0.00 , 2 , 0 , 1 , 0.00 , 50.0 , 100.0 , 0.0 , .000 , .000 ,  , 0 ,  , 0 ,  , 0 , 0 , 0 , 0 ,  , 0 ,  
,이상혁,23한CF, 0.00 , 2 , 0 , 1 , 0.00 , 50.0 , 100.0 , 0.0 , .000 , .000 ,  , 0 ,  , 0 ,  , 0 , 0 , 0 , 0 ,  , 0 ,  
,윤수녕,23롯RF, 0.00 , 4 , 0 , 2 , 0.00 , 75.0 , 66.7 , 33.3 , .333 , .000 , 1.000 , 0 ,  , 0 , 0.0 , 0 , 0 , 0 , 0 ,  , 0 ,  
,고명준,23S1B, 0.00 , 4 , 0 , 1 , 0.00 , 25.0 , 100.0 , 0.0 , .000 , .000 ,  , 0 ,  , 0 ,  , 0 , 0 , 0 , 0 ,  , 0 ,  
,김건웅,23S1B, 0.00 , 3 , 0 , 1 , 0.00 , 33.3 , 100.0 , 0.0 , .000 , .000 ,  , 0 ,  , 0 ,  , 0 , 0 , 0 , 0 ,  , 0 ,  
,지시완,23롯C, 0.00 , 10 , 0 , 2 , 0.00 , 30.0 , 66.7 , 33.3 , .333 , .000 , 1.000 , 0 ,  , 0 , 0.0 , 0 , 0 , 0 , 0 ,  , 0 ,  
,박준태,23키RF, 0.00 , 15 , 0 , 5 , 0.00 , 46.7 , 71.4 , 28.6 , .286 , .000 , 1.000 , 0 ,  , 0 , 0.0 , 1 , 2 , 0 , 0 ,  , 0 ,  
280,박한결,23NLF,  , 18 , 3 , 0 ,  , 44.4 , 25.0 , 75.0 , .571 , .500 , .667 , 1 , 33.3 , 1 , 20.0 , 0 , 0 , 0 , 0 ,  , 0 ,  
,이천웅,23L,  , 3 , 0 , 0 ,  , 100.0 , 33.3 , 66.7 , 1.000 , 1.000 , 1.000 , 0 ,  , 1 , 33.3 , 0 , 0 , 1 , 0 , 1.000 , 1 , 100.0 
,박대온,23NC,  , 6 , 2 , 0 ,  , 66.7 , 0.0 , 100.0 , .500 ,  , .500 , 0 , 0.0 , 0 , 0.0 , 0 , 0 , 0 , 0 ,  , 1 , 0.0 
,김병준,23KCF,  , 2 , 0 , 0 ,  , 0.0 ,  ,  ,  ,  ,  , 0 ,  , 0 ,  , 0 , 0 , 0 , 0 ,  , 0 ,  
,이민준,23한SS,  , 2 , 1 , 0 ,  , 50.0 , 100.0 , 0.0 , .000 , .000 ,  , 1 , 100.0 , 0 ,  , 0 , 0 , 0 , 0 ,  , 0 ,  
,이재용,23한C,  , 2 , 0 , 0 ,  , 50.0 , 0.0 , 100.0 , 1.000 ,  , 1.000 , 0 ,  , 0 , 0.0 , 0 , 0 , 0 , 0 ,  , 0 ,  
,박형준,23롯,  , 1 , 0 , 0 ,  , 0.0 ,  ,  ,  ,  ,  , 0 ,  , 0 ,  , 0 , 0 , 0 , 0 ,  , 0 ,  
,문상인,23KC,  , 1 , 0 , 0 ,  , 0.0 ,  ,  ,  ,  ,  , 0 ,  , 0 ,  , 0 , 0 , 0 , 0 ,  , 0 ,  
,채현우,23S,  , 0 , 0 , 0 ,  ,  ,  ,  ,  ,  ,  , 0 ,  , 0 ,  , 0 , 0 , 0 , 0 ,  , 0 ,  
,후라도,23키P,  , 0 , 0 , 0 ,  ,  ,  ,  ,  ,  ,  , 0 ,  , 0 ,  , 0 , 0 , 0 , 0 ,  , 0 ,  
,박명근,23LP,  , 0 , 0 , 0 ,  ,  ,  ,  ,  ,  ,  , 0 ,  , 0 ,  , 0 , 0 , 0 , 0 ,  , 0 ,  
,김성진,23키P,  , 0 , 0 , 0 ,  ,  ,  ,  ,  ,  ,  , 0 ,  , 0 ,  , 0 , 0 , 0 , 0 ,  , 0 ,  
,정해영,23KP,  , 0 , 0 , 0 ,  ,  ,  ,  ,  ,  ,  , 0 ,  , 0 ,  , 0 , 0 , 0 , 0 ,  , 0 ,  
,김기훈,23KP,  , 0 , 0 , 0 ,  ,  ,  ,  ,  ,  ,  , 0 ,  , 0 ,  , 0 , 0 , 0 , 0 ,  , 0 ,  
