순,이름,팀/포지션,정렬용,타석,득점,주루기회,RS%,RAA주루,G12_N,G12_%,G23_N,G23_%,G34_N,G34_%,F23_N,F23_%,F34_N,F34_%,H13_N,H13_%,H24_N,H24_%,D14_N,D14_%,EtcAdv,추가진루_N,추가진루_%,추가진루_+-,주루사_N,주루사_%
1,이주형,23L키CF, 4.12 , 243 , 32 , 113 , 23.0 , 4.12 , 0 , 0.0 , 5 , 71.4 , 3 , 100.0 , 1 , 20.0 , 3 , 75.0 , 6 , 42.9 , 4 , 50.0 , 1 , 33.3 , 1 , 24 , 46.2 , 0 , 0 , 0.00 
2,노시환,23한3B, 3.29 , 595 , 85 , 245 , 22.0 , 3.29 , 2 , 22.2 , 8 , 72.7 , 3 , 50.0 , 3 , 37.5 , 3 , 100.0 , 13 , 36.1 , 9 , 69.2 , 5 , 71.4 , 1 , 47 , 50.0 , 4 , 4 , 4.26 
3,박찬호,23KSS, 3.16 , 507 , 73 , 209 , 33.5 , 3.16 , 3 , 15.0 , 11 , 61.1 , 3 , 37.5 , 6 , 46.2 , 6 , 85.7 , 18 , 47.4 , 15 , 79.0 , 6 , 75.0 , 2 , 70 , 52.6 , 9 , 5 , 3.76 
4,이도윤,23한SS, 2.65 , 346 , 36 , 122 , 28.7 , 2.65 , 5 , 31.3 , 4 , 80.0 , 2 , 40.0 , 2 , 66.7 , 1 , 100.0 , 5 , 35.7 , 7 , 77.8 , 7 , 100.0 , 0 , 33 , 55.0 , 7 , 0 , 0.00 
5,소크라테스,23KCF, 2.64 , 608 , 91 , 238 , 29.8 , 2.64 , 4 , 22.2 , 10 , 58.8 , 5 , 62.5 , 1 , 20.0 , 7 , 87.5 , 16 , 42.1 , 19 , 65.5 , 0 , 0.0 , 1 , 63 , 48.8 , 7 , 3 , 2.33 
6,정은원,23한2B, 2.45 , 459 , 50 , 166 , 28.9 , 2.45 , 3 , 15.0 , 3 , 37.5 , 3 , 100.0 , 3 , 37.5 , 6 , 100.0 , 3 , 11.1 , 17 , 85.0 , 3 , 75.0 , 2 , 43 , 43.9 , 0 , 1 , 1.02 
7,박민우,23N2B, 2.35 , 509 , 76 , 218 , 33.9 , 2.35 , 2 , 8.0 , 7 , 77.8 , 6 , 50.0 , 4 , 25.0 , 9 , 90.0 , 13 , 36.1 , 21 , 80.8 , 8 , 72.7 , 5 , 75 , 50.0 , 7 , 4 , 2.67 
8,안권수,23롯LF, 2.20 , 309 , 42 , 136 , 29.4 , 2.20 , 6 , 35.3 , 8 , 88.9 , 4 , 66.7 , 1 , 50.0 , 6 , 100.0 , 12 , 57.1 , 9 , 69.2 , 2 , 33.3 , 1 , 49 , 60.5 , 17 , 2 , 2.47 
9,손아섭,23NDH, 2.03 , 609 , 97 , 268 , 34.3 , 2.03 , 8 , 22.2 , 11 , 73.3 , 6 , 50.0 , 2 , 14.3 , 10 , 100.0 , 13 , 28.9 , 22 , 61.1 , 3 , 50.0 , 5 , 80 , 44.7 , 1 , 4 , 2.24 
10,황재균,23K3B, 1.91 , 457 , 62 , 179 , 31.3 , 1.91 , 5 , 27.8 , 7 , 70.0 , 2 , 100.0 , 2 , 50.0 , 8 , 100.0 , 9 , 31.0 , 15 , 71.4 , 5 , 50.0 , 2 , 55 , 52.9 , 12 , 2 , 1.92 
11,도태훈,23N3B, 1.91 , 302 , 41 , 133 , 27.1 , 1.91 , 3 , 16.7 , 5 , 50.0 , 3 , 60.0 , 3 , 75.0 , 4 , 100.0 , 5 , 22.7 , 10 , 83.3 , 4 , 66.7 , 0 , 37 , 45.7 , 2 , 2 , 2.47 
12,오스틴,23L1B, 1.83 , 583 , 87 , 240 , 26.7 , 1.83 , 2 , 12.5 , 9 , 60.0 , 5 , 83.3 , 0 , 0.0 , 7 , 100.0 , 10 , 35.7 , 14 , 82.4 , 6 , 75.0 , 0 , 53 , 53.0 , 11 , 5 , 5.00 
13,황성빈,23롯LF, 1.83 , 191 , 22 , 72 , 30.6 , 1.83 , 4 , 66.7 , 4 , 66.7 , 1 , 50.0 , 2 , 66.7 , 3 , 100.0 , 5 , 62.5 , 6 , 85.7 , 2 , 66.7 , 0 , 27 , 71.1 , 9 , 0 , 0.00 
14,윤동희,23롯RF, 1.69 , 423 , 45 , 161 , 26.7 , 1.69 , 4 , 17.4 , 8 , 72.7 , 1 , 25.0 , 0 , 0.0 , 5 , 83.3 , 8 , 28.6 , 10 , 90.9 , 3 , 50.0 , 1 , 40 , 41.2 , -1 , 2 , 2.06 
15,김성윤,23삼RF, 1.68 , 272 , 40 , 133 , 28.6 , 1.68 , 6 , 42.9 , 10 , 58.8 , 3 , 42.9 , 2 , 20.0 , 4 , 80.0 , 7 , 29.2 , 7 , 63.6 , 5 , 71.4 , 3 , 47 , 48.0 , 1 , 1 , 1.02 
16,송성문,23키3B, 1.60 , 438 , 43 , 167 , 22.8 , 1.60 , 5 , 21.7 , 4 , 80.0 , 2 , 50.0 , 2 , 50.0 , 3 , 75.0 , 4 , 14.8 , 6 , 60.0 , 1 , 20.0 , 0 , 27 , 32.9 , -6 , 1 , 1.22 
17,최재훈,23한C, 1.60 , 417 , 23 , 169 , 13.0 , 1.60 , 6 , 22.2 , 3 , 37.5 , 0 , 0.0 , 1 , 100.0 , 2 , 100.0 , 2 , 13.3 , 3 , 37.5 , 2 , 50.0 , 0 , 19 , 27.5 , -8 , 0 , 0.00 
18,이창진,23KLF, 1.48 , 284 , 35 , 120 , 25.8 , 1.48 , 1 , 7.1 , 5 , 45.5 , 0 , 0.0 , 3 , 42.9 , 1 , 100.0 , 4 , 25.0 , 8 , 88.9 , 0 , 0.0 , 0 , 22 , 36.7 , -8 , 1 , 1.67 
19,하재훈,23SLF, 1.48 , 229 , 35 , 94 , 29.8 , 1.48 , 4 , 33.3 , 4 , 57.1 , 0 , 0.0 , 0 , 0.0 , 3 , 100.0 , 3 , 30.0 , 9 , 81.8 , 1 , 50.0 , 0 , 24 , 47.1 , -1 , 0 , 0.00 
20,김도영,23K3B, 1.44 , 385 , 72 , 154 , 42.2 , 1.44 , 6 , 60.0 , 10 , 71.4 , 6 , 85.7 , 1 , 14.3 , 3 , 75.0 , 5 , 23.8 , 22 , 81.5 , 5 , 100.0 , 0 , 58 , 61.1 , 10 , 2 , 2.11 
21,장진혁,23한CF, 1.40 , 178 , 24 , 64 , 37.5 , 1.40 , 0 , 0.0 , 4 , 80.0 , 1 , 33.3 , 1 , 25.0 , 2 , 100.0 , 3 , 33.3 , 3 , 100.0 , 4 , 50.0 , 1 , 19 , 48.7 , 1 , 0 , 0.00 
22,정수빈,23두CF, 1.40 , 583 , 75 , 244 , 29.9 , 1.40 , 8 , 29.6 , 10 , 71.4 , 10 , 55.6 , 6 , 31.6 , 9 , 100.0 , 13 , 39.4 , 16 , 72.7 , 1 , 16.7 , 1 , 74 , 49.7 , 2 , 4 , 2.69 
23,최원준,23K1B, 1.39 , 274 , 37 , 118 , 30.5 , 1.39 , 2 , 13.3 , 5 , 83.3 , 4 , 66.7 , 1 , 25.0 , 3 , 100.0 , 5 , 26.3 , 9 , 90.0 , 1 , 16.7 , 0 , 30 , 43.5 , 0 , 1 , 1.45 
24,최지훈,23SCF, 1.35 , 503 , 65 , 185 , 34.1 , 1.35 , 6 , 28.6 , 5 , 50.0 , 4 , 66.7 , 3 , 18.8 , 4 , 80.0 , 7 , 30.4 , 10 , 62.5 , 9 , 90.0 , 0 , 48 , 44.9 , -6 , 4 , 3.74 
25,에레디아,23SLF, 1.31 , 523 , 76 , 227 , 28.2 , 1.31 , 7 , 33.3 , 7 , 70.0 , 6 , 54.6 , 3 , 37.5 , 4 , 80.0 , 13 , 39.4 , 23 , 76.7 , 2 , 28.6 , 1 , 66 , 52.4 , 8 , 5 , 3.97 
26,배정대,23KCF, 1.25 , 361 , 48 , 140 , 32.9 , 1.25 , 2 , 11.1 , 8 , 72.7 , 3 , 75.0 , 1 , 20.0 , 6 , 100.0 , 7 , 28.0 , 13 , 81.3 , 5 , 83.3 , 0 , 45 , 49.5 , 6 , 3 , 3.30 
27,정훈,23롯1B, 1.25 , 233 , 40 , 85 , 40.0 , 1.25 , 1 , 33.3 , 3 , 60.0 , 1 , 33.3 , 0 , 0.0 , 5 , 100.0 , 8 , 61.5 , 7 , 58.3 , 4 , 66.7 , 1 , 30 , 60.0 , 9 , 2 , 4.00 
28,김규성,23K2B, 1.20 , 177 , 29 , 80 , 33.8 , 1.20 , 1 , 12.5 , 4 , 66.7 , 3 , 75.0 , 1 , 25.0 , 2 , 100.0 , 4 , 23.5 , 8 , 72.7 , 2 , 100.0 , 0 , 25 , 46.3 , 0 , 0 , 0.00 
29,김혜성,23키2B, 1.19 , 621 , 104 , 277 , 35.0 , 1.19 , 11 , 40.7 , 12 , 70.6 , 3 , 27.3 , 5 , 41.7 , 9 , 90.0 , 19 , 36.5 , 24 , 77.4 , 7 , 50.0 , 2 , 92 , 52.3 , 15 , 6 , 3.41 
30,김성욱,23NLF, 1.14 , 204 , 28 , 83 , 26.5 , 1.14 , 2 , 33.3 , 3 , 75.0 , 0 , 0.0 , 2 , 22.2 , 1 , 50.0 , 3 , 21.4 , 3 , 60.0 , 0 ,  , 0 , 14 , 33.3 , -8 , 0 , 0.00 
31,이지영,23키C, 1.13 , 237 , 23 , 76 , 30.3 , 1.13 , 1 , 10.0 , 4 , 66.7 , 0 , 0.0 , 1 , 33.3 , 7 , 100.0 , 2 , 22.2 , 6 , 75.0 , 1 , 33.3 , 0 , 22 , 45.8 , 2 , 0 , 0.00 
32,구자욱,23삼RF, 1.11 , 515 , 65 , 222 , 24.3 , 1.11 , 10 , 29.4 , 6 , 42.9 , 6 , 85.7 , 1 , 12.5 , 2 , 100.0 , 7 , 25.9 , 9 , 75.0 , 3 , 42.9 , 2 , 46 , 40.7 , -3 , 4 , 3.54 
33,문성주,23LLF, 1.10 , 534 , 77 , 254 , 29.5 , 1.10 , 13 , 38.2 , 6 , 54.6 , 2 , 50.0 , 1 , 8.3 , 8 , 100.0 , 12 , 36.4 , 28 , 71.8 , 6 , 66.7 , 2 , 78 , 51.3 , 8 , 6 , 3.95 
34,홍현빈,23KCF, 1.09 , 86 , 15 , 37 , 40.5 , 1.09 , 3 , 42.9 , 4 , 80.0 , 1 , 100.0 , 1 , 50.0 , 2 , 100.0 , 2 , 28.6 , 3 , 60.0 , 3 , 75.0 , 0 , 19 , 57.6 , 4 , 0 , 0.00 
35,도슨,23키CF, 1.07 , 261 , 37 , 118 , 28.8 , 1.07 , 4 , 25.0 , 1 , 33.3 , 1 , 25.0 , 2 , 40.0 , 3 , 75.0 , 6 , 50.0 , 11 , 91.7 , 1 , 25.0 , 0 , 29 , 48.3 , 2 , 2 , 3.33 
36,박계범,23두SS, 1.03 , 194 , 18 , 68 , 23.5 , 1.03 , 3 , 42.9 , 6 , 85.7 , 0 , 0.0 , 0 , 0.0 , 0 ,  , 4 , 33.3 , 2 , 66.7 , 1 , 100.0 , 2 , 18 , 50.0 , 3 , 1 , 2.78 
37,김상수,23KSS, 0.96 , 512 , 58 , 204 , 27.0 , 0.96 , 6 , 26.1 , 6 , 60.0 , 3 , 33.3 , 2 , 20.0 , 3 , 75.0 , 8 , 25.8 , 20 , 76.9 , 1 , 25.0 , 4 , 53 , 43.8 , -2 , 4 , 3.31 
38,김성현,23S2B, 0.92 , 354 , 35 , 127 , 26.8 , 0.92 , 6 , 46.2 , 6 , 75.0 , 4 , 57.1 , 1 , 20.0 , 2 , 100.0 , 5 , 29.4 , 9 , 64.3 , 1 , 33.3 , 1 , 35 , 50.0 , 3 , 2 , 2.86 
39,채은성,23한1B, 0.86 , 596 , 71 , 233 , 20.6 , 0.86 , 4 , 18.2 , 5 , 83.3 , 3 , 60.0 , 0 , 0.0 , 3 , 60.0 , 5 , 18.5 , 11 , 64.7 , 6 , 75.0 , 0 , 37 , 38.1 , -5 , 2 , 2.06 
40,변우혁,23K1B, 0.86 , 226 , 23 , 77 , 20.8 , 0.86 , 2 , 25.0 , 2 , 66.7 , 0 , 0.0 , 0 , 0.0 , 0 ,  , 0 , 0.0 , 4 , 66.7 , 2 , 66.7 , 0 , 10 , 29.4 , -5 , 0 , 0.00 
41,장승현,23두C, 0.86 , 158 , 11 , 43 , 18.6 , 0.86 , 1 , 25.0 , 1 , 50.0 , 1 , 50.0 , 0 , 0.0 , 1 , 100.0 , 2 , 33.3 , 1 , 33.3 , 0 , 0.0 , 0 , 7 , 31.8 , -3 , 0 , 0.00 
42,최인호,23한LF, 0.82 , 148 , 23 , 62 , 33.9 , 0.82 , 0 , 0.0 , 1 , 16.7 , 2 , 66.7 , 2 , 50.0 , 2 , 100.0 , 4 , 40.0 , 3 , 75.0 , 1 , 100.0 , 0 , 15 , 44.1 , -1 , 1 , 2.94 
43,김재성,23삼C, 0.82 , 125 , 7 , 47 , 12.8 , 0.82 , 0 , 0.0 , 3 , 75.0 , 0 ,  , 0 , 0.0 , 0 ,  , 2 , 50.0 , 0 ,  , 1 , 100.0 , 0 , 6 , 33.3 , -2 , 0 , 0.00 
44,안치영,23KRF, 0.81 , 136 , 20 , 65 , 30.8 , 0.81 , 4 , 40.0 , 3 , 50.0 , 0 ,  , 2 , 50.0 , 3 , 100.0 , 1 , 9.1 , 5 , 83.3 , 1 , 33.3 , 1 , 20 , 45.5 , 1 , 0 , 0.00 
45,구드럼,23롯3B, 0.76 , 201 , 16 , 77 , 20.8 , 0.76 , 1 , 16.7 , 4 , 50.0 , 1 , 100.0 , 0 , 0.0 , 0 ,  , 2 , 22.2 , 9 , 100.0 , 0 , 0.0 , 1 , 18 , 46.2 , -2 , 1 , 2.56 
46,고종욱,23KLF, 0.75 , 286 , 35 , 108 , 29.6 , 0.75 , 2 , 11.8 , 3 , 50.0 , 3 , 100.0 , 1 , 20.0 , 2 , 100.0 , 2 , 15.4 , 12 , 60.0 , 0 , 0.0 , 2 , 27 , 38.0 , -6 , 0 , 0.00 
47,박승욱,23롯2B, 0.74 , 338 , 37 , 141 , 26.2 , 0.74 , 3 , 20.0 , 9 , 81.8 , 2 , 40.0 , 0 , 0.0 , 2 , 66.7 , 4 , 18.2 , 10 , 58.8 , 2 , 66.7 , 0 , 32 , 39.5 , -5 , 1 , 1.24 
48,이정후,23키CF, 0.73 , 387 , 50 , 170 , 25.9 , 0.73 , 8 , 44.4 , 7 , 58.3 , 4 , 66.7 , 2 , 66.7 , 6 , 75.0 , 6 , 21.4 , 10 , 58.8 , 4 , 50.0 , 3 , 50 , 48.5 , 9 , 1 , 0.97 
49,이재원,23LLF, 0.72 , 129 , 15 , 39 , 28.2 , 0.72 , 0 , 0.0 , 1 , 50.0 , 0 ,  , 0 , 0.0 , 1 , 100.0 , 0 , 0.0 , 6 , 85.7 , 0 ,  , 0 , 8 , 40.0 , -3 , 0 , 0.00 
50,박수종,23키RF, 0.72 , 50 , 7 , 30 , 23.3 , 0.72 , 1 , 20.0 , 1 , 100.0 , 0 ,  , 1 , 50.0 , 1 , 100.0 , 1 , 33.3 , 2 , 66.7 , 1 , 100.0 , 0 , 8 , 50.0 , 0 , 0 , 0.00 
51,홍성호,23두RF, 0.71 , 51 , 6 , 18 , 33.3 , 0.71 , 1 , 50.0 , 0 , 0.0 , 0 ,  , 1 , 50.0 , 0 ,  , 3 , 100.0 , 1 , 100.0 , 0 , 0.0 , 0 , 6 , 60.0 , 1 , 0 , 0.00 
52,김현준,23삼CF, 0.70 , 479 , 62 , 184 , 32.1 , 0.70 , 3 , 15.0 , 7 , 87.5 , 2 , 40.0 , 3 , 42.9 , 3 , 100.0 , 7 , 21.9 , 17 , 68.0 , 0 , 0.0 , 1 , 43 , 42.2 , -3 , 4 , 3.92 
53,김휘집,23키SS, 0.68 , 435 , 46 , 163 , 23.3 , 0.68 , 6 , 33.3 , 8 , 61.5 , 6 , 66.7 , 4 , 30.8 , 4 , 80.0 , 3 , 12.5 , 4 , 40.0 , 2 , 40.0 , 0 , 37 , 38.1 , -10 , 1 , 1.03 
54,정주현,23L1B, 0.62 , 101 , 17 , 67 , 23.9 , 0.62 , 4 , 44.4 , 4 , 50.0 , 2 , 100.0 , 0 , 0.0 , 1 , 100.0 , 4 , 44.4 , 5 , 100.0 , 1 , 33.3 , 1 , 22 , 53.7 , 3 , 1 , 2.44 
55,이성규,23삼CF, 0.62 , 162 , 23 , 67 , 32.8 , 0.62 , 4 , 36.4 , 5 , 62.5 , 2 , 100.0 , 1 , 50.0 , 0 ,  , 0 , 0.0 , 6 , 100.0 , 0 ,  , 0 , 18 , 52.9 , 1 , 1 , 2.94 
56,고승민,23롯1B, 0.61 , 307 , 35 , 119 , 27.7 , 0.61 , 5 , 31.3 , 6 , 50.0 , 4 , 57.1 , 1 , 20.0 , 4 , 66.7 , 5 , 27.8 , 8 , 66.7 , 3 , 50.0 , 1 , 37 , 44.6 , 1 , 2 , 2.41 
57,천재환,23NCF, 0.60 , 179 , 12 , 66 , 15.2 , 0.60 , 3 , 23.1 , 3 , 75.0 , 2 , 66.7 , 3 , 100.0 , 2 , 66.7 , 1 , 16.7 , 2 , 66.7 , 1 , 25.0 , 0 , 17 , 43.6 , 1 , 1 , 2.56 
58,정준영,23KCF, 0.60 , 55 , 6 , 26 , 23.1 , 0.60 , 1 , 100.0 , 1 , 100.0 , 1 , 50.0 , 1 , 50.0 , 2 , 100.0 , 2 , 50.0 , 0 ,  , 1 , 100.0 , 0 , 9 , 69.2 , 3 , 0 , 0.00 
59,김호령,23KCF, 0.60 , 107 , 16 , 44 , 36.4 , 0.60 , 2 , 40.0 , 6 , 85.7 , 1 , 100.0 , 0 , 0.0 , 1 , 100.0 , 1 , 25.0 , 5 , 83.3 , 0 ,  , 0 , 16 , 55.2 , -1 , 0 , 0.00 
60,최정용,23K2B, 0.54 , 41 , 17 , 37 , 46.0 , 0.54 , 3 , 50.0 , 2 , 50.0 , 0 , 0.0 , 2 , 66.7 , 2 , 100.0 , 4 , 40.0 , 5 , 83.3 , 0 , 0.0 , 0 , 18 , 54.5 , 3 , 1 , 3.03 
61,오윤석,23K1B, 0.54 , 223 , 24 , 87 , 23.0 , 0.54 , 5 , 45.5 , 4 , 44.4 , 0 , 0.0 , 0 , 0.0 , 2 , 100.0 , 2 , 18.2 , 4 , 44.4 , 0 , 0.0 , 0 , 17 , 35.4 , -5 , 0 , 0.00 
62,홍종표,23K2B, 0.53 , 12 , 10 , 26 , 38.5 , 0.53 , 3 , 60.0 , 1 , 50.0 , 1 , 50.0 , 1 , 100.0 , 1 , 100.0 , 2 , 40.0 , 1 , 25.0 , 0 ,  , 0 , 10 , 50.0 , 1 , 0 , 0.00 
63,피렐라,23삼LF, 0.49 , 605 , 66 , 238 , 21.0 , 0.49 , 5 , 19.2 , 11 , 68.8 , 3 , 42.9 , 0 , 0.0 , 5 , 83.3 , 14 , 46.7 , 7 , 50.0 , 4 , 100.0 , 3 , 52 , 46.8 , 7 , 7 , 6.31 
64,신민재,23L2B, 0.48 , 331 , 47 , 169 , 27.8 , 0.48 , 11 , 50.0 , 6 , 60.0 , 3 , 37.5 , 2 , 33.3 , 6 , 85.7 , 11 , 61.1 , 6 , 46.2 , 3 , 75.0 , 2 , 50 , 55.6 , 12 , 6 , 6.67 
65,배영빈,23롯SS, 0.47 , 18 , 2 , 13 , 15.4 , 0.47 , 1 , 100.0 , 0 ,  , 0 ,  , 0 ,  , 1 , 100.0 , 2 , 100.0 , 1 , 100.0 , 0 ,  , 0 , 5 , 100.0 , 3 , 0 , 0.00 
66,김수환,23키1B, 0.47 , 114 , 8 , 37 , 16.2 , 0.47 , 2 , 28.6 , 2 , 100.0 , 0 ,  , 0 ,  , 0 ,  , 1 , 20.0 , 3 , 75.0 , 0 ,  , 0 , 8 , 44.4 , 1 , 0 , 0.00 
67,박정현,23한SS, 0.46 , 113 , 12 , 32 , 31.3 , 0.46 , 0 , 0.0 , 3 , 75.0 , 1 , 100.0 , 1 , 100.0 , 2 , 66.7 , 2 , 33.3 , 0 , 0.0 , 1 , 100.0 , 0 , 10 , 47.6 , 2 , 0 , 0.00 
68,김대한,23두RF, 0.45 , 89 , 10 , 29 , 31.0 , 0.45 , 0 , 0.0 , 1 , 100.0 , 1 , 100.0 , 1 , 100.0 , 0 ,  , 2 , 33.3 , 2 , 50.0 , 0 ,  , 0 , 7 , 46.7 , 0 , 0 , 0.00 
69,양찬열,23두RF, 0.45 , 99 , 15 , 41 , 36.6 , 0.45 , 1 , 33.3 , 2 , 100.0 , 3 , 100.0 , 0 , 0.0 , 1 , 50.0 , 1 , 33.3 , 2 , 66.7 , 2 , 40.0 , 0 , 12 , 54.5 , 3 , 0 , 0.00 
70,오그레디,23한LF, 0.42 , 86 , 3 , 17 , 17.7 , 0.42 , 1 , 33.3 , 3 , 100.0 , 0 , 0.0 , 0 ,  , 1 , 100.0 , 0 , 0.0 , 0 ,  , 0 ,  , 1 , 6 , 60.0 , 3 , 0 , 0.00 
71,박찬혁,23키LF, 0.41 , 167 , 13 , 55 , 21.8 , 0.41 , 0 , 0.0 , 2 , 33.3 , 0 ,  , 0 , 0.0 , 1 , 100.0 , 0 , 0.0 , 3 , 50.0 , 1 , 33.3 , 0 , 7 , 20.6 , -8 , 0 , 0.00 
72,강현우,23KC, 0.40 , 111 , 11 , 36 , 27.8 , 0.40 , 1 , 33.3 , 3 , 100.0 , 0 ,  , 0 ,  , 0 ,  , 2 , 28.6 , 1 , 50.0 , 0 ,  , 0 , 7 , 46.7 , 1 , 0 , 0.00 
73,오선진,23한SS, 0.40 , 199 , 17 , 73 , 23.3 , 0.40 , 1 , 14.3 , 5 , 100.0 , 1 , 33.3 , 1 , 20.0 , 0 , 0.0 , 4 , 33.3 , 8 , 80.0 , 1 , 100.0 , 0 , 21 , 47.7 , -1 , 2 , 4.55 
74,안상현,23S2B, 0.38 , 66 , 10 , 36 , 27.8 , 0.38 , 3 , 100.0 , 2 , 50.0 , 0 ,  , 1 , 100.0 , 2 , 100.0 , 1 , 25.0 , 0 , 0.0 , 1 , 33.3 , 0 , 10 , 55.6 , 3 , 0 , 0.00 
75,하주석,23한SS, 0.36 , 38 , 4 , 12 , 33.3 , 0.36 , 0 ,  , 0 ,  , 0 ,  , 0 ,  , 0 ,  , 1 , 50.0 , 1 , 100.0 , 0 ,  , 0 , 2 , 66.7 , 1 , 0 , 0.00 
76,김지찬,23삼2B, 0.36 , 355 , 59 , 164 , 35.4 , 0.36 , 16 , 45.7 , 6 , 85.7 , 1 , 25.0 , 1 , 8.3 , 3 , 75.0 , 15 , 36.6 , 15 , 93.8 , 4 , 66.7 , 1 , 62 , 49.2 , 7 , 4 , 3.18 
77,최경모,23S3B, 0.35 , 20 , 6 , 17 , 35.3 , 0.35 , 0 , 0.0 , 0 ,  , 0 ,  , 2 , 100.0 , 0 ,  , 0 , 0.0 , 2 , 100.0 , 0 , 0.0 , 0 , 4 , 57.1 , -1 , 0 , 0.00 
78,신윤후,23롯LF, 0.31 , 27 , 2 , 15 , 13.3 , 0.31 , 0 , 0.0 , 0 , 0.0 , 0 ,  , 0 ,  , 0 ,  , 1 , 100.0 , 0 ,  , 0 ,  , 0 , 1 , 33.3 , 0 , 0 , 0.00 
79,김동혁,23롯RF, 0.31 , 9 , 3 , 5 , 60.0 , 0.31 , 0 ,  , 0 ,  , 1 , 100.0 , 0 ,  , 0 ,  , 1 , 50.0 , 0 ,  , 0 ,  , 0 , 2 , 66.7 , 1 , 0 , 0.00 
80,김호재,23삼3B, 0.31 , 127 , 6 , 41 , 14.6 , 0.31 , 1 , 50.0 , 0 , 0.0 , 0 ,  , 0 , 0.0 , 1 , 100.0 , 1 , 16.7 , 0 ,  , 0 ,  , 0 , 3 , 25.0 , -2 , 0 , 0.00 
81,류현인,23K3B, 0.29 , 24 , 6 , 10 , 60.0 , 0.29 , 0 , 0.0 , 1 , 100.0 , 0 ,  , 0 ,  , 0 ,  , 0 , 0.0 , 0 ,  , 2 , 100.0 , 0 , 3 , 50.0 , 1 , 0 , 0.00 
82,김영웅,23삼3B, 0.28 , 103 , 11 , 39 , 23.1 , 0.28 , 1 , 16.7 , 1 , 50.0 , 1 , 100.0 , 0 , 0.0 , 0 ,  , 0 , 0.0 , 1 , 33.3 , 0 , 0.0 , 0 , 4 , 22.2 , -5 , 0 , 0.00 
83,김상민,23삼LF, 0.26 , 13 , 3 , 5 , 60.0 , 0.26 , 0 ,  , 0 ,  , 0 ,  , 0 ,  , 0 ,  , 0 ,  , 0 ,  , 1 , 100.0 , 0 , 1 , 100.0 , 1 , 0 , 0.00 
84,윤형준,23N1B, 0.26 , 236 , 17 , 76 , 15.8 , 0.26 , 2 , 18.2 , 3 , 75.0 , 1 , 20.0 , 0 , 0.0 , 1 , 100.0 , 2 , 25.0 , 1 , 33.3 , 2 , 50.0 , 0 , 12 , 30.8 , -5 , 1 , 2.56 
85,김태근,23두RF, 0.25 , 55 , 9 , 25 , 36.0 , 0.25 , 1 , 100.0 , 1 , 50.0 , 2 , 66.7 , 0 , 0.0 , 0 ,  , 0 , 0.0 , 2 , 50.0 , 1 , 100.0 , 0 , 7 , 50.0 , 0 , 0 , 0.00 
86,신준우,23키SS, 0.25 , 19 , 4 , 8 , 50.0 , 0.25 , 0 , 0.0 , 0 ,  , 0 ,  , 0 ,  , 0 ,  , 1 , 50.0 , 1 , 100.0 , 0 , 0.0 , 0 , 2 , 40.0 , 0 , 0 , 0.00 
87,강민성,23K3B, 0.24 , 27 , 2 , 9 , 22.2 , 0.24 , 0 ,  , 0 ,  , 0 ,  , 0 ,  , 0 ,  , 0 ,  , 1 , 100.0 , 1 , 100.0 , 0 , 2 , 100.0 , 1 , 0 , 0.00 
88,김재상,23삼, 0.24 , 22 , 1 , 8 , 0.0 , 0.24 , 0 , 0.0 , 0 , 0.0 , 0 ,  , 0 ,  , 0 ,  , 1 , 100.0 , 0 ,  , 0 ,  , 0 , 1 , 33.3 , 0 , 0 , 0.00 
89,최보성,23N3B, 0.23 , 21 , 2 , 7 , 28.6 , 0.23 , 0 , 0.0 , 2 , 100.0 , 0 ,  , 0 ,  , 0 ,  , 1 , 50.0 , 0 ,  , 0 ,  , 0 , 3 , 60.0 , 1 , 0 , 0.00 
90,한승택,23KC, 0.22 , 104 , 6 , 32 , 18.8 , 0.22 , 1 , 14.3 , 5 , 71.4 , 0 ,  , 0 , 0.0 , 0 , 0.0 , 1 , 16.7 , 2 , 100.0 , 0 ,  , 0 , 9 , 37.5 , -1 , 0 , 0.00 
91,김민성,23L2B, 0.22 , 316 , 34 , 108 , 24.1 , 0.22 , 2 , 50.0 , 5 , 62.5 , 1 , 33.3 , 0 , 0.0 , 3 , 100.0 , 4 , 23.5 , 4 , 57.1 , 1 , 25.0 , 1 , 21 , 42.0 , -1 , 2 , 4.00 
92,김민석,23롯CF, 0.21 , 454 , 53 , 166 , 30.1 , 0.21 , 3 , 15.0 , 6 , 60.0 , 3 , 75.0 , 1 , 16.7 , 6 , 100.0 , 3 , 12.5 , 16 , 69.6 , 0 , 0.0 , 0 , 38 , 40.0 , -5 , 3 , 3.16 
93,장준원,23KSS, 0.21 , 104 , 10 , 38 , 23.7 , 0.21 , 0 , 0.0 , 3 , 75.0 , 0 ,  , 0 , 0.0 , 1 , 100.0 , 0 , 0.0 , 3 , 60.0 , 0 ,  , 0 , 7 , 31.8 , -4 , 0 , 0.00 
94,윌리엄스,23한LF, 0.21 , 273 , 29 , 89 , 22.5 , 0.21 , 1 , 9.1 , 2 , 40.0 , 2 , 66.7 , 1 , 14.3 , 1 , 100.0 , 1 , 11.1 , 1 , 16.7 , 2 , 66.7 , 0 , 11 , 24.4 , -12 , 1 , 2.22 
95,이병규,23키1B, 0.21 , 17 , 3 , 6 , 50.0 , 0.21 , 0 ,  , 0 ,  , 0 ,  , 0 ,  , 0 ,  , 0 , 0.0 , 0 ,  , 1 , 100.0 , 0 , 1 , 50.0 , 0 , 0 , 0.00 
96,장운호,23한RF, 0.21 , 11 , 1 , 4 , 25.0 , 0.21 , 0 ,  , 0 , 0.0 , 0 ,  , 0 ,  , 0 ,  , 0 ,  , 0 ,  , 1 , 100.0 , 0 , 1 , 50.0 , 0 , 0 , 0.00 
97,박정우,23KRF, 0.20 , 12 , 2 , 13 , 15.4 , 0.20 , 1 , 50.0 , 0 , 0.0 , 0 , 0.0 , 0 , 0.0 , 0 ,  , 1 , 50.0 , 0 ,  , 1 , 50.0 , 0 , 3 , 33.3 , -1 , 0 , 0.00 
98,김민혁,23두1B, 0.20 , 36 , 2 , 12 , 16.7 , 0.20 , 0 , 0.0 , 1 , 100.0 , 0 ,  , 0 ,  , 0 ,  , 0 , 0.0 , 0 , 0.0 , 1 , 100.0 , 0 , 2 , 40.0 , 0 , 0 , 0.00 
99,김찬형,23S3B, 0.20 , 53 , 6 , 22 , 22.7 , 0.20 , 1 , 50.0 , 1 , 100.0 , 0 ,  , 0 ,  , 0 ,  , 0 , 0.0 , 1 , 33.3 , 0 ,  , 0 , 3 , 33.3 , -1 , 0 , 0.00 
100,김범석,23L1B, 0.20 , 29 , 3 , 6 , 33.3 , 0.20 , 0 ,  , 0 ,  , 1 , 100.0 , 0 ,  , 0 ,  , 1 , 100.0 , 0 ,  , 0 ,  , 0 , 2 , 100.0 , 1 , 0 , 0.00 
101,오태곤,23S1B, 0.19 , 305 , 37 , 114 , 26.3 , 0.19 , 4 , 57.1 , 5 , 55.6 , 3 , 100.0 , 2 , 40.0 , 5 , 83.3 , 2 , 15.4 , 4 , 80.0 , 1 , 50.0 , 1 , 27 , 52.9 , 5 , 2 , 3.92 
102,최상민,23SCF, 0.19 , 41 , 5 , 32 , 15.6 , 0.19 , 3 , 37.5 , 2 , 100.0 , 0 , 0.0 , 0 , 0.0 , 1 , 100.0 , 2 , 50.0 , 1 , 50.0 , 1 , 100.0 , 0 , 10 , 50.0 , 2 , 1 , 5.00 
103,전민재,23두3B, 0.18 , 18 , 3 , 11 , 27.3 , 0.18 , 1 , 100.0 , 3 , 100.0 , 0 ,  , 0 , 0.0 , 0 ,  , 1 , 50.0 , 1 , 100.0 , 0 , 0.0 , 0 , 6 , 66.7 , 1 , 0 , 0.00 
104,최준우,23S2B, 0.17 , 69 , 5 , 30 , 16.7 , 0.17 , 0 , 0.0 , 1 , 50.0 , 0 ,  , 0 ,  , 0 ,  , 0 , 0.0 , 2 , 100.0 , 0 ,  , 0 , 3 , 25.0 , -2 , 0 , 0.00 
105,손호영,23LSS, 0.16 , 45 , 8 , 18 , 38.9 , 0.16 , 0 , 0.0 , 0 ,  , 1 , 100.0 , 0 ,  , 1 , 50.0 , 1 , 33.3 , 0 ,  , 0 , 0.0 , 0 , 3 , 37.5 , 1 , 0 , 0.00 
106,김동엽,23삼DH, 0.16 , 182 , 20 , 68 , 22.1 , 0.16 , 2 , 22.2 , 3 , 75.0 , 2 , 100.0 , 0 ,  , 0 , 0.0 , 4 , 33.3 , 5 , 55.6 , 1 , 50.0 , 1 , 18 , 45.0 , 2 , 2 , 5.00 
107,김태진,23키3B, 0.16 , 212 , 17 , 85 , 20.0 , 0.16 , 3 , 30.0 , 2 , 40.0 , 0 , 0.0 , 2 , 40.0 , 2 , 100.0 , 4 , 28.6 , 3 , 75.0 , 0 ,  , 0 , 16 , 38.1 , -3 , 2 , 4.76 
108,한준수,23KC, 0.15 , 94 , 9 , 31 , 22.6 , 0.15 , 0 , 0.0 , 0 ,  , 0 ,  , 0 ,  , 0 ,  , 1 , 20.0 , 2 , 66.7 , 0 , 0.0 , 0 , 3 , 27.3 , -1 , 0 , 0.00 
109,이상호,23K2B, 0.14 , 60 , 15 , 46 , 32.6 , 0.14 , 0 , 0.0 , 4 , 80.0 , 1 , 100.0 , 1 , 100.0 , 1 , 100.0 , 0 , 0.0 , 1 , 100.0 , 1 , 50.0 , 0 , 9 , 42.9 , 0 , 1 , 4.76 
110,권광민,23한LF, 0.14 , 81 , 11 , 27 , 33.3 , 0.14 , 0 , 0.0 , 1 , 100.0 , 0 ,  , 0 ,  , 0 ,  , 1 , 25.0 , 2 , 50.0 , 0 , 0.0 , 0 , 4 , 33.3 , -1 , 0 , 0.00 
111,유로결,23한RF, 0.13 , 53 , 5 , 17 , 29.4 , 0.13 , 0 , 0.0 , 1 , 50.0 , 0 ,  , 0 ,  , 0 ,  , 0 , 0.0 , 3 , 100.0 , 0 ,  , 1 , 5 , 41.7 , 0 , 0 , 0.00 
112,손민석,23K2B, 0.13 , 12 , 2 , 6 , 33.3 , 0.13 , 0 ,  , 0 ,  , 0 ,  , 0 , 0.0 , 0 ,  , 1 , 100.0 , 0 ,  , 0 ,  , 0 , 1 , 50.0 , 0 , 0 , 0.00 
113,신성현,23두1B, 0.13 , 15 , 1 , 4 , 25.0 , 0.13 , 1 , 100.0 , 0 ,  , 0 ,  , 0 ,  , 0 ,  , 0 ,  , 1 , 50.0 , 0 ,  , 0 , 2 , 66.7 , 0 , 0 , 0.00 
114,박준태,23키RF, 0.12 , 15 , 0 , 8 , 0.0 , 0.12 , 0 , 0.0 , 0 ,  , 0 ,  , 1 , 100.0 , 0 ,  , 0 , 0.0 , 0 ,  , 0 ,  , 0 , 1 , 20.0 , -1 , 0 , 0.00 
115,박주찬,23N3B, 0.12 , 14 , 1 , 3 , 33.3 , 0.12 , 0 , 0.0 , 0 ,  , 0 ,  , 0 ,  , 0 ,  , 1 , 100.0 , 0 ,  , 0 , 0.0 , 0 , 1 , 33.3 , 0 , 0 , 0.00 
116,허도환,23LC, 0.11 , 81 , 8 , 20 , 30.0 , 0.11 , 0 ,  , 1 , 50.0 , 1 , 100.0 , 0 , 0.0 , 0 ,  , 0 , 0.0 , 1 , 33.3 , 0 ,  , 0 , 3 , 27.3 , -4 , 0 , 0.00 
117,오장한,23NRF, 0.11 , 8 , 2 , 3 , 66.7 , 0.11 , 1 , 100.0 , 0 ,  , 0 ,  , 0 ,  , 0 ,  , 0 ,  , 1 , 100.0 , 0 ,  , 0 , 2 , 100.0 , 1 , 0 , 0.00 
118,전의산,23S1B, 0.11 , 153 , 11 , 46 , 15.2 , 0.11 , 2 , 25.0 , 2 , 66.7 , 0 ,  , 0 , 0.0 , 0 ,  , 0 , 0.0 , 1 , 50.0 , 0 ,  , 0 , 5 , 22.7 , -8 , 0 , 0.00 
119,박민석,23KSS, 0.10 , 4 , 1 , 3 , 33.3 , 0.10 , 0 ,  , 0 , 0.0 , 0 ,  , 0 ,  , 0 ,  , 0 ,  , 1 , 100.0 , 0 ,  , 0 , 1 , 50.0 , 0 , 0 , 0.00 
120,정대선,23롯2B, 0.08 , 47 , 5 , 16 , 31.3 , 0.08 , 0 , 0.0 , 0 , 0.0 , 2 , 66.7 , 0 , 0.0 , 0 , 0.0 , 1 , 33.3 , 2 , 50.0 , 0 , 0.0 , 0 , 5 , 29.4 , -3 , 0 , 0.00 
121,이병헌,23삼C, 0.07 , 33 , 3 , 9 , 33.3 , 0.07 , 0 , 0.0 , 0 ,  , 0 ,  , 0 ,  , 0 ,  , 0 , 0.0 , 1 , 100.0 , 0 ,  , 0 , 1 , 20.0 , -1 , 0 , 0.00 
122,장두성,23롯CF, 0.07 , 15 , 7 , 18 , 38.9 , 0.07 , 0 , 0.0 , 1 , 100.0 , 0 ,  , 0 , 0.0 , 0 ,  , 2 , 40.0 , 3 , 100.0 , 0 ,  , 0 , 6 , 54.5 , 1 , 1 , 9.09 
123,강준서,23삼LF, 0.07 , 15 , 2 , 7 , 28.6 , 0.07 , 1 , 50.0 , 1 , 100.0 , 0 ,  , 0 ,  , 0 ,  , 0 , 0.0 , 1 , 100.0 , 0 ,  , 0 , 3 , 60.0 , 1 , 0 , 0.00 
124,김주원,23NSS, 0.07 , 474 , 56 , 166 , 27.7 , 0.07 , 7 , 29.2 , 12 , 60.0 , 4 , 50.0 , 1 , 16.7 , 0 ,  , 10 , 35.7 , 8 , 80.0 , 6 , 75.0 , 0 , 48 , 46.2 , 1 , 6 , 5.77 
125,이해승,23삼3B, 0.06 , 4 , 0 , 5 , 0.0 , 0.06 , 0 , 0.0 , 0 , 0.0 , 0 , 0.0 , 0 ,  , 0 ,  , 0 , 0.0 , 0 ,  , 0 ,  , 0 , 0 , 0.0 , -2 , 0 , 0.00 
126,김수윤,23N3B, 0.06 , 15 , 0 , 5 , 0.0 , 0.06 , 0 , 0.0 , 0 ,  , 0 ,  , 0 ,  , 0 ,  , 0 ,  , 0 ,  , 0 ,  , 0 , 0 , 0.0 , -1 , 0 , 0.00 
127,김건,23한DH, 0.06 , 12 , 1 , 3 , 33.3 , 0.06 , 1 , 100.0 , 0 ,  , 0 ,  , 0 , 0.0 , 0 ,  , 0 , 0.0 , 1 , 100.0 , 0 ,  , 0 , 2 , 50.0 , 0 , 0 , 0.00 
128,허경민,23두3B, 0.05 , 475 , 44 , 165 , 22.4 , 0.05 , 4 , 19.1 , 5 , 62.5 , 1 , 25.0 , 2 , 25.0 , 4 , 100.0 , 4 , 23.5 , 8 , 53.3 , 2 , 66.7 , 0 , 30 , 37.5 , -8 , 3 , 3.75 
129,김건희,23키1B, 0.05 , 13 , 0 , 4 , 0.0 , 0.05 , 0 ,  , 0 ,  , 0 ,  , 0 ,  , 0 ,  , 0 ,  , 0 ,  , 0 ,  , 0 , 0 ,  , 0 , 0 ,  
130,서호철,23N3B, 0.04 , 435 , 50 , 171 , 26.3 , 0.04 , 3 , 15.8 , 14 , 53.9 , 0 , 0.0 , 1 , 25.0 , 3 , 75.0 , 4 , 15.4 , 6 , 60.0 , 3 , 42.9 , 0 , 34 , 34.3 , -10 , 3 , 3.03 
131,최정원,23N2B, 0.04 , 56 , 12 , 30 , 40.0 , 0.04 , 0 , 0.0 , 1 , 50.0 , 2 , 100.0 , 0 , 0.0 , 2 , 100.0 , 1 , 25.0 , 3 , 100.0 , 1 , 100.0 , 0 , 10 , 58.8 , 3 , 1 , 5.88 
132,김민수,23롯3B, 0.03 , 51 , 4 , 17 , 23.5 , 0.03 , 0 , 0.0 , 0 ,  , 2 , 100.0 , 0 , 0.0 , 0 ,  , 0 , 0.0 , 1 , 100.0 , 0 ,  , 0 , 3 , 37.5 , -1 , 0 , 0.00 
133,김병휘,23키2B, 0.03 , 21 , 0 , 3 , 0.0 , 0.03 , 0 ,  , 0 ,  , 0 ,  , 0 , 0.0 , 0 ,  , 0 ,  , 0 ,  , 0 ,  , 0 , 0 , 0.0 , -1 , 0 , 0.00 
,김태훈,23삼LF, 0.03 , 22 , 0 , 3 , 0.0 , 0.03 , 1 , 100.0 , 0 ,  , 0 ,  , 0 ,  , 0 ,  , 0 ,  , 0 ,  , 0 ,  , 0 , 1 , 100.0 , 1 , 0 , 0.00 
135,이흥련,23SC, 0.03 , 17 , 1 , 3 , 0.0 , 0.03 , 0 ,  , 0 ,  , 0 ,  , 0 ,  , 0 ,  , 0 ,  , 0 ,  , 0 ,  , 0 , 0 ,  , 0 , 0 ,  
136,유상빈,23한DH, 0.03 , 8 , 1 , 2 , 50.0 , 0.03 , 1 , 100.0 , 0 ,  , 0 ,  , 0 ,  , 0 ,  , 0 ,  , 0 ,  , 0 ,  , 0 , 1 , 100.0 , 1 , 0 , 0.00 
137,윤수녕,23롯RF, 0.02 , 4 , 0 , 2 , 0.0 , 0.02 , 0 , 0.0 , 0 ,  , 0 ,  , 0 ,  , 0 ,  , 0 ,  , 0 ,  , 0 ,  , 0 , 0 , 0.0 , -1 , 0 , 0.00 
138,이상혁,23한CF, 0.02 , 2 , 0 , 5 , 0.0 , 0.02 , 0 , 0.0 , 0 ,  , 0 ,  , 0 ,  , 0 ,  , 0 , 0.0 , 0 ,  , 0 ,  , 0 , 0 , 0.0 , -1 , 0 , 0.00 
139,박준영,23두3B, 0.02 , 138 , 16 , 45 , 26.7 , 0.02 , 2 , 28.6 , 4 , 66.7 , 0 ,  , 0 , 0.0 , 0 ,  , 0 , 0.0 , 1 , 25.0 , 1 , 100.0 , 0 , 8 , 33.3 , -5 , 0 , 0.00 
140,최승민,23LCF, 0.02 , 15 , 10 , 30 , 33.3 , 0.02 , 4 , 57.1 , 3 , 75.0 , 1 , 50.0 , 2 , 50.0 , 0 ,  , 1 , 25.0 , 1 , 100.0 , 0 ,  , 0 , 12 , 54.5 , 0 , 1 , 4.55 
141,예진원,23키LF, 0.01 , 36 , 2 , 11 , 9.1 , 0.01 , 0 , 0.0 , 1 , 100.0 , 0 ,  , 0 ,  , 1 , 100.0 , 0 , 0.0 , 0 , 0.0 , 0 ,  , 0 , 2 , 33.3 , 0 , 0 , 0.00 
142,이정훈,23롯DH, 0.01 , 171 , 17 , 71 , 22.5 , 0.01 , 3 , 33.3 , 2 , 66.7 , 1 , 100.0 , 0 , 0.0 , 0 ,  , 4 , 28.6 , 1 , 16.7 , 1 , 50.0 , 0 , 12 , 33.3 , -3 , 1 , 2.78 
143,송재선,23키RF, 0.01 , 3 , 0 , 2 , 0.0 , 0.01 , 0 ,  , 0 ,  , 0 ,  , 0 ,  , 0 ,  , 0 ,  , 0 ,  , 0 ,  , 0 , 0 ,  , 0 , 0 ,  
144,오선우,23K1B, 0.01 , 31 , 2 , 11 , 0.0 , 0.01 , 0 , 0.0 , 0 ,  , 0 ,  , 0 ,  , 0 ,  , 0 , 0.0 , 0 , 0.0 , 0 ,  , 0 , 0 , 0.0 , -2 , 0 , 0.00 
145,김정민,23SRF, 0.00 , 2 , 1 , 3 , 33.3 , 0.00 , 0 ,  , 1 , 100.0 , 1 , 100.0 , 0 ,  , 0 ,  , 0 , 0.0 , 0 ,  , 0 ,  , 0 , 2 , 66.7 , 1 , 0 , 0.00 
146,국해성,23롯DH, 0.00 , 10 , 0 , 4 , 0.0 , 0.00 , 0 ,  , 0 ,  , 0 ,  , 0 ,  , 0 ,  , 0 , 0.0 , 0 ,  , 0 ,  , 0 , 0 , 0.0 , 0 , 1 , 100.00 
147,이천웅,23L, 0.00 , 3 , 0 , 3 , 0.0 , 0.00 , 0 ,  , 0 ,  , 0 ,  , 0 ,  , 0 ,  , 0 ,  , 0 ,  , 0 ,  , 1 , 1 , 100.0 , 1 , 0 , 0.00 
,조현진,23NSS, 0.00 , 5 , 0 , 3 , 0.0 , 0.00 , 1 , 50.0 , 0 ,  , 0 ,  , 0 ,  , 0 ,  , 0 ,  , 0 ,  , 0 ,  , 0 , 1 , 50.0 , 0 , 0 , 0.00 
,서예일,23두2B, 0.00 , 10 , 2 , 3 , 66.7 , 0.00 , 0 ,  , 0 , 0.0 , 0 ,  , 0 ,  , 0 ,  , 0 ,  , 0 ,  , 0 ,  , 0 , 0 , 0.0 , -1 , 0 , 0.00 
150,이민준,23한SS, 0.00 , 2 , 0 , 2 , 0.0 , 0.00 , 0 ,  , 0 ,  , 0 ,  , 0 ,  , 0 ,  , 0 ,  , 0 ,  , 0 ,  , 0 , 0 ,  , 0 , 0 ,  
,송준석,23삼LF, 0.00 , 8 , 0 , 2 , 0.0 , 0.00 , 0 , 0.0 , 0 ,  , 0 ,  , 0 ,  , 0 ,  , 0 ,  , 0 ,  , 0 ,  , 0 , 0 , 0.0 , 0 , 0 , 0.00 
152,문상인,23KC, 0.00 , 1 , 0 , 1 , 0.0 , 0.00 , 0 ,  , 0 ,  , 0 ,  , 0 ,  , 0 ,  , 0 ,  , 0 ,  , 0 ,  , 0 , 0 ,  , 0 , 0 ,  
,채현우,23S, 0.00 , 0 , 1 , 1 , 100.0 , 0.00 , 0 ,  , 0 ,  , 0 ,  , 0 ,  , 0 ,  , 0 ,  , 0 ,  , 0 ,  , 0 , 0 ,  , 0 , 0 ,  
,류효승,23SDH, 0.00 , 4 , 0 , 1 , 0.0 , 0.00 , 0 ,  , 0 ,  , 0 ,  , 0 ,  , 0 ,  , 0 ,  , 0 ,  , 0 ,  , 0 , 0 ,  , 0 , 0 ,  
,김선우,23KC, 0.00 , 7 , 0 , 1 , 0.0 , 0.00 , 0 ,  , 0 ,  , 0 ,  , 0 ,  , 0 ,  , 0 ,  , 0 ,  , 0 ,  , 0 , 0 ,  , 0 , 0 ,  
,송대현,23LSS, 0.00 , 3 , 0 , 1 , 0.0 , 0.00 , 0 ,  , 0 ,  , 0 ,  , 0 ,  , 0 ,  , 0 ,  , 0 ,  , 0 ,  , 0 , 0 ,  , 0 , 0 ,  
,지시완,23롯C, 0.00 , 10 , 0 , 1 , 0.0 , 0.00 , 0 ,  , 0 ,  , 0 ,  , 0 ,  , 0 ,  , 0 ,  , 0 ,  , 0 ,  , 0 , 0 ,  , 0 , 0 ,  
,김헌곤,23삼, 0.00 , 4 , 0 , 1 , 0.0 , 0.00 , 0 ,  , 0 ,  , 0 ,  , 0 ,  , 0 ,  , 0 ,  , 0 ,  , 0 ,  , 0 , 0 ,  , 0 , 0 ,  
,김병희,23K3B, 0.00 , 9 , 0 , 1 , 0.0 , 0.00 , 0 ,  , 0 ,  , 0 ,  , 0 ,  , 0 ,  , 0 ,  , 0 ,  , 0 ,  , 0 , 0 ,  , 0 , 0 ,  
160,박형준,23롯, 0.00 , 1 , 0 , 0 ,  , 0.00 , 0 ,  , 0 ,  , 0 ,  , 0 ,  , 0 ,  , 0 ,  , 0 ,  , 0 ,  , 0 , 0 ,  , 0 , 0 ,  
,하준호,23KP, 0.00 , 0 , 0 , 0 ,  , 0.00 , 0 ,  , 0 ,  , 0 ,  , 0 ,  , 0 ,  , 0 ,  , 0 ,  , 0 ,  , 0 , 0 ,  , 0 , 0 ,  
,박상원,23한P, 0.00 , 0 , 0 , 0 ,  , 0.00 , 0 ,  , 0 ,  , 0 ,  , 0 ,  , 0 ,  , 0 ,  , 0 ,  , 0 ,  , 0 , 0 ,  , 0 , 0 ,  
,정해영,23KP, 0.00 , 0 , 0 , 0 ,  , 0.00 , 0 ,  , 0 ,  , 0 ,  , 0 ,  , 0 ,  , 0 ,  , 0 ,  , 0 ,  , 0 , 0 ,  , 0 , 0 ,  
,정철원,23두P, 0.00 , 0 , 0 , 0 ,  , 0.00 , 0 ,  , 0 ,  , 0 ,  , 0 ,  , 0 ,  , 0 ,  , 0 ,  , 0 ,  , 0 , 0 ,  , 0 , 0 ,  
,최민준,23SP, 0.00 , 0 , 0 , 0 ,  , 0.00 , 0 ,  , 0 ,  , 0 ,  , 0 ,  , 0 ,  , 0 ,  , 0 ,  , 0 ,  , 0 , 0 ,  , 0 , 0 ,  
,채지선,23LP, 0.00 , 0 , 0 , 0 ,  , 0.00 , 0 ,  , 0 ,  , 0 ,  , 0 ,  , 0 ,  , 0 ,  , 0 ,  , 0 ,  , 0 , 0 ,  , 0 , 0 ,  
,박신지,23두P, 0.00 , 0 , 0 , 0 ,  , 0.00 , 0 ,  , 0 ,  , 0 ,  , 0 ,  , 0 ,  , 0 ,  , 0 ,  , 0 ,  , 0 , 0 ,  , 0 , 0 ,  
,황동하,23KP, 0.00 , 0 , 0 , 0 ,  , 0.00 , 0 ,  , 0 ,  , 0 ,  , 0 ,  , 0 ,  , 0 ,  , 0 ,  , 0 ,  , 0 , 0 ,  , 0 , 0 ,  
,양현,23키P, 0.00 , 0 , 0 , 0 ,  , 0.00 , 0 ,  , 0 ,  , 0 ,  , 0 ,  , 0 ,  , 0 ,  , 0 ,  , 0 ,  , 0 , 0 ,  , 0 , 0 ,  
,서진용,23SP, 0.00 , 0 , 0 , 0 ,  , 0.00 , 0 ,  , 0 ,  , 0 ,  , 0 ,  , 0 ,  , 0 ,  , 0 ,  , 0 ,  , 0 , 0 ,  , 0 , 0 ,  
,김시훈,23NP, 0.00 , 0 , 0 , 0 ,  , 0.00 , 0 ,  , 0 ,  , 0 ,  , 0 ,  , 0 ,  , 0 ,  , 0 ,  , 0 ,  , 0 , 0 ,  , 0 , 0 ,  
,임준섭,23SP, 0.00 , 0 , 0 , 0 ,  , 0.00 , 0 ,  , 0 ,  , 0 ,  , 0 ,  , 0 ,  , 0 ,  , 0 ,  , 0 ,  , 0 , 0 ,  , 0 , 0 ,  
,김재윤,23KP, 0.00 , 0 , 0 , 0 ,  , 0.00 , 0 ,  , 0 ,  , 0 ,  , 0 ,  , 0 ,  , 0 ,  , 0 ,  , 0 ,  , 0 , 0 ,  , 0 , 0 ,  
,이선우,23KP, 0.00 , 0 , 0 , 0 ,  , 0.00 , 0 ,  , 0 ,  , 0 ,  , 0 ,  , 0 ,  , 0 ,  , 0 ,  , 0 ,  , 0 , 0 ,  , 0 , 0 ,  
,최영환,23롯P, 0.00 , 0 , 0 , 0 ,  , 0.00 , 0 ,  , 0 ,  , 0 ,  , 0 ,  , 0 ,  , 0 ,  , 0 ,  , 0 ,  , 0 , 0 ,  , 0 , 0 ,  
,고효준,23SP, 0.00 , 0 , 0 , 0 ,  , 0.00 , 0 ,  , 0 ,  , 0 ,  , 0 ,  , 0 ,  , 0 ,  , 0 ,  , 0 ,  , 0 , 0 ,  , 0 , 0 ,  
,오석주,23LP, 0.00 , 0 , 0 , 0 ,  , 0.00 , 0 ,  , 0 ,  , 0 ,  , 0 ,  , 0 ,  , 0 ,  , 0 ,  , 0 ,  , 0 , 0 ,  , 0 , 0 ,  
,김재웅,23키P, 0.00 , 0 , 0 , 0 ,  , 0.00 , 0 ,  , 0 ,  , 0 ,  , 0 ,  , 0 ,  , 0 ,  , 0 ,  , 0 ,  , 0 , 0 ,  , 0 , 0 ,  
,김민규,23두P, 0.00 , 0 , 0 , 0 ,  , 0.00 , 0 ,  , 0 ,  , 0 ,  , 0 ,  , 0 ,  , 0 ,  , 0 ,  , 0 ,  , 0 , 0 ,  , 0 , 0 ,  
,이상동,23KP, 0.00 , 0 , 0 , 0 ,  , 0.00 , 0 ,  , 0 ,  , 0 ,  , 0 ,  , 0 ,  , 0 ,  , 0 ,  , 0 ,  , 0 , 0 ,  , 0 , 0 ,  
,이용찬,23NP, 0.00 , 0 , 0 , 0 ,  , 0.00 , 0 ,  , 0 ,  , 0 ,  , 0 ,  , 0 ,  , 0 ,  , 0 ,  , 0 ,  , 0 , 0 ,  , 0 , 0 ,  
,김상수,23롯P, 0.00 , 0 , 0 , 0 ,  , 0.00 , 0 ,  , 0 ,  , 0 ,  , 0 ,  , 0 ,  , 0 ,  , 0 ,  , 0 ,  , 0 , 0 ,  , 0 , 0 ,  
,박영현,23KP, 0.00 , 0 , 0 , 0 ,  , 0.00 , 0 ,  , 0 ,  , 0 ,  , 0 ,  , 0 ,  , 0 ,  , 0 ,  , 0 ,  , 0 , 0 ,  , 0 , 0 ,  
,박명근,23LP, 0.00 , 0 , 0 , 0 ,  , 0.00 , 0 ,  , 0 ,  , 0 ,  , 0 ,  , 0 ,  , 0 ,  , 0 ,  , 0 ,  , 0 , 0 ,  , 0 , 0 ,  
,윤정현,23키P, 0.00 , 0 , 0 , 0 ,  , 0.00 , 0 ,  , 0 ,  , 0 ,  , 0 ,  , 0 ,  , 0 ,  , 0 ,  , 0 ,  , 0 , 0 ,  , 0 , 0 ,  
,임창민,23키P, 0.00 , 0 , 0 , 0 ,  , 0.00 , 0 ,  , 0 ,  , 0 ,  , 0 ,  , 0 ,  , 0 ,  , 0 ,  , 0 ,  , 0 , 0 ,  , 0 , 0 ,  
,한재승,23NP, 0.00 , 0 , 0 , 0 ,  , 0.00 , 0 ,  , 0 ,  , 0 ,  , 0 ,  , 0 ,  , 0 ,  , 0 ,  , 0 ,  , 0 , 0 ,  , 0 , 0 ,  
,홍건희,23두P, 0.00 , 0 , 0 , 0 ,  , 0.00 , 0 ,  , 0 ,  , 0 ,  , 0 ,  , 0 ,  , 0 ,  , 0 ,  , 0 ,  , 0 , 0 ,  , 0 , 0 ,  
,박준표,23KP, 0.00 , 0 , 0 , 0 ,  , 0.00 , 0 ,  , 0 ,  , 0 ,  , 0 ,  , 0 ,  , 0 ,  , 0 ,  , 0 ,  , 0 , 0 ,  , 0 , 0 ,  
,이형범,23두P, 0.00 , 0 , 0 , 0 ,  , 0.00 , 0 ,  , 0 ,  , 0 ,  , 0 ,  , 0 ,  , 0 ,  , 0 ,  , 0 ,  , 0 , 0 ,  , 0 , 0 ,  
,김준형,23키P, 0.00 , 0 , 0 , 0 ,  , 0.00 , 0 ,  , 0 ,  , 0 ,  , 0 ,  , 0 ,  , 0 ,  , 0 ,  , 0 ,  , 0 , 0 ,  , 0 , 0 ,  
,윤중현,23KP, 0.00 , 0 , 0 , 0 ,  , 0.00 , 0 ,  , 0 ,  , 0 ,  , 0 ,  , 0 ,  , 0 ,  , 0 ,  , 0 ,  , 0 , 0 ,  , 0 , 0 ,  
,김성진,23키P, 0.00 , 0 , 0 , 0 ,  , 0.00 , 0 ,  , 0 ,  , 0 ,  , 0 ,  , 0 ,  , 0 ,  , 0 ,  , 0 ,  , 0 , 0 ,  , 0 , 0 ,  
,김원중,23롯P, 0.00 , 0 , 0 , 0 ,  , 0.00 , 0 ,  , 0 ,  , 0 ,  , 0 ,  , 0 ,  , 0 ,  , 0 ,  , 0 ,  , 0 , 0 ,  , 0 , 0 ,  
,김선기,23키P, 0.00 , 0 , 0 , 0 ,  , 0.00 , 0 ,  , 0 ,  , 0 ,  , 0 ,  , 0 ,  , 0 ,  , 0 ,  , 0 ,  , 0 , 0 ,  , 0 , 0 ,  
,김대현,23LP, 0.00 , 0 , 0 , 0 ,  , 0.00 , 0 ,  , 0 ,  , 0 ,  , 0 ,  , 0 ,  , 0 ,  , 0 ,  , 0 ,  , 0 , 0 ,  , 0 , 0 ,  
,김태훈,23삼P, 0.00 , 0 , 0 , 0 ,  , 0.00 , 0 ,  , 0 ,  , 0 ,  , 0 ,  , 0 ,  , 0 ,  , 0 ,  , 0 ,  , 0 , 0 ,  , 0 , 0 ,  
,이태양,23한P, 0.00 , 0 , 0 , 0 ,  , 0.00 , 0 ,  , 0 ,  , 0 ,  , 0 ,  , 0 ,  , 0 ,  , 0 ,  , 0 ,  , 0 , 0 ,  , 0 , 0 ,  
,백승건,23SP, 0.00 , 0 , 0 , 0 ,  , 0.00 , 0 ,  , 0 ,  , 0 ,  , 0 ,  , 0 ,  , 0 ,  , 0 ,  , 0 ,  , 0 , 0 ,  , 0 , 0 ,  
,최동환,23LP, 0.00 , 0 , 0 , 0 ,  , 0.00 , 0 ,  , 0 ,  , 0 ,  , 0 ,  , 0 ,  , 0 ,  , 0 ,  , 0 ,  , 0 , 0 ,  , 0 , 0 ,  
,김동규,23LP, 0.00 , 0 , 0 , 0 ,  , 0.00 , 0 ,  , 0 ,  , 0 ,  , 0 ,  , 0 ,  , 0 ,  , 0 ,  , 0 ,  , 0 , 0 ,  , 0 , 0 ,  
,하영민,23키P, 0.00 , 0 , 0 , 0 ,  , 0.00 , 0 ,  , 0 ,  , 0 ,  , 0 ,  , 0 ,  , 0 ,  , 0 ,  , 0 ,  , 0 , 0 ,  , 0 , 0 ,  
,강재민,23한P, 0.00 , 0 , 0 , 0 ,  , 0.00 , 0 ,  , 0 ,  , 0 ,  , 0 ,  , 0 ,  , 0 ,  , 0 ,  , 0 ,  , 0 , 0 ,  , 0 , 0 ,  
,원종현,23키P, 0.00 , 0 , 0 , 0 ,  , 0.00 , 0 ,  , 0 ,  , 0 ,  , 0 ,  , 0 ,  , 0 ,  , 0 ,  , 0 ,  , 0 , 0 ,  , 0 , 0 ,  
,후라도,23키P, 0.00 , 0 , 0 , 0 ,  , 0.00 , 0 ,  , 0 ,  , 0 ,  , 0 ,  , 0 ,  , 0 ,  , 0 ,  , 0 ,  , 0 , 0 ,  , 0 , 0 ,  
,이채호,23KP, 0.00 , 0 , 0 , 0 ,  , 0.00 , 0 ,  , 0 ,  , 0 ,  , 0 ,  , 0 ,  , 0 ,  , 0 ,  , 0 ,  , 0 , 0 ,  , 0 , 0 ,  
,이재익,23삼P, 0.00 , 0 , 0 , 0 ,  , 0.00 , 0 ,  , 0 ,  , 0 ,  , 0 ,  , 0 ,  , 0 ,  , 0 ,  , 0 ,  , 0 , 0 ,  , 0 , 0 ,  
,문승원,23SP, 0.00 , 0 , 0 , 0 ,  , 0.00 , 0 ,  , 0 ,  , 0 ,  , 0 ,  , 0 ,  , 0 ,  , 0 ,  , 0 ,  , 0 , 0 ,  , 0 , 0 ,  
,김민,23KP, 0.00 , 0 , 0 , 0 ,  , 0.00 , 0 ,  , 0 ,  , 0 ,  , 0 ,  , 0 ,  , 0 ,  , 0 ,  , 0 ,  , 0 , 0 ,  , 0 , 0 ,  
,김서준,23삼P, 0.00 , 0 , 0 , 0 ,  , 0.00 , 0 ,  , 0 ,  , 0 ,  , 0 ,  , 0 ,  , 0 ,  , 0 ,  , 0 ,  , 0 , 0 ,  , 0 , 0 ,  
,이건욱,23SP, 0.00 , 0 , 0 , 0 ,  , 0.00 , 0 ,  , 0 ,  , 0 ,  , 0 ,  , 0 ,  , 0 ,  , 0 ,  , 0 ,  , 0 , 0 ,  , 0 , 0 ,  
,박정수,23두P, 0.00 , 0 , 0 , 0 ,  , 0.00 , 0 ,  , 0 ,  , 0 ,  , 0 ,  , 0 ,  , 0 ,  , 0 ,  , 0 ,  , 0 , 0 ,  , 0 , 0 ,  
,박치국,23두P, 0.00 , 0 , 0 , 0 ,  , 0.00 , 0 ,  , 0 ,  , 0 ,  , 0 ,  , 0 ,  , 0 ,  , 0 ,  , 0 ,  , 0 , 0 ,  , 0 , 0 ,  
,이승현,23삼P, 0.00 , 0 , 0 , 0 ,  , 0.00 , 0 ,  , 0 ,  , 0 ,  , 0 ,  , 0 ,  , 0 ,  , 0 ,  , 0 ,  , 0 , 0 ,  , 0 , 0 ,  
,김영현,23KP, 0.00 , 0 , 0 , 0 ,  , 0.00 , 0 ,  , 0 ,  , 0 ,  , 0 ,  , 0 ,  , 0 ,  , 0 ,  , 0 ,  , 0 , 0 ,  , 0 , 0 ,  
,김기훈,23KP, 0.00 , 0 , 0 , 0 ,  , 0.00 , 0 ,  , 0 ,  , 0 ,  , 0 ,  , 0 ,  , 0 ,  , 0 ,  , 0 ,  , 0 , 0 ,  , 0 , 0 ,  
,노경은,23SP, 0.00 , 0 , 0 , 0 ,  , 0.00 , 0 ,  , 0 ,  , 0 ,  , 0 ,  , 0 ,  , 0 ,  , 0 ,  , 0 ,  , 0 , 0 ,  , 0 , 0 ,  
,고우석,23LP, 0.00 , 0 , 0 , 0 ,  , 0.00 , 0 ,  , 0 ,  , 0 ,  , 0 ,  , 0 ,  , 0 ,  , 0 ,  , 0 ,  , 0 , 0 ,  , 0 , 0 ,  
,오승환,23삼P, 0.00 , 0 , 0 , 0 ,  , 0.00 , 0 ,  , 0 ,  , 0 ,  , 0 ,  , 0 ,  , 0 ,  , 0 ,  , 0 ,  , 0 , 0 ,  , 0 , 0 ,  
,이승현,23삼P, 0.00 , 0 , 0 , 0 ,  , 0.00 , 0 ,  , 0 ,  , 0 ,  , 0 ,  , 0 ,  , 0 ,  , 0 ,  , 0 ,  , 0 , 0 ,  , 0 , 0 ,  
,문성현,23키P, 0.00 , 0 , 0 , 0 ,  , 0.00 , 0 ,  , 0 ,  , 0 ,  , 0 ,  , 0 ,  , 0 ,  , 0 ,  , 0 ,  , 0 , 0 ,  , 0 , 0 ,  
,김대우,23삼P, 0.00 , 0 , 0 , 0 ,  , 0.00 , 0 ,  , 0 ,  , 0 ,  , 0 ,  , 0 ,  , 0 ,  , 0 ,  , 0 ,  , 0 , 0 ,  , 0 , 0 ,  
,최승용,23두P, 0.00 , 0 , 0 , 0 ,  , 0.00 , 0 ,  , 0 ,  , 0 ,  , 0 ,  , 0 ,  , 0 ,  , 0 ,  , 0 ,  , 0 , 0 ,  , 0 , 0 ,  
,이정용,23LP, 0.00 , 0 , 0 , 0 ,  , 0.00 , 0 ,  , 0 ,  , 0 ,  , 0 ,  , 0 ,  , 0 ,  , 0 ,  , 0 ,  , 0 , 0 ,  , 0 , 0 ,  
,정우람,23한P, 0.00 , 0 , 0 , 0 ,  , 0.00 , 0 ,  , 0 ,  , 0 ,  , 0 ,  , 0 ,  , 0 ,  , 0 ,  , 0 ,  , 0 , 0 ,  , 0 , 0 ,  
,김정우,23두P, 0.00 , 0 , 0 , 0 ,  , 0.00 , 0 ,  , 0 ,  , 0 ,  , 0 ,  , 0 ,  , 0 ,  , 0 ,  , 0 ,  , 0 , 0 ,  , 0 , 0 ,  
,김서현,23한P, 0.00 , 0 , 0 , 0 ,  , 0.00 , 0 ,  , 0 ,  , 0 ,  , 0 ,  , 0 ,  , 0 ,  , 0 ,  , 0 ,  , 0 , 0 ,  , 0 , 0 ,  
,류진욱,23NP, 0.00 , 0 , 0 , 0 ,  , 0.00 , 0 ,  , 0 ,  , 0 ,  , 0 ,  , 0 ,  , 0 ,  , 0 ,  , 0 ,  , 0 , 0 ,  , 0 , 0 ,  
,박준영,23한P, 0.00 , 0 , 0 , 0 ,  , 0.00 , 0 ,  , 0 ,  , 0 ,  , 0 ,  , 0 ,  , 0 ,  , 0 ,  , 0 ,  , 0 , 0 ,  , 0 , 0 ,  
,김동혁,23키P, 0.00 , 0 , 0 , 0 ,  , 0.00 , 0 ,  , 0 ,  , 0 ,  , 0 ,  , 0 ,  , 0 ,  , 0 ,  , 0 ,  , 0 , 0 ,  , 0 , 0 ,  
,이명종,23키P, 0.00 , 0 , 0 , 0 ,  , 0.00 , 0 ,  , 0 ,  , 0 ,  , 0 ,  , 0 ,  , 0 ,  , 0 ,  , 0 ,  , 0 , 0 ,  , 0 , 0 ,  
,윤대경,23한P, 0.00 , 0 , 0 , 0 ,  , 0.00 , 0 ,  , 0 ,  , 0 ,  , 0 ,  , 0 ,  , 0 ,  , 0 ,  , 0 ,  , 0 , 0 ,  , 0 , 0 ,  
,김민수,23삼C, 0.00 , 1 , 0 , 0 ,  , 0.00 , 0 ,  , 0 ,  , 0 ,  , 0 ,  , 0 ,  , 0 ,  , 0 ,  , 0 ,  , 0 , 0 ,  , 0 , 0 ,  
,윤도현,23K3B, 0.00 , 1 , 0 , 0 ,  , 0.00 , 0 ,  , 0 ,  , 0 ,  , 0 ,  , 0 ,  , 0 ,  , 0 ,  , 0 ,  , 0 , 0 ,  , 0 , 0 ,  
,전사민,23NP, 0.00 , 1 , 0 , 0 ,  , 0.00 , 0 ,  , 0 ,  , 0 ,  , 0 ,  , 0 ,  , 0 ,  , 0 ,  , 0 ,  , 0 , 0 ,  , 0 , 0 ,  
,이상민,23삼P, 0.00 , 1 , 0 , 0 ,  , 0.00 , 0 ,  , 0 ,  , 0 ,  , 0 ,  , 0 ,  , 0 ,  , 0 ,  , 0 ,  , 0 , 0 ,  , 0 , 0 ,  
,전준호,23LC, 0.00 , 1 , 0 , 0 ,  , 0.00 , 0 ,  , 0 ,  , 0 ,  , 0 ,  , 0 ,  , 0 ,  , 0 ,  , 0 ,  , 0 , 0 ,  , 0 , 0 ,  
,권민석,23두SS, 0.00 , 2 , 0 , 0 ,  , 0.00 , 0 ,  , 0 ,  , 0 ,  , 0 ,  , 0 ,  , 0 ,  , 0 ,  , 0 ,  , 0 , 0 ,  , 0 , 0 ,  
,고명준,23S1B, 0.00 , 4 , 0 , 0 ,  , 0.00 , 0 ,  , 0 ,  , 0 ,  , 0 ,  , 0 ,  , 0 ,  , 0 ,  , 0 ,  , 0 , 0 ,  , 0 , 0 ,  
,김건웅,23S1B, 0.00 , 3 , 0 , 0 ,  , 0.00 , 0 ,  , 0 ,  , 0 ,  , 0 ,  , 0 ,  , 0 ,  , 0 ,  , 0 ,  , 0 , 0 ,  , 0 , 0 ,  
,장지승,23한, 0.00 , 3 , 0 , 0 ,  , 0.00 , 0 ,  , 0 ,  , 0 ,  , 0 ,  , 0 ,  , 0 ,  , 0 ,  , 0 ,  , 0 , 0 ,  , 0 , 0 ,  
,이승원,23키SS, 0.00 , 5 , 0 , 0 ,  , 0.00 , 0 ,  , 0 ,  , 0 ,  , 0 ,  , 0 ,  , 0 ,  , 0 ,  , 0 ,  , 0 , 0 ,  , 0 , 0 ,  
243,주효상,23KC, -0.02 , 36 , 2 , 6 , 33.3 , -0.02 , 0 , 0.0 , 0 , 0.0 , 0 ,  , 0 ,  , 0 ,  , 0 , 0.0 , 0 ,  , 0 ,  , 0 , 0 , 0.0 , -1 , 0 , 0.00 
244,박대온,23NC, -0.02 , 6 , 2 , 3 , 66.7 , -0.02 , 0 , 0.0 , 1 , 100.0 , 0 ,  , 0 ,  , 0 ,  , 0 , 0.0 , 1 , 100.0 , 0 ,  , 0 , 2 , 50.0 , 0 , 0 , 0.00 
245,박유연,23두C, -0.02 , 16 , 3 , 5 , 60.0 , -0.02 , 0 ,  , 0 ,  , 0 ,  , 0 , 0.0 , 1 , 100.0 , 1 , 100.0 , 0 , 0.0 , 0 ,  , 0 , 2 , 50.0 , 0 , 0 , 0.00 
246,김형준,23NC, -0.02 , 82 , 10 , 26 , 15.4 , -0.02 , 0 , 0.0 , 0 ,  , 0 ,  , 0 , 0.0 , 0 ,  , 1 , 33.3 , 1 , 33.3 , 0 ,  , 0 , 2 , 16.7 , -4 , 0 , 0.00 
247,장성우,23KC, -0.02 , 464 , 37 , 170 , 15.3 , -0.02 , 4 , 16.7 , 9 , 52.9 , 5 , 71.4 , 0 , 0.0 , 1 , 50.0 , 4 , 12.9 , 5 , 45.5 , 0 , 0.0 , 0 , 28 , 28.9 , -13 , 1 , 1.03 
248,이명기,23한DH, -0.04 , 42 , 2 , 12 , 16.7 , -0.04 , 0 ,  , 0 ,  , 0 ,  , 0 ,  , 0 ,  , 1 , 33.3 , 0 ,  , 0 , 0.0 , 0 , 1 , 25.0 , 0 , 0 , 0.00 
249,이정범,23SDH, -0.04 , 33 , 2 , 9 , 22.2 , -0.04 , 1 , 100.0 , 1 , 100.0 , 0 ,  , 0 ,  , 0 ,  , 0 , 0.0 , 0 , 0.0 , 0 ,  , 0 , 2 , 40.0 , 0 , 0 , 0.00 
250,오지환,23LSS, -0.06 , 502 , 65 , 194 , 29.4 , -0.06 , 6 , 37.5 , 8 , 50.0 , 3 , 42.9 , 2 , 40.0 , 5 , 83.3 , 10 , 41.7 , 15 , 83.3 , 5 , 55.6 , 4 , 58 , 55.2 , 13 , 7 , 6.67 
251,강승호,23두2B, -0.06 , 458 , 51 , 174 , 25.3 , -0.06 , 7 , 46.7 , 5 , 62.5 , 4 , 50.0 , 5 , 41.7 , 1 , 16.7 , 12 , 48.0 , 1 , 16.7 , 3 , 37.5 , 3 , 41 , 45.1 , 0 , 4 , 4.40 
252,정보근,23롯C, -0.06 , 101 , 11 , 46 , 21.7 , -0.06 , 1 , 20.0 , 1 , 50.0 , 0 ,  , 0 , 0.0 , 3 , 100.0 , 3 , 37.5 , 2 , 40.0 , 0 , 0.0 , 0 , 10 , 37.0 , -2 , 0 , 0.00 
253,김석환,23K1B, -0.06 , 26 , 1 , 6 , 16.7 , -0.06 , 0 , 0.0 , 0 ,  , 0 ,  , 0 ,  , 0 ,  , 0 , 0.0 , 0 ,  , 0 ,  , 0 , 0 , 0.0 , -1 , 0 , 0.00 
254,박한결,23NLF, -0.07 , 18 , 3 , 8 , 25.0 , -0.07 , 0 ,  , 0 ,  , 0 ,  , 0 ,  , 1 , 100.0 , 0 , 0.0 , 1 , 50.0 , 0 ,  , 0 , 2 , 40.0 , 0 , 0 , 0.00 
255,문상준,23K2B, -0.08 , 5 , 1 , 1 , 100.0 , -0.08 , 0 ,  , 1 , 100.0 , 0 ,  , 0 ,  , 0 ,  , 0 , 0.0 , 0 ,  , 0 ,  , 0 , 1 , 50.0 , 0 , 0 , 0.00 
256,서동욱,23롯RF, -0.08 , 20 , 2 , 5 , 40.0 , -0.08 , 0 , 0.0 , 0 ,  , 0 ,  , 0 ,  , 0 ,  , 0 ,  , 0 , 0.0 , 0 ,  , 0 , 0 , 0.0 , -1 , 0 , 0.00 
257,이학주,23롯SS, -0.08 , 122 , 22 , 64 , 29.7 , -0.08 , 4 , 36.4 , 3 , 60.0 , 0 , 0.0 , 2 , 50.0 , 2 , 66.7 , 1 , 12.5 , 4 , 57.1 , 1 , 25.0 , 0 , 17 , 39.5 , -3 , 1 , 2.33 
258,송승환,23두LF, -0.10 , 76 , 10 , 27 , 37.0 , -0.10 , 1 , 50.0 , 0 , 0.0 , 1 , 33.3 , 0 ,  , 2 , 100.0 , 2 , 40.0 , 3 , 60.0 , 0 , 0.0 , 0 , 9 , 47.4 , 1 , 1 , 5.26 
259,이시원,23KRF, -0.11 , 32 , 4 , 16 , 25.0 , -0.11 , 0 ,  , 0 ,  , 0 ,  , 0 , 0.0 , 0 ,  , 1 , 50.0 , 1 , 100.0 , 0 ,  , 0 , 2 , 50.0 , 0 , 1 , 25.00 
260,허관회,23한C, -0.12 , 7 , 1 , 1 , 100.0 , -0.12 , 0 ,  , 1 , 100.0 , 0 ,  , 0 ,  , 0 , 0.0 , 0 ,  , 0 ,  , 0 ,  , 0 , 1 , 50.0 , 0 , 0 , 0.00 
261,전병우,23키1B, -0.12 , 75 , 6 , 29 , 17.2 , -0.12 , 1 , 50.0 , 1 , 50.0 , 0 , 0.0 , 0 , 0.0 , 0 ,  , 2 , 22.2 , 2 , 50.0 , 0 ,  , 0 , 6 , 31.6 , -2 , 0 , 0.00 
262,김병준,23KCF, -0.13 , 2 , 0 , 2 , 0.0 , -0.13 , 1 , 100.0 , 0 ,  , 0 ,  , 0 , 0.0 , 0 ,  , 0 ,  , 0 ,  , 0 ,  , 0 , 1 , 50.0 , 0 , 0 , 0.00 
263,안재석,23두SS, -0.13 , 68 , 8 , 22 , 31.8 , -0.13 , 1 , 50.0 , 1 , 33.3 , 0 ,  , 0 ,  , 0 , 0.0 , 2 , 66.7 , 1 , 50.0 , 1 , 100.0 , 0 , 6 , 50.0 , 1 , 1 , 8.33 
264,이태훈,23삼1B, -0.14 , 14 , 1 , 7 , 14.3 , -0.14 , 0 ,  , 0 , 0.0 , 0 ,  , 0 ,  , 0 ,  , 0 , 0.0 , 0 , 0.0 , 0 ,  , 0 , 0 , 0.0 , -2 , 0 , 0.00 
265,김준태,23KC, -0.14 , 136 , 10 , 54 , 13.0 , -0.14 , 1 , 16.7 , 1 , 50.0 , 0 , 0.0 , 0 ,  , 0 ,  , 0 , 0.0 , 3 , 75.0 , 0 , 0.0 , 0 , 5 , 26.3 , -3 , 1 , 5.26 
266,송민섭,23KCF, -0.14 , 25 , 6 , 23 , 26.1 , -0.14 , 0 ,  , 2 , 100.0 , 0 ,  , 0 ,  , 0 ,  , 0 , 0.0 , 0 ,  , 2 , 100.0 , 0 , 4 , 66.7 , 1 , 1 , 16.67 
267,이성곤,23한DH, -0.15 , 16 , 2 , 5 , 40.0 , -0.15 , 0 ,  , 1 , 50.0 , 0 ,  , 0 ,  , 0 ,  , 0 , 0.0 , 1 , 50.0 , 0 ,  , 0 , 2 , 28.6 , -1 , 0 , 0.00 
268,노수광,23한LF, -0.17 , 94 , 6 , 35 , 17.1 , -0.17 , 3 , 75.0 , 0 , 0.0 , 0 , 0.0 , 1 , 50.0 , 0 ,  , 2 , 33.3 , 1 , 50.0 , 0 ,  , 0 , 7 , 43.8 , -1 , 1 , 6.25 
269,이재원,23SC, -0.18 , 48 , 3 , 6 , 50.0 , -0.18 , 1 , 100.0 , 1 , 100.0 , 0 ,  , 0 , 0.0 , 0 ,  , 0 , 0.0 , 1 , 50.0 , 0 ,  , 0 , 3 , 37.5 , -1 , 0 , 0.00 
270,오영수,23N1B, -0.19 , 238 , 21 , 82 , 20.7 , -0.19 , 0 , 0.0 , 5 , 62.5 , 2 , 66.7 , 2 , 50.0 , 1 , 100.0 , 3 , 25.0 , 3 , 75.0 , 0 , 0.0 , 0 , 16 , 41.0 , -3 , 3 , 7.69 
271,이유찬,23두2B, -0.19 , 239 , 31 , 105 , 28.6 , -0.19 , 3 , 23.1 , 6 , 100.0 , 2 , 100.0 , 2 , 50.0 , 5 , 71.4 , 3 , 42.9 , 8 , 72.7 , 0 , 0.0 , 0 , 29 , 55.8 , 6 , 3 , 5.77 
272,이재용,23한C, -0.20 , 2 , 1 , 3 , 33.3 , -0.20 , 0 ,  , 0 ,  , 0 ,  , 0 ,  , 0 ,  , 0 , 0.0 , 0 , 0.0 , 0 ,  , 0 , 0 , 0.0 , -1 , 0 , 0.00 
273,박영빈,23NDH, -0.20 , 17 , 11 , 30 , 36.7 , -0.20 , 0 , 0.0 , 2 , 100.0 , 0 ,  , 1 , 100.0 , 2 , 100.0 , 2 , 33.3 , 3 , 100.0 , 1 , 100.0 , 0 , 11 , 61.1 , 4 , 2 , 11.11 
274,박상언,23한C, -0.22 , 161 , 13 , 50 , 24.0 , -0.22 , 2 , 50.0 , 2 , 66.7 , 2 , 100.0 , 1 , 100.0 , 1 , 100.0 , 1 , 25.0 , 0 , 0.0 , 3 , 75.0 , 1 , 13 , 61.9 , 4 , 2 , 9.52 
275,김도환,23삼C, -0.22 , 8 , 0 , 3 , 0.0 , -0.22 , 0 , 0.0 , 0 , 0.0 , 0 ,  , 0 , 0.0 , 0 ,  , 0 , 0.0 , 0 ,  , 0 ,  , 0 , 0 , 0.0 , -4 , 0 , 0.00 
276,강진성,23두S1B, -0.23 , 145 , 10 , 47 , 14.9 , -0.23 , 3 , 60.0 , 1 , 50.0 , 0 , 0.0 , 0 , 0.0 , 1 , 50.0 , 2 , 16.7 , 1 , 33.3 , 0 ,  , 0 , 8 , 26.7 , -6 , 0 , 0.00 
277,김강민,23SCF, -0.25 , 166 , 20 , 64 , 28.1 , -0.25 , 2 , 18.2 , 1 , 50.0 , 1 , 50.0 , 1 , 50.0 , 0 ,  , 3 , 37.5 , 5 , 62.5 , 3 , 60.0 , 0 , 16 , 42.1 , -1 , 2 , 5.26 
278,추신수,23SDH, -0.26 , 462 , 65 , 186 , 28.5 , -0.26 , 12 , 44.4 , 11 , 84.6 , 6 , 66.7 , 5 , 41.7 , 6 , 85.7 , 5 , 20.0 , 10 , 62.5 , 2 , 18.2 , 2 , 59 , 48.4 , 3 , 4 , 3.28 
279,안주형,23삼2B, -0.28 , 91 , 12 , 47 , 23.4 , -0.28 , 2 , 28.6 , 1 , 100.0 , 1 , 100.0 , 0 , 0.0 , 4 , 100.0 , 3 , 33.3 , 2 , 50.0 , 0 , 0.0 , 0 , 13 , 43.3 , 1 , 2 , 6.67 
280,이진영,23한RF, -0.30 , 422 , 57 , 171 , 27.5 , -0.30 , 6 , 40.0 , 7 , 50.0 , 1 , 20.0 , 3 , 60.0 , 4 , 100.0 , 3 , 14.3 , 15 , 65.2 , 4 , 66.7 , 0 , 43 , 46.2 , -1 , 4 , 4.30 
281,류승민,23삼RF, -0.30 , 57 , 5 , 17 , 29.4 , -0.30 , 1 , 33.3 , 2 , 100.0 , 0 ,  , 1 , 100.0 , 1 , 100.0 , 0 , 0.0 , 1 , 50.0 , 0 ,  , 0 , 6 , 50.0 , 1 , 1 , 8.33 
282,안승한,23두C, -0.31 , 27 , 1 , 10 , 10.0 , -0.31 , 0 , 0.0 , 0 ,  , 0 ,  , 0 , 0.0 , 0 , 0.0 , 0 , 0.0 , 0 ,  , 0 , 0.0 , 0 , 0 , 0.0 , -4 , 0 , 0.00 
283,이용규,23키LF, -0.33 , 178 , 19 , 64 , 29.7 , -0.33 , 3 , 50.0 , 5 , 83.3 , 1 , 50.0 , 1 , 33.3 , 2 , 100.0 , 2 , 15.4 , 3 , 100.0 , 3 , 50.0 , 1 , 21 , 50.0 , 3 , 2 , 4.76 
284,박대온,23NC, -0.34 , 27 , 4 , 9 , 44.4 , -0.34 , 0 , 0.0 , 0 ,  , 1 , 50.0 , 0 ,  , 1 , 100.0 , 0 , 0.0 , 0 , 0.0 , 0 ,  , 0 , 2 , 18.2 , -3 , 0 , 0.00 
285,주성원,23키RF, -0.34 , 72 , 7 , 17 , 41.2 , -0.34 , 0 , 0.0 , 0 , 0.0 , 0 ,  , 0 , 0.0 , 1 , 100.0 , 1 , 33.3 , 2 , 66.7 , 0 ,  , 0 , 4 , 28.6 , -4 , 1 , 7.14 
286,김태연,23한RF, -0.35 , 280 , 25 , 103 , 20.4 , -0.35 , 2 , 20.0 , 4 , 50.0 , 3 , 75.0 , 4 , 50.0 , 2 , 66.7 , 7 , 35.0 , 1 , 33.3 , 2 , 100.0 , 0 , 25 , 43.1 , -2 , 3 , 5.17 
287,박주홍,23키1B, -0.35 , 57 , 5 , 15 , 33.3 , -0.35 , 2 , 66.7 , 0 , 0.0 , 0 , 0.0 , 0 ,  , 0 ,  , 0 , 0.0 , 0 ,  , 0 ,  , 0 , 2 , 33.3 , 0 , 1 , 16.67 
288,조형우,23SC, -0.37 , 133 , 9 , 41 , 17.1 , -0.37 , 1 , 20.0 , 1 , 100.0 , 0 ,  , 0 , 0.0 , 0 , 0.0 , 0 , 0.0 , 2 , 66.7 , 1 , 100.0 , 0 , 5 , 29.4 , -3 , 1 , 5.88 
289,김재호,23두SS, -0.40 , 302 , 32 , 117 , 24.8 , -0.40 , 3 , 16.7 , 7 , 87.5 , 3 , 100.0 , 3 , 37.5 , 2 , 100.0 , 2 , 10.0 , 4 , 50.0 , 2 , 40.0 , 0 , 26 , 36.1 , -8 , 2 , 2.78 
290,최정,23S3B, -0.40 , 552 , 94 , 225 , 28.9 , -0.40 , 4 , 15.4 , 8 , 61.5 , 1 , 25.0 , 1 , 8.3 , 8 , 100.0 , 6 , 14.6 , 17 , 81.0 , 5 , 62.5 , 0 , 50 , 37.6 , -9 , 6 , 4.51 
291,오태양,23NCF, -0.40 , 3 , 4 , 12 , 33.3 , -0.40 , 0 ,  , 0 , 0.0 , 0 ,  , 0 ,  , 0 ,  , 1 , 50.0 , 0 , 0.0 , 0 ,  , 0 , 1 , 20.0 , -1 , 1 , 20.00 
292,노진혁,23롯SS, -0.41 , 390 , 43 , 149 , 26.2 , -0.41 , 2 , 13.3 , 9 , 60.0 , 3 , 75.0 , 3 , 60.0 , 3 , 100.0 , 2 , 8.7 , 5 , 35.7 , 1 , 33.3 , 1 , 29 , 34.9 , -9 , 2 , 2.41 
293,황대인,23K1B, -0.43 , 199 , 19 , 60 , 23.3 , -0.43 , 3 , 60.0 , 4 , 66.7 , 0 , 0.0 , 0 , 0.0 , 1 , 50.0 , 1 , 6.7 , 3 , 60.0 , 0 ,  , 0 , 12 , 34.3 , -2 , 1 , 2.86 
